INFO:     Will watch for changes in these directories: ['/Users/ns632@apac.comcast.com/Documents/v0_photo_proof/photo_proof_api']
INFO:     Uvicorn running on http://0.0.0.0:8000 (Press CTRL+C to quit)
INFO:     Started reloader process [2098] using WatchFiles
2025-11-27 13:42:23 | INFO | app.main | ✅ Tenant detection middleware enabled
2025-11-27 13:42:23 | INFO | app.main | Application initialized
2025-11-27 13:42:23 | INFO | uvicorn.error | Started server process [2130]
2025-11-27 13:42:23 | INFO | uvicorn.error | Waiting for application startup.
2025-11-27 13:42:23 | INFO | uvicorn.error | Application startup complete.
2025-11-27 13:42:24 | DEBUG | app.middleware.tenant | Skipping tenant detection for OPTIONS request
2025-11-27 13:42:24 | DEBUG | app.middleware.tenant | Skipping tenant detection for OPTIONS request
2025-11-27 13:42:24 | INFO | uvicorn.access | 127.0.0.1:50348 - "OPTIONS /api/projects/6/folders?folder_name=few_qwerty HTTP/1.1" 200
2025-11-27 13:42:24 | DEBUG | app.middleware.tenant | Skipping tenant detection for OPTIONS request
2025-11-27 13:42:24 | DEBUG | app.middleware.tenant | Skipping tenant detection for OPTIONS request
2025-11-27 13:42:24 | INFO | uvicorn.access | 127.0.0.1:50350 - "OPTIONS /api/projects/6/folders?folder_name=few_qwerty HTTP/1.1" 200
2025-11-27 13:42:24 | DEBUG | app.middleware.tenant | Skipping tenant detection for OPTIONS request
2025-11-27 13:42:24 | INFO | uvicorn.access | 127.0.0.1:50352 - "OPTIONS /api/projects/6/folders?folder_name=few_qwerty HTTP/1.1" 200
2025-11-27 13:42:24 | DEBUG | app.middleware.tenant | Detecting studio from host: localhost
2025-11-27 13:42:24 | INFO | app.middleware.tenant | 🔧 Development mode: Using 'demo' studio for localhost
2025-11-27 13:42:25 | INFO | app.middleware.tenant | ✅ Found demo studio for localhost: Demo Photography Studio
2025-11-27 13:42:25 | DEBUG | app.middleware.tenant | 📍 Request for studio: Demo Photography Studio (24cf1e21-d52c-4808-bb8a-bd382f52865b)
2025-11-27 13:42:25 | INFO | uvicorn.access | 127.0.0.1:50354 - "OPTIONS /api/projects/6/folders?folder_name=few_qwerty HTTP/1.1" 200
2025-11-27 13:42:25 | INFO | uvicorn.access | 127.0.0.1:50356 - "OPTIONS /api/projects/6/folders?folder_name=few_qwerty HTTP/1.1" 200
2025-11-27 13:42:25 | DEBUG | app.middleware.tenant | Detecting studio from host: localhost
2025-11-27 13:42:25 | INFO | app.middleware.tenant | 🔧 Development mode: Using 'demo' studio for localhost
2025-11-27 13:42:25 | INFO | app.middleware.tenant | ✅ Found demo studio for localhost: Demo Photography Studio
2025-11-27 13:42:25 | DEBUG | app.middleware.tenant | 📍 Request for studio: Demo Photography Studio (24cf1e21-d52c-4808-bb8a-bd382f52865b)
2025-11-27 13:42:25 | DEBUG | app.middleware.tenant | Detecting studio from host: localhost
2025-11-27 13:42:25 | DEBUG | app.db.session | Database session opened
2025-11-27 13:42:25 | INFO | app.middleware.tenant | 🔧 Development mode: Using 'demo' studio for localhost
2025-11-27 13:42:25 | INFO | app.middleware.tenant | ✅ Found demo studio for localhost: Demo Photography Studio
2025-11-27 13:42:25 | DEBUG | app.middleware.tenant | 📍 Request for studio: Demo Photography Studio (24cf1e21-d52c-4808-bb8a-bd382f52865b)
2025-11-27 13:42:25 | DEBUG | app.middleware.tenant | Detecting studio from host: localhost
2025-11-27 13:42:25 | INFO | app.middleware.tenant | 🔧 Development mode: Using 'demo' studio for localhost
2025-11-27 13:42:25 | INFO | app.middleware.tenant | ✅ Found demo studio for localhost: Demo Photography Studio
2025-11-27 13:42:25 | DEBUG | app.middleware.tenant | 📍 Request for studio: Demo Photography Studio (24cf1e21-d52c-4808-bb8a-bd382f52865b)
2025-11-27 13:42:25 | DEBUG | app.middleware.tenant | Detecting studio from host: localhost
2025-11-27 13:42:25 | DEBUG | app.db.session | Database session opened
2025-11-27 13:42:25 | INFO | app.middleware.tenant | 🔧 Development mode: Using 'demo' studio for localhost
2025-11-27 13:42:25 | INFO | app.middleware.tenant | ✅ Found demo studio for localhost: Demo Photography Studio
2025-11-27 13:42:25 | DEBUG | app.middleware.tenant | 📍 Request for studio: Demo Photography Studio (24cf1e21-d52c-4808-bb8a-bd382f52865b)
2025-11-27 13:42:25 | DEBUG | app.db.session | Database session opened
2025-11-27 13:42:25 | INFO | app.core.dependencies | Auth check - Cookie: False, Header: True
2025-11-27 13:42:25 | INFO | app.core.dependencies | Using token from Authorization header
2025-11-27 13:42:25 | DEBUG | app.db.session | Database session opened
2025-11-27 13:42:25 | DEBUG | app.db.session | Database session opened
2025-11-27 13:42:25 | INFO | app.core.dependencies | Auth check - Cookie: False, Header: True
2025-11-27 13:42:25 | INFO | app.core.dependencies | Auth check - Cookie: False, Header: True
2025-11-27 13:42:25 | INFO | app.core.dependencies | Auth check - Cookie: False, Header: True
2025-11-27 13:42:25 | INFO | app.core.dependencies | Using token from Authorization header
2025-11-27 13:42:25 | INFO | app.core.dependencies | Auth check - Cookie: False, Header: True
2025-11-27 13:42:25 | INFO | app.core.dependencies | Using token from Authorization header
2025-11-27 13:42:25 | INFO | app.core.dependencies | Using token from Authorization header
2025-11-27 13:42:25 | INFO | app.core.dependencies | Using token from Authorization header
2025-11-27 13:42:25 | DEBUG | app.core.dependencies | Resolving current user for request
2025-11-27 13:42:25 | DEBUG | app.core.dependencies | Resolving current user for request
2025-11-27 13:42:25 | DEBUG | app.core.dependencies | Resolving current user for request
2025-11-27 13:42:25 | DEBUG | app.core.dependencies | Resolving current user for request
2025-11-27 13:42:25 | DEBUG | app.core.dependencies | Resolving current user for request
2025-11-27 13:42:25 | DEBUG | app.core.dependencies | Current user resolved
2025-11-27 13:42:25 | DEBUG | app.core.dependencies | Current user resolved
2025-11-27 13:42:25 | DEBUG | app.core.dependencies | Current user resolved
2025-11-27 13:42:25 | DEBUG | app.core.dependencies | Current user resolved
2025-11-27 13:42:25 | DEBUG | app.core.dependencies | Current user resolved
2025-11-27 13:42:25 | DEBUG | app.api.v1.projects | Creating folder
2025-11-27 13:42:25 | DEBUG | app.api.v1.projects | Creating folder
2025-11-27 13:42:25 | DEBUG | app.api.v1.projects | Creating folder
2025-11-27 13:42:25 | DEBUG | app.api.v1.projects | Creating folder
2025-11-27 13:42:25 | DEBUG | app.api.v1.projects | Creating folder
2025-11-27 13:42:25 | INFO | app.api.v1.projects | Folder created
2025-11-27 13:42:25 | ERROR | app.db.session | Database session rolled back due to exception
Traceback (most recent call last):
  File "/Users/ns632@apac.comcast.com/Documents/v0_photo_proof/photo_proof_api/venv/lib/python3.13/site-packages/sqlalchemy/engine/base.py", line 1967, in _exec_single_context
    self.dialect.do_execute(
    ~~~~~~~~~~~~~~~~~~~~~~~^
        cursor, str_statement, effective_parameters, context
        ^^^^^^^^^^^^^^^^^^^^^^^^^^^^^^^^^^^^^^^^^^^^^^^^^^^^
    )
    ^
  File "/Users/ns632@apac.comcast.com/Documents/v0_photo_proof/photo_proof_api/venv/lib/python3.13/site-packages/sqlalchemy/engine/default.py", line 951, in do_execute
    cursor.execute(statement, parameters)
    ~~~~~~~~~~~~~~^^^^^^^^^^^^^^^^^^^^^^^
psycopg2.errors.UniqueViolation: duplicate key value violates unique constraint "idx_folders_project_name_unique"
DETAIL:  Key (project_id, lower(name::text))=(6, few_qwerty) already exists.


The above exception was the direct cause of the following exception:

Traceback (most recent call last):
  File "/Users/ns632@apac.comcast.com/Documents/v0_photo_proof/photo_proof_api/app/db/session.py", line 54, in get_db
    yield db
  File "/Users/ns632@apac.comcast.com/Documents/v0_photo_proof/photo_proof_api/venv/lib/python3.13/site-packages/fastapi/concurrency.py", line 27, in contextmanager_in_threadpool
    yield await run_in_threadpool(cm.__enter__)
  File "/Users/ns632@apac.comcast.com/Documents/v0_photo_proof/photo_proof_api/venv/lib/python3.13/site-packages/fastapi/routing.py", line 109, in app
    response = await f(request)
               ^^^^^^^^^^^^^^^^
  File "/Users/ns632@apac.comcast.com/Documents/v0_photo_proof/photo_proof_api/venv/lib/python3.13/site-packages/fastapi/routing.py", line 387, in app
    raw_response = await run_endpoint_function(
                   ^^^^^^^^^^^^^^^^^^^^^^^^^^^^
    ...<3 lines>...
    )
    ^
  File "/Users/ns632@apac.comcast.com/Documents/v0_photo_proof/photo_proof_api/venv/lib/python3.13/site-packages/fastapi/routing.py", line 290, in run_endpoint_function
    return await run_in_threadpool(dependant.call, **values)
           ^^^^^^^^^^^^^^^^^^^^^^^^^^^^^^^^^^^^^^^^^^^^^^^^^
  File "/Users/ns632@apac.comcast.com/Documents/v0_photo_proof/photo_proof_api/venv/lib/python3.13/site-packages/starlette/concurrency.py", line 38, in run_in_threadpool
    return await anyio.to_thread.run_sync(func)
           ^^^^^^^^^^^^^^^^^^^^^^^^^^^^^^^^^^^^
  File "/Users/ns632@apac.comcast.com/Documents/v0_photo_proof/photo_proof_api/venv/lib/python3.13/site-packages/anyio/to_thread.py", line 56, in run_sync
    return await get_async_backend().run_sync_in_worker_thread(
           ^^^^^^^^^^^^^^^^^^^^^^^^^^^^^^^^^^^^^^^^^^^^^^^^^^^^
        func, args, abandon_on_cancel=abandon_on_cancel, limiter=limiter
        ^^^^^^^^^^^^^^^^^^^^^^^^^^^^^^^^^^^^^^^^^^^^^^^^^^^^^^^^^^^^^^^^
    )
    ^
  File "/Users/ns632@apac.comcast.com/Documents/v0_photo_proof/photo_proof_api/venv/lib/python3.13/site-packages/anyio/_backends/_asyncio.py", line 2485, in run_sync_in_worker_thread
    return await future
           ^^^^^^^^^^^^
  File "/Users/ns632@apac.comcast.com/Documents/v0_photo_proof/photo_proof_api/venv/lib/python3.13/site-packages/anyio/_backends/_asyncio.py", line 976, in run
    result = context.run(func, *args)
  File "/Users/ns632@apac.comcast.com/Documents/v0_photo_proof/photo_proof_api/app/api/v1/projects.py", line 771, in create_project_folder
    db.commit()
    ~~~~~~~~~^^
  File "/Users/ns632@apac.comcast.com/Documents/v0_photo_proof/photo_proof_api/venv/lib/python3.13/site-packages/sqlalchemy/orm/session.py", line 2030, in commit
    trans.commit(_to_root=True)
    ~~~~~~~~~~~~^^^^^^^^^^^^^^^
  File "<string>", line 2, in commit
  File "/Users/ns632@apac.comcast.com/Documents/v0_photo_proof/photo_proof_api/venv/lib/python3.13/site-packages/sqlalchemy/orm/state_changes.py", line 137, in _go
    ret_value = fn(self, *arg, **kw)
  File "/Users/ns632@apac.comcast.com/Documents/v0_photo_proof/photo_proof_api/venv/lib/python3.13/site-packages/sqlalchemy/orm/session.py", line 1311, in commit
    self._prepare_impl()
    ~~~~~~~~~~~~~~~~~~^^
  File "<string>", line 2, in _prepare_impl
  File "/Users/ns632@apac.comcast.com/Documents/v0_photo_proof/photo_proof_api/venv/lib/python3.13/site-packages/sqlalchemy/orm/state_changes.py", line 137, in _go
    ret_value = fn(self, *arg, **kw)
  File "/Users/ns632@apac.comcast.com/Documents/v0_photo_proof/photo_proof_api/venv/lib/python3.13/site-packages/sqlalchemy/orm/session.py", line 1286, in _prepare_impl
    self.session.flush()
    ~~~~~~~~~~~~~~~~~~^^
  File "/Users/ns632@apac.comcast.com/Documents/v0_photo_proof/photo_proof_api/venv/lib/python3.13/site-packages/sqlalchemy/orm/session.py", line 4331, in flush
    self._flush(objects)
    ~~~~~~~~~~~^^^^^^^^^
  File "/Users/ns632@apac.comcast.com/Documents/v0_photo_proof/photo_proof_api/venv/lib/python3.13/site-packages/sqlalchemy/orm/session.py", line 4466, in _flush
    with util.safe_reraise():
         ~~~~~~~~~~~~~~~~~^^
  File "/Users/ns632@apac.comcast.com/Documents/v0_photo_proof/photo_proof_api/venv/lib/python3.13/site-packages/sqlalchemy/util/langhelpers.py", line 224, in __exit__
    raise exc_value.with_traceback(exc_tb)
  File "/Users/ns632@apac.comcast.com/Documents/v0_photo_proof/photo_proof_api/venv/lib/python3.13/site-packages/sqlalchemy/orm/session.py", line 4427, in _flush
    flush_context.execute()
    ~~~~~~~~~~~~~~~~~~~~~^^
  File "/Users/ns632@apac.comcast.com/Documents/v0_photo_proof/photo_proof_api/venv/lib/python3.13/site-packages/sqlalchemy/orm/unitofwork.py", line 466, in execute
    rec.execute(self)
    ~~~~~~~~~~~^^^^^^
  File "/Users/ns632@apac.comcast.com/Documents/v0_photo_proof/photo_proof_api/venv/lib/python3.13/site-packages/sqlalchemy/orm/unitofwork.py", line 642, in execute
    util.preloaded.orm_persistence.save_obj(
    ~~~~~~~~~~~~~~~~~~~~~~~~~~~~~~~~~~~~~~~^
        self.mapper,
        ^^^^^^^^^^^^
        uow.states_for_mapper_hierarchy(self.mapper, False, False),
        ^^^^^^^^^^^^^^^^^^^^^^^^^^^^^^^^^^^^^^^^^^^^^^^^^^^^^^^^^^^
        uow,
        ^^^^
    )
    ^
  File "/Users/ns632@apac.comcast.com/Documents/v0_photo_proof/photo_proof_api/venv/lib/python3.13/site-packages/sqlalchemy/orm/persistence.py", line 93, in save_obj
    _emit_insert_statements(
    ~~~~~~~~~~~~~~~~~~~~~~~^
        base_mapper,
        ^^^^^^^^^^^^
    ...<3 lines>...
        insert,
        ^^^^^^^
    )
    ^
  File "/Users/ns632@apac.comcast.com/Documents/v0_photo_proof/photo_proof_api/venv/lib/python3.13/site-packages/sqlalchemy/orm/persistence.py", line 1233, in _emit_insert_statements
    result = connection.execute(
        statement,
        params,
        execution_options=execution_options,
    )
  File "/Users/ns632@apac.comcast.com/Documents/v0_photo_proof/photo_proof_api/venv/lib/python3.13/site-packages/sqlalchemy/engine/base.py", line 1419, in execute
    return meth(
        self,
        distilled_parameters,
        execution_options or NO_OPTIONS,
    )
  File "/Users/ns632@apac.comcast.com/Documents/v0_photo_proof/photo_proof_api/venv/lib/python3.13/site-packages/sqlalchemy/sql/elements.py", line 526, in _execute_on_connection
    return connection._execute_clauseelement(
           ~~~~~~~~~~~~~~~~~~~~~~~~~~~~~~~~~^
        self, distilled_params, execution_options
        ^^^^^^^^^^^^^^^^^^^^^^^^^^^^^^^^^^^^^^^^^
    )
    ^
  File "/Users/ns632@apac.comcast.com/Documents/v0_photo_proof/photo_proof_api/venv/lib/python3.13/site-packages/sqlalchemy/engine/base.py", line 1641, in _execute_clauseelement
    ret = self._execute_context(
        dialect,
    ...<8 lines>...
        cache_hit=cache_hit,
    )
  File "/Users/ns632@apac.comcast.com/Documents/v0_photo_proof/photo_proof_api/venv/lib/python3.13/site-packages/sqlalchemy/engine/base.py", line 1846, in _execute_context
    return self._exec_single_context(
           ~~~~~~~~~~~~~~~~~~~~~~~~~^
        dialect, context, statement, parameters
        ^^^^^^^^^^^^^^^^^^^^^^^^^^^^^^^^^^^^^^^
    )
    ^
  File "/Users/ns632@apac.comcast.com/Documents/v0_photo_proof/photo_proof_api/venv/lib/python3.13/site-packages/sqlalchemy/engine/base.py", line 1986, in _exec_single_context
    self._handle_dbapi_exception(
    ~~~~~~~~~~~~~~~~~~~~~~~~~~~~^
        e, str_statement, effective_parameters, cursor, context
        ^^^^^^^^^^^^^^^^^^^^^^^^^^^^^^^^^^^^^^^^^^^^^^^^^^^^^^^
    )
    ^
  File "/Users/ns632@apac.comcast.com/Documents/v0_photo_proof/photo_proof_api/venv/lib/python3.13/site-packages/sqlalchemy/engine/base.py", line 2355, in _handle_dbapi_exception
    raise sqlalchemy_exception.with_traceback(exc_info[2]) from e
  File "/Users/ns632@apac.comcast.com/Documents/v0_photo_proof/photo_proof_api/venv/lib/python3.13/site-packages/sqlalchemy/engine/base.py", line 1967, in _exec_single_context
    self.dialect.do_execute(
    ~~~~~~~~~~~~~~~~~~~~~~~^
        cursor, str_statement, effective_parameters, context
        ^^^^^^^^^^^^^^^^^^^^^^^^^^^^^^^^^^^^^^^^^^^^^^^^^^^^
    )
    ^
  File "/Users/ns632@apac.comcast.com/Documents/v0_photo_proof/photo_proof_api/venv/lib/python3.13/site-packages/sqlalchemy/engine/default.py", line 951, in do_execute
    cursor.execute(statement, parameters)
    ~~~~~~~~~~~~~~^^^^^^^^^^^^^^^^^^^^^^^
sqlalchemy.exc.IntegrityError: (psycopg2.errors.UniqueViolation) duplicate key value violates unique constraint "idx_folders_project_name_unique"
DETAIL:  Key (project_id, lower(name::text))=(6, few_qwerty) already exists.

[SQL: INSERT INTO folders (id, project_id, name, cover_photo_id, photo_count, order_index, created_at, updated_at) VALUES (%(id)s, %(project_id)s, %(name)s, %(cover_photo_id)s, %(photo_count)s, %(order_index)s, %(created_at)s, %(updated_at)s)]
[parameters: {'id': '3ed253dd-6c96-4307-beeb-97ca67935572', 'project_id': 6, 'name': 'few_qwerty', 'cover_photo_id': None, 'photo_count': 0, 'order_index': 2, 'created_at': datetime.datetime(2025, 11, 27, 8, 12, 25, 195679), 'updated_at': datetime.datetime(2025, 11, 27, 8, 12, 25, 195685)}]
(Background on this error at: https://sqlalche.me/e/20/gkpj)
2025-11-27 13:42:25 | ERROR | app.db.session | Database session rolled back due to exception
Traceback (most recent call last):
  File "/Users/ns632@apac.comcast.com/Documents/v0_photo_proof/photo_proof_api/venv/lib/python3.13/site-packages/sqlalchemy/engine/base.py", line 1967, in _exec_single_context
    self.dialect.do_execute(
    ~~~~~~~~~~~~~~~~~~~~~~~^
        cursor, str_statement, effective_parameters, context
        ^^^^^^^^^^^^^^^^^^^^^^^^^^^^^^^^^^^^^^^^^^^^^^^^^^^^
    )
    ^
  File "/Users/ns632@apac.comcast.com/Documents/v0_photo_proof/photo_proof_api/venv/lib/python3.13/site-packages/sqlalchemy/engine/default.py", line 951, in do_execute
    cursor.execute(statement, parameters)
    ~~~~~~~~~~~~~~^^^^^^^^^^^^^^^^^^^^^^^
psycopg2.errors.UniqueViolation: duplicate key value violates unique constraint "idx_folders_project_name_unique"
DETAIL:  Key (project_id, lower(name::text))=(6, few_qwerty) already exists.


The above exception was the direct cause of the following exception:

Traceback (most recent call last):
  File "/Users/ns632@apac.comcast.com/Documents/v0_photo_proof/photo_proof_api/app/db/session.py", line 54, in get_db
    yield db
  File "/Users/ns632@apac.comcast.com/Documents/v0_photo_proof/photo_proof_api/venv/lib/python3.13/site-packages/fastapi/concurrency.py", line 27, in contextmanager_in_threadpool
    yield await run_in_threadpool(cm.__enter__)
  File "/Users/ns632@apac.comcast.com/Documents/v0_photo_proof/photo_proof_api/venv/lib/python3.13/site-packages/fastapi/routing.py", line 109, in app
    response = await f(request)
               ^^^^^^^^^^^^^^^^
  File "/Users/ns632@apac.comcast.com/Documents/v0_photo_proof/photo_proof_api/venv/lib/python3.13/site-packages/fastapi/routing.py", line 387, in app
    raw_response = await run_endpoint_function(
                   ^^^^^^^^^^^^^^^^^^^^^^^^^^^^
    ...<3 lines>...
    )
    ^
  File "/Users/ns632@apac.comcast.com/Documents/v0_photo_proof/photo_proof_api/venv/lib/python3.13/site-packages/fastapi/routing.py", line 290, in run_endpoint_function
    return await run_in_threadpool(dependant.call, **values)
           ^^^^^^^^^^^^^^^^^^^^^^^^^^^^^^^^^^^^^^^^^^^^^^^^^
  File "/Users/ns632@apac.comcast.com/Documents/v0_photo_proof/photo_proof_api/venv/lib/python3.13/site-packages/starlette/concurrency.py", line 38, in run_in_threadpool
    return await anyio.to_thread.run_sync(func)
           ^^^^^^^^^^^^^^^^^^^^^^^^^^^^^^^^^^^^
  File "/Users/ns632@apac.comcast.com/Documents/v0_photo_proof/photo_proof_api/venv/lib/python3.13/site-packages/anyio/to_thread.py", line 56, in run_sync
    return await get_async_backend().run_sync_in_worker_thread(
           ^^^^^^^^^^^^^^^^^^^^^^^^^^^^^^^^^^^^^^^^^^^^^^^^^^^^
        func, args, abandon_on_cancel=abandon_on_cancel, limiter=limiter
        ^^^^^^^^^^^^^^^^^^^^^^^^^^^^^^^^^^^^^^^^^^^^^^^^^^^^^^^^^^^^^^^^
    )
    ^
  File "/Users/ns632@apac.comcast.com/Documents/v0_photo_proof/photo_proof_api/venv/lib/python3.13/site-packages/anyio/_backends/_asyncio.py", line 2485, in run_sync_in_worker_thread
    return await future
           ^^^^^^^^^^^^
  File "/Users/ns632@apac.comcast.com/Documents/v0_photo_proof/photo_proof_api/venv/lib/python3.13/site-packages/anyio/_backends/_asyncio.py", line 976, in run
    result = context.run(func, *args)
  File "/Users/ns632@apac.comcast.com/Documents/v0_photo_proof/photo_proof_api/app/api/v1/projects.py", line 771, in create_project_folder
    db.commit()
    ~~~~~~~~~^^
  File "/Users/ns632@apac.comcast.com/Documents/v0_photo_proof/photo_proof_api/venv/lib/python3.13/site-packages/sqlalchemy/orm/session.py", line 2030, in commit
    trans.commit(_to_root=True)
    ~~~~~~~~~~~~^^^^^^^^^^^^^^^
  File "<string>", line 2, in commit
  File "/Users/ns632@apac.comcast.com/Documents/v0_photo_proof/photo_proof_api/venv/lib/python3.13/site-packages/sqlalchemy/orm/state_changes.py", line 137, in _go
    ret_value = fn(self, *arg, **kw)
  File "/Users/ns632@apac.comcast.com/Documents/v0_photo_proof/photo_proof_api/venv/lib/python3.13/site-packages/sqlalchemy/orm/session.py", line 1311, in commit
    self._prepare_impl()
    ~~~~~~~~~~~~~~~~~~^^
  File "<string>", line 2, in _prepare_impl
  File "/Users/ns632@apac.comcast.com/Documents/v0_photo_proof/photo_proof_api/venv/lib/python3.13/site-packages/sqlalchemy/orm/state_changes.py", line 137, in _go
    ret_value = fn(self, *arg, **kw)
  File "/Users/ns632@apac.comcast.com/Documents/v0_photo_proof/photo_proof_api/venv/lib/python3.13/site-packages/sqlalchemy/orm/session.py", line 1286, in _prepare_impl
    self.session.flush()
    ~~~~~~~~~~~~~~~~~~^^
  File "/Users/ns632@apac.comcast.com/Documents/v0_photo_proof/photo_proof_api/venv/lib/python3.13/site-packages/sqlalchemy/orm/session.py", line 4331, in flush
    self._flush(objects)
    ~~~~~~~~~~~^^^^^^^^^
  File "/Users/ns632@apac.comcast.com/Documents/v0_photo_proof/photo_proof_api/venv/lib/python3.13/site-packages/sqlalchemy/orm/session.py", line 4466, in _flush
    with util.safe_reraise():
         ~~~~~~~~~~~~~~~~~^^
  File "/Users/ns632@apac.comcast.com/Documents/v0_photo_proof/photo_proof_api/venv/lib/python3.13/site-packages/sqlalchemy/util/langhelpers.py", line 224, in __exit__
    raise exc_value.with_traceback(exc_tb)
  File "/Users/ns632@apac.comcast.com/Documents/v0_photo_proof/photo_proof_api/venv/lib/python3.13/site-packages/sqlalchemy/orm/session.py", line 4427, in _flush
    flush_context.execute()
    ~~~~~~~~~~~~~~~~~~~~~^^
  File "/Users/ns632@apac.comcast.com/Documents/v0_photo_proof/photo_proof_api/venv/lib/python3.13/site-packages/sqlalchemy/orm/unitofwork.py", line 466, in execute
    rec.execute(self)
    ~~~~~~~~~~~^^^^^^
  File "/Users/ns632@apac.comcast.com/Documents/v0_photo_proof/photo_proof_api/venv/lib/python3.13/site-packages/sqlalchemy/orm/unitofwork.py", line 642, in execute
    util.preloaded.orm_persistence.save_obj(
    ~~~~~~~~~~~~~~~~~~~~~~~~~~~~~~~~~~~~~~~^
        self.mapper,
        ^^^^^^^^^^^^
        uow.states_for_mapper_hierarchy(self.mapper, False, False),
        ^^^^^^^^^^^^^^^^^^^^^^^^^^^^^^^^^^^^^^^^^^^^^^^^^^^^^^^^^^^
        uow,
        ^^^^
    )
    ^
  File "/Users/ns632@apac.comcast.com/Documents/v0_photo_proof/photo_proof_api/venv/lib/python3.13/site-packages/sqlalchemy/orm/persistence.py", line 93, in save_obj
    _emit_insert_statements(
    ~~~~~~~~~~~~~~~~~~~~~~~^
        base_mapper,
        ^^^^^^^^^^^^
    ...<3 lines>...
        insert,
        ^^^^^^^
    )
    ^
  File "/Users/ns632@apac.comcast.com/Documents/v0_photo_proof/photo_proof_api/venv/lib/python3.13/site-packages/sqlalchemy/orm/persistence.py", line 1233, in _emit_insert_statements
    result = connection.execute(
        statement,
        params,
        execution_options=execution_options,
    )
  File "/Users/ns632@apac.comcast.com/Documents/v0_photo_proof/photo_proof_api/venv/lib/python3.13/site-packages/sqlalchemy/engine/base.py", line 1419, in execute
    return meth(
        self,
        distilled_parameters,
        execution_options or NO_OPTIONS,
    )
  File "/Users/ns632@apac.comcast.com/Documents/v0_photo_proof/photo_proof_api/venv/lib/python3.13/site-packages/sqlalchemy/sql/elements.py", line 526, in _execute_on_connection
    return connection._execute_clauseelement(
           ~~~~~~~~~~~~~~~~~~~~~~~~~~~~~~~~~^
        self, distilled_params, execution_options
        ^^^^^^^^^^^^^^^^^^^^^^^^^^^^^^^^^^^^^^^^^
    )
    ^
  File "/Users/ns632@apac.comcast.com/Documents/v0_photo_proof/photo_proof_api/venv/lib/python3.13/site-packages/sqlalchemy/engine/base.py", line 1641, in _execute_clauseelement
    ret = self._execute_context(
        dialect,
    ...<8 lines>...
        cache_hit=cache_hit,
    )
  File "/Users/ns632@apac.comcast.com/Documents/v0_photo_proof/photo_proof_api/venv/lib/python3.13/site-packages/sqlalchemy/engine/base.py", line 1846, in _execute_context
    return self._exec_single_context(
           ~~~~~~~~~~~~~~~~~~~~~~~~~^
        dialect, context, statement, parameters
        ^^^^^^^^^^^^^^^^^^^^^^^^^^^^^^^^^^^^^^^
    )
    ^
  File "/Users/ns632@apac.comcast.com/Documents/v0_photo_proof/photo_proof_api/venv/lib/python3.13/site-packages/sqlalchemy/engine/base.py", line 1986, in _exec_single_context
    self._handle_dbapi_exception(
    ~~~~~~~~~~~~~~~~~~~~~~~~~~~~^
        e, str_statement, effective_parameters, cursor, context
        ^^^^^^^^^^^^^^^^^^^^^^^^^^^^^^^^^^^^^^^^^^^^^^^^^^^^^^^
    )
    ^
  File "/Users/ns632@apac.comcast.com/Documents/v0_photo_proof/photo_proof_api/venv/lib/python3.13/site-packages/sqlalchemy/engine/base.py", line 2355, in _handle_dbapi_exception
    raise sqlalchemy_exception.with_traceback(exc_info[2]) from e
  File "/Users/ns632@apac.comcast.com/Documents/v0_photo_proof/photo_proof_api/venv/lib/python3.13/site-packages/sqlalchemy/engine/base.py", line 1967, in _exec_single_context
    self.dialect.do_execute(
    ~~~~~~~~~~~~~~~~~~~~~~~^
        cursor, str_statement, effective_parameters, context
        ^^^^^^^^^^^^^^^^^^^^^^^^^^^^^^^^^^^^^^^^^^^^^^^^^^^^
    )
    ^
  File "/Users/ns632@apac.comcast.com/Documents/v0_photo_proof/photo_proof_api/venv/lib/python3.13/site-packages/sqlalchemy/engine/default.py", line 951, in do_execute
    cursor.execute(statement, parameters)
    ~~~~~~~~~~~~~~^^^^^^^^^^^^^^^^^^^^^^^
sqlalchemy.exc.IntegrityError: (psycopg2.errors.UniqueViolation) duplicate key value violates unique constraint "idx_folders_project_name_unique"
DETAIL:  Key (project_id, lower(name::text))=(6, few_qwerty) already exists.

[SQL: INSERT INTO folders (id, project_id, name, cover_photo_id, photo_count, order_index, created_at, updated_at) VALUES (%(id)s, %(project_id)s, %(name)s, %(cover_photo_id)s, %(photo_count)s, %(order_index)s, %(created_at)s, %(updated_at)s)]
[parameters: {'id': 'aa87c781-288b-426b-8c41-ebee4f095da6', 'project_id': 6, 'name': 'few_qwerty', 'cover_photo_id': None, 'photo_count': 0, 'order_index': 2, 'created_at': datetime.datetime(2025, 11, 27, 8, 12, 25, 216241), 'updated_at': datetime.datetime(2025, 11, 27, 8, 12, 25, 216248)}]
(Background on this error at: https://sqlalche.me/e/20/gkpj)
2025-11-27 13:42:25 | ERROR | app.db.session | Database session rolled back due to exception
Traceback (most recent call last):
  File "/Users/ns632@apac.comcast.com/Documents/v0_photo_proof/photo_proof_api/venv/lib/python3.13/site-packages/sqlalchemy/engine/base.py", line 1967, in _exec_single_context
    self.dialect.do_execute(
    ~~~~~~~~~~~~~~~~~~~~~~~^
        cursor, str_statement, effective_parameters, context
        ^^^^^^^^^^^^^^^^^^^^^^^^^^^^^^^^^^^^^^^^^^^^^^^^^^^^
    )
    ^
  File "/Users/ns632@apac.comcast.com/Documents/v0_photo_proof/photo_proof_api/venv/lib/python3.13/site-packages/sqlalchemy/engine/default.py", line 951, in do_execute
    cursor.execute(statement, parameters)
    ~~~~~~~~~~~~~~^^^^^^^^^^^^^^^^^^^^^^^
psycopg2.errors.UniqueViolation: duplicate key value violates unique constraint "idx_folders_project_name_unique"
DETAIL:  Key (project_id, lower(name::text))=(6, few_qwerty) already exists.


The above exception was the direct cause of the following exception:

Traceback (most recent call last):
  File "/Users/ns632@apac.comcast.com/Documents/v0_photo_proof/photo_proof_api/app/db/session.py", line 54, in get_db
    yield db
  File "/Users/ns632@apac.comcast.com/Documents/v0_photo_proof/photo_proof_api/venv/lib/python3.13/site-packages/fastapi/concurrency.py", line 27, in contextmanager_in_threadpool
    yield await run_in_threadpool(cm.__enter__)
  File "/Users/ns632@apac.comcast.com/Documents/v0_photo_proof/photo_proof_api/venv/lib/python3.13/site-packages/fastapi/routing.py", line 109, in app
    response = await f(request)
               ^^^^^^^^^^^^^^^^
  File "/Users/ns632@apac.comcast.com/Documents/v0_photo_proof/photo_proof_api/venv/lib/python3.13/site-packages/fastapi/routing.py", line 387, in app
    raw_response = await run_endpoint_function(
                   ^^^^^^^^^^^^^^^^^^^^^^^^^^^^
    ...<3 lines>...
    )
    ^
  File "/Users/ns632@apac.comcast.com/Documents/v0_photo_proof/photo_proof_api/venv/lib/python3.13/site-packages/fastapi/routing.py", line 290, in run_endpoint_function
    return await run_in_threadpool(dependant.call, **values)
           ^^^^^^^^^^^^^^^^^^^^^^^^^^^^^^^^^^^^^^^^^^^^^^^^^
  File "/Users/ns632@apac.comcast.com/Documents/v0_photo_proof/photo_proof_api/venv/lib/python3.13/site-packages/starlette/concurrency.py", line 38, in run_in_threadpool
    return await anyio.to_thread.run_sync(func)
           ^^^^^^^^^^^^^^^^^^^^^^^^^^^^^^^^^^^^
  File "/Users/ns632@apac.comcast.com/Documents/v0_photo_proof/photo_proof_api/venv/lib/python3.13/site-packages/anyio/to_thread.py", line 56, in run_sync
    return await get_async_backend().run_sync_in_worker_thread(
           ^^^^^^^^^^^^^^^^^^^^^^^^^^^^^^^^^^^^^^^^^^^^^^^^^^^^
        func, args, abandon_on_cancel=abandon_on_cancel, limiter=limiter
        ^^^^^^^^^^^^^^^^^^^^^^^^^^^^^^^^^^^^^^^^^^^^^^^^^^^^^^^^^^^^^^^^
    )
    ^
  File "/Users/ns632@apac.comcast.com/Documents/v0_photo_proof/photo_proof_api/venv/lib/python3.13/site-packages/anyio/_backends/_asyncio.py", line 2485, in run_sync_in_worker_thread
    return await future
           ^^^^^^^^^^^^
  File "/Users/ns632@apac.comcast.com/Documents/v0_photo_proof/photo_proof_api/venv/lib/python3.13/site-packages/anyio/_backends/_asyncio.py", line 976, in run
    result = context.run(func, *args)
  File "/Users/ns632@apac.comcast.com/Documents/v0_photo_proof/photo_proof_api/app/api/v1/projects.py", line 771, in create_project_folder
    db.commit()
    ~~~~~~~~~^^
  File "/Users/ns632@apac.comcast.com/Documents/v0_photo_proof/photo_proof_api/venv/lib/python3.13/site-packages/sqlalchemy/orm/session.py", line 2030, in commit
    trans.commit(_to_root=True)
    ~~~~~~~~~~~~^^^^^^^^^^^^^^^
  File "<string>", line 2, in commit
  File "/Users/ns632@apac.comcast.com/Documents/v0_photo_proof/photo_proof_api/venv/lib/python3.13/site-packages/sqlalchemy/orm/state_changes.py", line 137, in _go
    ret_value = fn(self, *arg, **kw)
  File "/Users/ns632@apac.comcast.com/Documents/v0_photo_proof/photo_proof_api/venv/lib/python3.13/site-packages/sqlalchemy/orm/session.py", line 1311, in commit
    self._prepare_impl()
    ~~~~~~~~~~~~~~~~~~^^
  File "<string>", line 2, in _prepare_impl
  File "/Users/ns632@apac.comcast.com/Documents/v0_photo_proof/photo_proof_api/venv/lib/python3.13/site-packages/sqlalchemy/orm/state_changes.py", line 137, in _go
    ret_value = fn(self, *arg, **kw)
  File "/Users/ns632@apac.comcast.com/Documents/v0_photo_proof/photo_proof_api/venv/lib/python3.13/site-packages/sqlalchemy/orm/session.py", line 1286, in _prepare_impl
    self.session.flush()
    ~~~~~~~~~~~~~~~~~~^^
  File "/Users/ns632@apac.comcast.com/Documents/v0_photo_proof/photo_proof_api/venv/lib/python3.13/site-packages/sqlalchemy/orm/session.py", line 4331, in flush
    self._flush(objects)
    ~~~~~~~~~~~^^^^^^^^^
  File "/Users/ns632@apac.comcast.com/Documents/v0_photo_proof/photo_proof_api/venv/lib/python3.13/site-packages/sqlalchemy/orm/session.py", line 4466, in _flush
    with util.safe_reraise():
         ~~~~~~~~~~~~~~~~~^^
  File "/Users/ns632@apac.comcast.com/Documents/v0_photo_proof/photo_proof_api/venv/lib/python3.13/site-packages/sqlalchemy/util/langhelpers.py", line 224, in __exit__
    raise exc_value.with_traceback(exc_tb)
  File "/Users/ns632@apac.comcast.com/Documents/v0_photo_proof/photo_proof_api/venv/lib/python3.13/site-packages/sqlalchemy/orm/session.py", line 4427, in _flush
    flush_context.execute()
    ~~~~~~~~~~~~~~~~~~~~~^^
  File "/Users/ns632@apac.comcast.com/Documents/v0_photo_proof/photo_proof_api/venv/lib/python3.13/site-packages/sqlalchemy/orm/unitofwork.py", line 466, in execute
    rec.execute(self)
    ~~~~~~~~~~~^^^^^^
  File "/Users/ns632@apac.comcast.com/Documents/v0_photo_proof/photo_proof_api/venv/lib/python3.13/site-packages/sqlalchemy/orm/unitofwork.py", line 642, in execute
    util.preloaded.orm_persistence.save_obj(
    ~~~~~~~~~~~~~~~~~~~~~~~~~~~~~~~~~~~~~~~^
        self.mapper,
        ^^^^^^^^^^^^
        uow.states_for_mapper_hierarchy(self.mapper, False, False),
        ^^^^^^^^^^^^^^^^^^^^^^^^^^^^^^^^^^^^^^^^^^^^^^^^^^^^^^^^^^^
        uow,
        ^^^^
    )
    ^
  File "/Users/ns632@apac.comcast.com/Documents/v0_photo_proof/photo_proof_api/venv/lib/python3.13/site-packages/sqlalchemy/orm/persistence.py", line 93, in save_obj
    _emit_insert_statements(
    ~~~~~~~~~~~~~~~~~~~~~~~^
        base_mapper,
        ^^^^^^^^^^^^
    ...<3 lines>...
        insert,
        ^^^^^^^
    )
    ^
  File "/Users/ns632@apac.comcast.com/Documents/v0_photo_proof/photo_proof_api/venv/lib/python3.13/site-packages/sqlalchemy/orm/persistence.py", line 1233, in _emit_insert_statements
    result = connection.execute(
        statement,
        params,
        execution_options=execution_options,
    )
  File "/Users/ns632@apac.comcast.com/Documents/v0_photo_proof/photo_proof_api/venv/lib/python3.13/site-packages/sqlalchemy/engine/base.py", line 1419, in execute
    return meth(
        self,
        distilled_parameters,
        execution_options or NO_OPTIONS,
    )
  File "/Users/ns632@apac.comcast.com/Documents/v0_photo_proof/photo_proof_api/venv/lib/python3.13/site-packages/sqlalchemy/sql/elements.py", line 526, in _execute_on_connection
    return connection._execute_clauseelement(
           ~~~~~~~~~~~~~~~~~~~~~~~~~~~~~~~~~^
        self, distilled_params, execution_options
        ^^^^^^^^^^^^^^^^^^^^^^^^^^^^^^^^^^^^^^^^^
    )
    ^
  File "/Users/ns632@apac.comcast.com/Documents/v0_photo_proof/photo_proof_api/venv/lib/python3.13/site-packages/sqlalchemy/engine/base.py", line 1641, in _execute_clauseelement
    ret = self._execute_context(
        dialect,
    ...<8 lines>...
        cache_hit=cache_hit,
    )
  File "/Users/ns632@apac.comcast.com/Documents/v0_photo_proof/photo_proof_api/venv/lib/python3.13/site-packages/sqlalchemy/engine/base.py", line 1846, in _execute_context
    return self._exec_single_context(
           ~~~~~~~~~~~~~~~~~~~~~~~~~^
        dialect, context, statement, parameters
        ^^^^^^^^^^^^^^^^^^^^^^^^^^^^^^^^^^^^^^^
    )
    ^
  File "/Users/ns632@apac.comcast.com/Documents/v0_photo_proof/photo_proof_api/venv/lib/python3.13/site-packages/sqlalchemy/engine/base.py", line 1986, in _exec_single_context
    self._handle_dbapi_exception(
    ~~~~~~~~~~~~~~~~~~~~~~~~~~~~^
        e, str_statement, effective_parameters, cursor, context
        ^^^^^^^^^^^^^^^^^^^^^^^^^^^^^^^^^^^^^^^^^^^^^^^^^^^^^^^
    )
    ^
  File "/Users/ns632@apac.comcast.com/Documents/v0_photo_proof/photo_proof_api/venv/lib/python3.13/site-packages/sqlalchemy/engine/base.py", line 2355, in _handle_dbapi_exception
    raise sqlalchemy_exception.with_traceback(exc_info[2]) from e
  File "/Users/ns632@apac.comcast.com/Documents/v0_photo_proof/photo_proof_api/venv/lib/python3.13/site-packages/sqlalchemy/engine/base.py", line 1967, in _exec_single_context
    self.dialect.do_execute(
    ~~~~~~~~~~~~~~~~~~~~~~~^
        cursor, str_statement, effective_parameters, context
        ^^^^^^^^^^^^^^^^^^^^^^^^^^^^^^^^^^^^^^^^^^^^^^^^^^^^
    )
    ^
  File "/Users/ns632@apac.comcast.com/Documents/v0_photo_proof/photo_proof_api/venv/lib/python3.13/site-packages/sqlalchemy/engine/default.py", line 951, in do_execute
    cursor.execute(statement, parameters)
    ~~~~~~~~~~~~~~^^^^^^^^^^^^^^^^^^^^^^^
sqlalchemy.exc.IntegrityError: (psycopg2.errors.UniqueViolation) duplicate key value violates unique constraint "idx_folders_project_name_unique"
DETAIL:  Key (project_id, lower(name::text))=(6, few_qwerty) already exists.

[SQL: INSERT INTO folders (id, project_id, name, cover_photo_id, photo_count, order_index, created_at, updated_at) VALUES (%(id)s, %(project_id)s, %(name)s, %(cover_photo_id)s, %(photo_count)s, %(order_index)s, %(created_at)s, %(updated_at)s)]
[parameters: {'id': 'a9197e02-b22a-4924-9cdf-f2fa6481e3f1', 'project_id': 6, 'name': 'few_qwerty', 'cover_photo_id': None, 'photo_count': 0, 'order_index': 2, 'created_at': datetime.datetime(2025, 11, 27, 8, 12, 25, 196761), 'updated_at': datetime.datetime(2025, 11, 27, 8, 12, 25, 196764)}]
(Background on this error at: https://sqlalche.me/e/20/gkpj)
2025-11-27 13:42:25 | ERROR | app.db.session | Database session rolled back due to exception
Traceback (most recent call last):
  File "/Users/ns632@apac.comcast.com/Documents/v0_photo_proof/photo_proof_api/venv/lib/python3.13/site-packages/sqlalchemy/engine/base.py", line 1967, in _exec_single_context
    self.dialect.do_execute(
    ~~~~~~~~~~~~~~~~~~~~~~~^
        cursor, str_statement, effective_parameters, context
        ^^^^^^^^^^^^^^^^^^^^^^^^^^^^^^^^^^^^^^^^^^^^^^^^^^^^
    )
    ^
  File "/Users/ns632@apac.comcast.com/Documents/v0_photo_proof/photo_proof_api/venv/lib/python3.13/site-packages/sqlalchemy/engine/default.py", line 951, in do_execute
    cursor.execute(statement, parameters)
    ~~~~~~~~~~~~~~^^^^^^^^^^^^^^^^^^^^^^^
psycopg2.errors.UniqueViolation: duplicate key value violates unique constraint "idx_folders_project_name_unique"
DETAIL:  Key (project_id, lower(name::text))=(6, few_qwerty) already exists.


The above exception was the direct cause of the following exception:

Traceback (most recent call last):
  File "/Users/ns632@apac.comcast.com/Documents/v0_photo_proof/photo_proof_api/app/db/session.py", line 54, in get_db
    yield db
  File "/Users/ns632@apac.comcast.com/Documents/v0_photo_proof/photo_proof_api/venv/lib/python3.13/site-packages/fastapi/concurrency.py", line 27, in contextmanager_in_threadpool
    yield await run_in_threadpool(cm.__enter__)
  File "/Users/ns632@apac.comcast.com/Documents/v0_photo_proof/photo_proof_api/venv/lib/python3.13/site-packages/fastapi/routing.py", line 109, in app
    response = await f(request)
               ^^^^^^^^^^^^^^^^
  File "/Users/ns632@apac.comcast.com/Documents/v0_photo_proof/photo_proof_api/venv/lib/python3.13/site-packages/fastapi/routing.py", line 387, in app
    raw_response = await run_endpoint_function(
                   ^^^^^^^^^^^^^^^^^^^^^^^^^^^^
    ...<3 lines>...
    )
    ^
  File "/Users/ns632@apac.comcast.com/Documents/v0_photo_proof/photo_proof_api/venv/lib/python3.13/site-packages/fastapi/routing.py", line 290, in run_endpoint_function
    return await run_in_threadpool(dependant.call, **values)
           ^^^^^^^^^^^^^^^^^^^^^^^^^^^^^^^^^^^^^^^^^^^^^^^^^
  File "/Users/ns632@apac.comcast.com/Documents/v0_photo_proof/photo_proof_api/venv/lib/python3.13/site-packages/starlette/concurrency.py", line 38, in run_in_threadpool
    return await anyio.to_thread.run_sync(func)
           ^^^^^^^^^^^^^^^^^^^^^^^^^^^^^^^^^^^^
  File "/Users/ns632@apac.comcast.com/Documents/v0_photo_proof/photo_proof_api/venv/lib/python3.13/site-packages/anyio/to_thread.py", line 56, in run_sync
    return await get_async_backend().run_sync_in_worker_thread(
           ^^^^^^^^^^^^^^^^^^^^^^^^^^^^^^^^^^^^^^^^^^^^^^^^^^^^
        func, args, abandon_on_cancel=abandon_on_cancel, limiter=limiter
        ^^^^^^^^^^^^^^^^^^^^^^^^^^^^^^^^^^^^^^^^^^^^^^^^^^^^^^^^^^^^^^^^
    )
    ^
  File "/Users/ns632@apac.comcast.com/Documents/v0_photo_proof/photo_proof_api/venv/lib/python3.13/site-packages/anyio/_backends/_asyncio.py", line 2485, in run_sync_in_worker_thread
    return await future
           ^^^^^^^^^^^^
  File "/Users/ns632@apac.comcast.com/Documents/v0_photo_proof/photo_proof_api/venv/lib/python3.13/site-packages/anyio/_backends/_asyncio.py", line 976, in run
    result = context.run(func, *args)
  File "/Users/ns632@apac.comcast.com/Documents/v0_photo_proof/photo_proof_api/app/api/v1/projects.py", line 771, in create_project_folder
    db.commit()
    ~~~~~~~~~^^
  File "/Users/ns632@apac.comcast.com/Documents/v0_photo_proof/photo_proof_api/venv/lib/python3.13/site-packages/sqlalchemy/orm/session.py", line 2030, in commit
    trans.commit(_to_root=True)
    ~~~~~~~~~~~~^^^^^^^^^^^^^^^
  File "<string>", line 2, in commit
  File "/Users/ns632@apac.comcast.com/Documents/v0_photo_proof/photo_proof_api/venv/lib/python3.13/site-packages/sqlalchemy/orm/state_changes.py", line 137, in _go
    ret_value = fn(self, *arg, **kw)
  File "/Users/ns632@apac.comcast.com/Documents/v0_photo_proof/photo_proof_api/venv/lib/python3.13/site-packages/sqlalchemy/orm/session.py", line 1311, in commit
    self._prepare_impl()
    ~~~~~~~~~~~~~~~~~~^^
  File "<string>", line 2, in _prepare_impl
  File "/Users/ns632@apac.comcast.com/Documents/v0_photo_proof/photo_proof_api/venv/lib/python3.13/site-packages/sqlalchemy/orm/state_changes.py", line 137, in _go
    ret_value = fn(self, *arg, **kw)
  File "/Users/ns632@apac.comcast.com/Documents/v0_photo_proof/photo_proof_api/venv/lib/python3.13/site-packages/sqlalchemy/orm/session.py", line 1286, in _prepare_impl
    self.session.flush()
    ~~~~~~~~~~~~~~~~~~^^
  File "/Users/ns632@apac.comcast.com/Documents/v0_photo_proof/photo_proof_api/venv/lib/python3.13/site-packages/sqlalchemy/orm/session.py", line 4331, in flush
    self._flush(objects)
    ~~~~~~~~~~~^^^^^^^^^
  File "/Users/ns632@apac.comcast.com/Documents/v0_photo_proof/photo_proof_api/venv/lib/python3.13/site-packages/sqlalchemy/orm/session.py", line 4466, in _flush
    with util.safe_reraise():
         ~~~~~~~~~~~~~~~~~^^
  File "/Users/ns632@apac.comcast.com/Documents/v0_photo_proof/photo_proof_api/venv/lib/python3.13/site-packages/sqlalchemy/util/langhelpers.py", line 224, in __exit__
    raise exc_value.with_traceback(exc_tb)
  File "/Users/ns632@apac.comcast.com/Documents/v0_photo_proof/photo_proof_api/venv/lib/python3.13/site-packages/sqlalchemy/orm/session.py", line 4427, in _flush
    flush_context.execute()
    ~~~~~~~~~~~~~~~~~~~~~^^
  File "/Users/ns632@apac.comcast.com/Documents/v0_photo_proof/photo_proof_api/venv/lib/python3.13/site-packages/sqlalchemy/orm/unitofwork.py", line 466, in execute
    rec.execute(self)
    ~~~~~~~~~~~^^^^^^
  File "/Users/ns632@apac.comcast.com/Documents/v0_photo_proof/photo_proof_api/venv/lib/python3.13/site-packages/sqlalchemy/orm/unitofwork.py", line 642, in execute
    util.preloaded.orm_persistence.save_obj(
    ~~~~~~~~~~~~~~~~~~~~~~~~~~~~~~~~~~~~~~~^
        self.mapper,
        ^^^^^^^^^^^^
        uow.states_for_mapper_hierarchy(self.mapper, False, False),
        ^^^^^^^^^^^^^^^^^^^^^^^^^^^^^^^^^^^^^^^^^^^^^^^^^^^^^^^^^^^
        uow,
        ^^^^
    )
    ^
  File "/Users/ns632@apac.comcast.com/Documents/v0_photo_proof/photo_proof_api/venv/lib/python3.13/site-packages/sqlalchemy/orm/persistence.py", line 93, in save_obj
    _emit_insert_statements(
    ~~~~~~~~~~~~~~~~~~~~~~~^
        base_mapper,
        ^^^^^^^^^^^^
    ...<3 lines>...
        insert,
        ^^^^^^^
    )
    ^
  File "/Users/ns632@apac.comcast.com/Documents/v0_photo_proof/photo_proof_api/venv/lib/python3.13/site-packages/sqlalchemy/orm/persistence.py", line 1233, in _emit_insert_statements
    result = connection.execute(
        statement,
        params,
        execution_options=execution_options,
    )
  File "/Users/ns632@apac.comcast.com/Documents/v0_photo_proof/photo_proof_api/venv/lib/python3.13/site-packages/sqlalchemy/engine/base.py", line 1419, in execute
    return meth(
        self,
        distilled_parameters,
        execution_options or NO_OPTIONS,
    )
  File "/Users/ns632@apac.comcast.com/Documents/v0_photo_proof/photo_proof_api/venv/lib/python3.13/site-packages/sqlalchemy/sql/elements.py", line 526, in _execute_on_connection
    return connection._execute_clauseelement(
           ~~~~~~~~~~~~~~~~~~~~~~~~~~~~~~~~~^
        self, distilled_params, execution_options
        ^^^^^^^^^^^^^^^^^^^^^^^^^^^^^^^^^^^^^^^^^
    )
    ^
  File "/Users/ns632@apac.comcast.com/Documents/v0_photo_proof/photo_proof_api/venv/lib/python3.13/site-packages/sqlalchemy/engine/base.py", line 1641, in _execute_clauseelement
    ret = self._execute_context(
        dialect,
    ...<8 lines>...
        cache_hit=cache_hit,
    )
  File "/Users/ns632@apac.comcast.com/Documents/v0_photo_proof/photo_proof_api/venv/lib/python3.13/site-packages/sqlalchemy/engine/base.py", line 1846, in _execute_context
    return self._exec_single_context(
           ~~~~~~~~~~~~~~~~~~~~~~~~~^
        dialect, context, statement, parameters
        ^^^^^^^^^^^^^^^^^^^^^^^^^^^^^^^^^^^^^^^
    )
    ^
  File "/Users/ns632@apac.comcast.com/Documents/v0_photo_proof/photo_proof_api/venv/lib/python3.13/site-packages/sqlalchemy/engine/base.py", line 1986, in _exec_single_context
    self._handle_dbapi_exception(
    ~~~~~~~~~~~~~~~~~~~~~~~~~~~~^
        e, str_statement, effective_parameters, cursor, context
        ^^^^^^^^^^^^^^^^^^^^^^^^^^^^^^^^^^^^^^^^^^^^^^^^^^^^^^^
    )
    ^
  File "/Users/ns632@apac.comcast.com/Documents/v0_photo_proof/photo_proof_api/venv/lib/python3.13/site-packages/sqlalchemy/engine/base.py", line 2355, in _handle_dbapi_exception
    raise sqlalchemy_exception.with_traceback(exc_info[2]) from e
  File "/Users/ns632@apac.comcast.com/Documents/v0_photo_proof/photo_proof_api/venv/lib/python3.13/site-packages/sqlalchemy/engine/base.py", line 1967, in _exec_single_context
    self.dialect.do_execute(
    ~~~~~~~~~~~~~~~~~~~~~~~^
        cursor, str_statement, effective_parameters, context
        ^^^^^^^^^^^^^^^^^^^^^^^^^^^^^^^^^^^^^^^^^^^^^^^^^^^^
    )
    ^
  File "/Users/ns632@apac.comcast.com/Documents/v0_photo_proof/photo_proof_api/venv/lib/python3.13/site-packages/sqlalchemy/engine/default.py", line 951, in do_execute
    cursor.execute(statement, parameters)
    ~~~~~~~~~~~~~~^^^^^^^^^^^^^^^^^^^^^^^
sqlalchemy.exc.IntegrityError: (psycopg2.errors.UniqueViolation) duplicate key value violates unique constraint "idx_folders_project_name_unique"
DETAIL:  Key (project_id, lower(name::text))=(6, few_qwerty) already exists.

[SQL: INSERT INTO folders (id, project_id, name, cover_photo_id, photo_count, order_index, created_at, updated_at) VALUES (%(id)s, %(project_id)s, %(name)s, %(cover_photo_id)s, %(photo_count)s, %(order_index)s, %(created_at)s, %(updated_at)s)]
[parameters: {'id': '910d0b98-c0b7-455a-8b76-3376663aadf4', 'project_id': 6, 'name': 'few_qwerty', 'cover_photo_id': None, 'photo_count': 0, 'order_index': 2, 'created_at': datetime.datetime(2025, 11, 27, 8, 12, 25, 198853), 'updated_at': datetime.datetime(2025, 11, 27, 8, 12, 25, 198857)}]
(Background on this error at: https://sqlalche.me/e/20/gkpj)
2025-11-27 13:42:25 | INFO | uvicorn.access | 127.0.0.1:50362 - "POST /api/projects/6/folders?folder_name=few_qwerty HTTP/1.1" 200
2025-11-27 13:42:25 | DEBUG | app.db.session | Database session closed
2025-11-27 13:42:25 | DEBUG | app.db.session | Database session closed
2025-11-27 13:42:25 | DEBUG | app.db.session | Database session closed
2025-11-27 13:42:25 | DEBUG | app.db.session | Database session closed
2025-11-27 13:42:25 | ERROR | app.middleware.tenant | Error in tenant middleware: (psycopg2.errors.UniqueViolation) duplicate key value violates unique constraint "idx_folders_project_name_unique"
DETAIL:  Key (project_id, lower(name::text))=(6, few_qwerty) already exists.

[SQL: INSERT INTO folders (id, project_id, name, cover_photo_id, photo_count, order_index, created_at, updated_at) VALUES (%(id)s, %(project_id)s, %(name)s, %(cover_photo_id)s, %(photo_count)s, %(order_index)s, %(created_at)s, %(updated_at)s)]
[parameters: {'id': '3ed253dd-6c96-4307-beeb-97ca67935572', 'project_id': 6, 'name': 'few_qwerty', 'cover_photo_id': None, 'photo_count': 0, 'order_index': 2, 'created_at': datetime.datetime(2025, 11, 27, 8, 12, 25, 195679), 'updated_at': datetime.datetime(2025, 11, 27, 8, 12, 25, 195685)}]
(Background on this error at: https://sqlalche.me/e/20/gkpj)
Traceback (most recent call last):
  File "/Users/ns632@apac.comcast.com/Documents/v0_photo_proof/photo_proof_api/venv/lib/python3.13/site-packages/sqlalchemy/engine/base.py", line 1967, in _exec_single_context
    self.dialect.do_execute(
    ~~~~~~~~~~~~~~~~~~~~~~~^
        cursor, str_statement, effective_parameters, context
        ^^^^^^^^^^^^^^^^^^^^^^^^^^^^^^^^^^^^^^^^^^^^^^^^^^^^
    )
    ^
  File "/Users/ns632@apac.comcast.com/Documents/v0_photo_proof/photo_proof_api/venv/lib/python3.13/site-packages/sqlalchemy/engine/default.py", line 951, in do_execute
    cursor.execute(statement, parameters)
    ~~~~~~~~~~~~~~^^^^^^^^^^^^^^^^^^^^^^^
psycopg2.errors.UniqueViolation: duplicate key value violates unique constraint "idx_folders_project_name_unique"
DETAIL:  Key (project_id, lower(name::text))=(6, few_qwerty) already exists.


The above exception was the direct cause of the following exception:

Traceback (most recent call last):
  File "/Users/ns632@apac.comcast.com/Documents/v0_photo_proof/photo_proof_api/app/middleware/tenant.py", line 153, in tenant_middleware
    response = await call_next(request)
               ^^^^^^^^^^^^^^^^^^^^^^^^
  File "/Users/ns632@apac.comcast.com/Documents/v0_photo_proof/photo_proof_api/venv/lib/python3.13/site-packages/starlette/middleware/base.py", line 159, in call_next
    raise app_exc
  File "/Users/ns632@apac.comcast.com/Documents/v0_photo_proof/photo_proof_api/venv/lib/python3.13/site-packages/starlette/middleware/base.py", line 144, in coro
    await self.app(scope, receive_or_disconnect, send_no_error)
  File "/Users/ns632@apac.comcast.com/Documents/v0_photo_proof/photo_proof_api/venv/lib/python3.13/site-packages/starlette/middleware/gzip.py", line 29, in __call__
    await responder(scope, receive, send)
  File "/Users/ns632@apac.comcast.com/Documents/v0_photo_proof/photo_proof_api/venv/lib/python3.13/site-packages/starlette/middleware/gzip.py", line 130, in __call__
    await super().__call__(scope, receive, send)
  File "/Users/ns632@apac.comcast.com/Documents/v0_photo_proof/photo_proof_api/venv/lib/python3.13/site-packages/starlette/middleware/gzip.py", line 46, in __call__
    await self.app(scope, receive, self.send_with_compression)
  File "/Users/ns632@apac.comcast.com/Documents/v0_photo_proof/photo_proof_api/venv/lib/python3.13/site-packages/starlette/middleware/cors.py", line 93, in __call__
    await self.simple_response(scope, receive, send, request_headers=headers)
  File "/Users/ns632@apac.comcast.com/Documents/v0_photo_proof/photo_proof_api/venv/lib/python3.13/site-packages/starlette/middleware/cors.py", line 144, in simple_response
    await self.app(scope, receive, send)
  File "/Users/ns632@apac.comcast.com/Documents/v0_photo_proof/photo_proof_api/venv/lib/python3.13/site-packages/starlette/middleware/exceptions.py", line 63, in __call__
    await wrap_app_handling_exceptions(self.app, conn)(scope, receive, send)
  File "/Users/ns632@apac.comcast.com/Documents/v0_photo_proof/photo_proof_api/venv/lib/python3.13/site-packages/starlette/_exception_handler.py", line 53, in wrapped_app
    raise exc
  File "/Users/ns632@apac.comcast.com/Documents/v0_photo_proof/photo_proof_api/venv/lib/python3.13/site-packages/starlette/_exception_handler.py", line 42, in wrapped_app
    await app(scope, receive, sender)
  File "/Users/ns632@apac.comcast.com/Documents/v0_photo_proof/photo_proof_api/venv/lib/python3.13/site-packages/fastapi/middleware/asyncexitstack.py", line 18, in __call__
    await self.app(scope, receive, send)
  File "/Users/ns632@apac.comcast.com/Documents/v0_photo_proof/photo_proof_api/venv/lib/python3.13/site-packages/starlette/routing.py", line 716, in __call__
    await self.middleware_stack(scope, receive, send)
  File "/Users/ns632@apac.comcast.com/Documents/v0_photo_proof/photo_proof_api/venv/lib/python3.13/site-packages/starlette/routing.py", line 736, in app
    await route.handle(scope, receive, send)
  File "/Users/ns632@apac.comcast.com/Documents/v0_photo_proof/photo_proof_api/venv/lib/python3.13/site-packages/starlette/routing.py", line 290, in handle
    await self.app(scope, receive, send)
  File "/Users/ns632@apac.comcast.com/Documents/v0_photo_proof/photo_proof_api/venv/lib/python3.13/site-packages/fastapi/routing.py", line 123, in app
    await wrap_app_handling_exceptions(app, request)(scope, receive, send)
  File "/Users/ns632@apac.comcast.com/Documents/v0_photo_proof/photo_proof_api/venv/lib/python3.13/site-packages/starlette/_exception_handler.py", line 53, in wrapped_app
    raise exc
  File "/Users/ns632@apac.comcast.com/Documents/v0_photo_proof/photo_proof_api/venv/lib/python3.13/site-packages/starlette/_exception_handler.py", line 42, in wrapped_app
    await app(scope, receive, sender)
  File "/Users/ns632@apac.comcast.com/Documents/v0_photo_proof/photo_proof_api/venv/lib/python3.13/site-packages/fastapi/routing.py", line 109, in app
    response = await f(request)
               ^^^^^^^^^^^^^^^^
  File "/Users/ns632@apac.comcast.com/Documents/v0_photo_proof/photo_proof_api/venv/lib/python3.13/site-packages/fastapi/routing.py", line 387, in app
    raw_response = await run_endpoint_function(
                   ^^^^^^^^^^^^^^^^^^^^^^^^^^^^
    ...<3 lines>...
    )
    ^
  File "/Users/ns632@apac.comcast.com/Documents/v0_photo_proof/photo_proof_api/venv/lib/python3.13/site-packages/fastapi/routing.py", line 290, in run_endpoint_function
    return await run_in_threadpool(dependant.call, **values)
           ^^^^^^^^^^^^^^^^^^^^^^^^^^^^^^^^^^^^^^^^^^^^^^^^^
  File "/Users/ns632@apac.comcast.com/Documents/v0_photo_proof/photo_proof_api/venv/lib/python3.13/site-packages/starlette/concurrency.py", line 38, in run_in_threadpool
    return await anyio.to_thread.run_sync(func)
           ^^^^^^^^^^^^^^^^^^^^^^^^^^^^^^^^^^^^
  File "/Users/ns632@apac.comcast.com/Documents/v0_photo_proof/photo_proof_api/venv/lib/python3.13/site-packages/anyio/to_thread.py", line 56, in run_sync
    return await get_async_backend().run_sync_in_worker_thread(
           ^^^^^^^^^^^^^^^^^^^^^^^^^^^^^^^^^^^^^^^^^^^^^^^^^^^^
        func, args, abandon_on_cancel=abandon_on_cancel, limiter=limiter
        ^^^^^^^^^^^^^^^^^^^^^^^^^^^^^^^^^^^^^^^^^^^^^^^^^^^^^^^^^^^^^^^^
    )
    ^
  File "/Users/ns632@apac.comcast.com/Documents/v0_photo_proof/photo_proof_api/venv/lib/python3.13/site-packages/anyio/_backends/_asyncio.py", line 2485, in run_sync_in_worker_thread
    return await future
           ^^^^^^^^^^^^
  File "/Users/ns632@apac.comcast.com/Documents/v0_photo_proof/photo_proof_api/venv/lib/python3.13/site-packages/anyio/_backends/_asyncio.py", line 976, in run
    result = context.run(func, *args)
  File "/Users/ns632@apac.comcast.com/Documents/v0_photo_proof/photo_proof_api/app/api/v1/projects.py", line 771, in create_project_folder
    db.commit()
    ~~~~~~~~~^^
  File "/Users/ns632@apac.comcast.com/Documents/v0_photo_proof/photo_proof_api/venv/lib/python3.13/site-packages/sqlalchemy/orm/session.py", line 2030, in commit
    trans.commit(_to_root=True)
    ~~~~~~~~~~~~^^^^^^^^^^^^^^^
  File "<string>", line 2, in commit
  File "/Users/ns632@apac.comcast.com/Documents/v0_photo_proof/photo_proof_api/venv/lib/python3.13/site-packages/sqlalchemy/orm/state_changes.py", line 137, in _go
    ret_value = fn(self, *arg, **kw)
  File "/Users/ns632@apac.comcast.com/Documents/v0_photo_proof/photo_proof_api/venv/lib/python3.13/site-packages/sqlalchemy/orm/session.py", line 1311, in commit
    self._prepare_impl()
    ~~~~~~~~~~~~~~~~~~^^
  File "<string>", line 2, in _prepare_impl
  File "/Users/ns632@apac.comcast.com/Documents/v0_photo_proof/photo_proof_api/venv/lib/python3.13/site-packages/sqlalchemy/orm/state_changes.py", line 137, in _go
    ret_value = fn(self, *arg, **kw)
  File "/Users/ns632@apac.comcast.com/Documents/v0_photo_proof/photo_proof_api/venv/lib/python3.13/site-packages/sqlalchemy/orm/session.py", line 1286, in _prepare_impl
    self.session.flush()
    ~~~~~~~~~~~~~~~~~~^^
  File "/Users/ns632@apac.comcast.com/Documents/v0_photo_proof/photo_proof_api/venv/lib/python3.13/site-packages/sqlalchemy/orm/session.py", line 4331, in flush
    self._flush(objects)
    ~~~~~~~~~~~^^^^^^^^^
  File "/Users/ns632@apac.comcast.com/Documents/v0_photo_proof/photo_proof_api/venv/lib/python3.13/site-packages/sqlalchemy/orm/session.py", line 4466, in _flush
    with util.safe_reraise():
         ~~~~~~~~~~~~~~~~~^^
  File "/Users/ns632@apac.comcast.com/Documents/v0_photo_proof/photo_proof_api/venv/lib/python3.13/site-packages/sqlalchemy/util/langhelpers.py", line 224, in __exit__
    raise exc_value.with_traceback(exc_tb)
  File "/Users/ns632@apac.comcast.com/Documents/v0_photo_proof/photo_proof_api/venv/lib/python3.13/site-packages/sqlalchemy/orm/session.py", line 4427, in _flush
    flush_context.execute()
    ~~~~~~~~~~~~~~~~~~~~~^^
  File "/Users/ns632@apac.comcast.com/Documents/v0_photo_proof/photo_proof_api/venv/lib/python3.13/site-packages/sqlalchemy/orm/unitofwork.py", line 466, in execute
    rec.execute(self)
    ~~~~~~~~~~~^^^^^^
  File "/Users/ns632@apac.comcast.com/Documents/v0_photo_proof/photo_proof_api/venv/lib/python3.13/site-packages/sqlalchemy/orm/unitofwork.py", line 642, in execute
    util.preloaded.orm_persistence.save_obj(
    ~~~~~~~~~~~~~~~~~~~~~~~~~~~~~~~~~~~~~~~^
        self.mapper,
        ^^^^^^^^^^^^
        uow.states_for_mapper_hierarchy(self.mapper, False, False),
        ^^^^^^^^^^^^^^^^^^^^^^^^^^^^^^^^^^^^^^^^^^^^^^^^^^^^^^^^^^^
        uow,
        ^^^^
    )
    ^
  File "/Users/ns632@apac.comcast.com/Documents/v0_photo_proof/photo_proof_api/venv/lib/python3.13/site-packages/sqlalchemy/orm/persistence.py", line 93, in save_obj
    _emit_insert_statements(
    ~~~~~~~~~~~~~~~~~~~~~~~^
        base_mapper,
        ^^^^^^^^^^^^
    ...<3 lines>...
        insert,
        ^^^^^^^
    )
    ^
  File "/Users/ns632@apac.comcast.com/Documents/v0_photo_proof/photo_proof_api/venv/lib/python3.13/site-packages/sqlalchemy/orm/persistence.py", line 1233, in _emit_insert_statements
    result = connection.execute(
        statement,
        params,
        execution_options=execution_options,
    )
  File "/Users/ns632@apac.comcast.com/Documents/v0_photo_proof/photo_proof_api/venv/lib/python3.13/site-packages/sqlalchemy/engine/base.py", line 1419, in execute
    return meth(
        self,
        distilled_parameters,
        execution_options or NO_OPTIONS,
    )
  File "/Users/ns632@apac.comcast.com/Documents/v0_photo_proof/photo_proof_api/venv/lib/python3.13/site-packages/sqlalchemy/sql/elements.py", line 526, in _execute_on_connection
    return connection._execute_clauseelement(
           ~~~~~~~~~~~~~~~~~~~~~~~~~~~~~~~~~^
        self, distilled_params, execution_options
        ^^^^^^^^^^^^^^^^^^^^^^^^^^^^^^^^^^^^^^^^^
    )
    ^
  File "/Users/ns632@apac.comcast.com/Documents/v0_photo_proof/photo_proof_api/venv/lib/python3.13/site-packages/sqlalchemy/engine/base.py", line 1641, in _execute_clauseelement
    ret = self._execute_context(
        dialect,
    ...<8 lines>...
        cache_hit=cache_hit,
    )
  File "/Users/ns632@apac.comcast.com/Documents/v0_photo_proof/photo_proof_api/venv/lib/python3.13/site-packages/sqlalchemy/engine/base.py", line 1846, in _execute_context
    return self._exec_single_context(
           ~~~~~~~~~~~~~~~~~~~~~~~~~^
        dialect, context, statement, parameters
        ^^^^^^^^^^^^^^^^^^^^^^^^^^^^^^^^^^^^^^^
    )
    ^
  File "/Users/ns632@apac.comcast.com/Documents/v0_photo_proof/photo_proof_api/venv/lib/python3.13/site-packages/sqlalchemy/engine/base.py", line 1986, in _exec_single_context
    self._handle_dbapi_exception(
    ~~~~~~~~~~~~~~~~~~~~~~~~~~~~^
        e, str_statement, effective_parameters, cursor, context
        ^^^^^^^^^^^^^^^^^^^^^^^^^^^^^^^^^^^^^^^^^^^^^^^^^^^^^^^
    )
    ^
  File "/Users/ns632@apac.comcast.com/Documents/v0_photo_proof/photo_proof_api/venv/lib/python3.13/site-packages/sqlalchemy/engine/base.py", line 2355, in _handle_dbapi_exception
    raise sqlalchemy_exception.with_traceback(exc_info[2]) from e
  File "/Users/ns632@apac.comcast.com/Documents/v0_photo_proof/photo_proof_api/venv/lib/python3.13/site-packages/sqlalchemy/engine/base.py", line 1967, in _exec_single_context
    self.dialect.do_execute(
    ~~~~~~~~~~~~~~~~~~~~~~~^
        cursor, str_statement, effective_parameters, context
        ^^^^^^^^^^^^^^^^^^^^^^^^^^^^^^^^^^^^^^^^^^^^^^^^^^^^
    )
    ^
  File "/Users/ns632@apac.comcast.com/Documents/v0_photo_proof/photo_proof_api/venv/lib/python3.13/site-packages/sqlalchemy/engine/default.py", line 951, in do_execute
    cursor.execute(statement, parameters)
    ~~~~~~~~~~~~~~^^^^^^^^^^^^^^^^^^^^^^^
sqlalchemy.exc.IntegrityError: (psycopg2.errors.UniqueViolation) duplicate key value violates unique constraint "idx_folders_project_name_unique"
DETAIL:  Key (project_id, lower(name::text))=(6, few_qwerty) already exists.

[SQL: INSERT INTO folders (id, project_id, name, cover_photo_id, photo_count, order_index, created_at, updated_at) VALUES (%(id)s, %(project_id)s, %(name)s, %(cover_photo_id)s, %(photo_count)s, %(order_index)s, %(created_at)s, %(updated_at)s)]
[parameters: {'id': '3ed253dd-6c96-4307-beeb-97ca67935572', 'project_id': 6, 'name': 'few_qwerty', 'cover_photo_id': None, 'photo_count': 0, 'order_index': 2, 'created_at': datetime.datetime(2025, 11, 27, 8, 12, 25, 195679), 'updated_at': datetime.datetime(2025, 11, 27, 8, 12, 25, 195685)}]
(Background on this error at: https://sqlalche.me/e/20/gkpj)
2025-11-27 13:42:25 | DEBUG | app.db.session | Database session committed
2025-11-27 13:42:25 | DEBUG | app.db.session | Database session closed
2025-11-27 13:42:25 | DEBUG | app.middleware.tenant | Skipping tenant detection for OPTIONS request
2025-11-27 13:42:25 | ERROR | app.middleware.tenant | Error in tenant middleware: (psycopg2.errors.UniqueViolation) duplicate key value violates unique constraint "idx_folders_project_name_unique"
DETAIL:  Key (project_id, lower(name::text))=(6, few_qwerty) already exists.

[SQL: INSERT INTO folders (id, project_id, name, cover_photo_id, photo_count, order_index, created_at, updated_at) VALUES (%(id)s, %(project_id)s, %(name)s, %(cover_photo_id)s, %(photo_count)s, %(order_index)s, %(created_at)s, %(updated_at)s)]
[parameters: {'id': 'aa87c781-288b-426b-8c41-ebee4f095da6', 'project_id': 6, 'name': 'few_qwerty', 'cover_photo_id': None, 'photo_count': 0, 'order_index': 2, 'created_at': datetime.datetime(2025, 11, 27, 8, 12, 25, 216241), 'updated_at': datetime.datetime(2025, 11, 27, 8, 12, 25, 216248)}]
(Background on this error at: https://sqlalche.me/e/20/gkpj)
Traceback (most recent call last):
  File "/Users/ns632@apac.comcast.com/Documents/v0_photo_proof/photo_proof_api/venv/lib/python3.13/site-packages/sqlalchemy/engine/base.py", line 1967, in _exec_single_context
    self.dialect.do_execute(
    ~~~~~~~~~~~~~~~~~~~~~~~^
        cursor, str_statement, effective_parameters, context
        ^^^^^^^^^^^^^^^^^^^^^^^^^^^^^^^^^^^^^^^^^^^^^^^^^^^^
    )
    ^
  File "/Users/ns632@apac.comcast.com/Documents/v0_photo_proof/photo_proof_api/venv/lib/python3.13/site-packages/sqlalchemy/engine/default.py", line 951, in do_execute
    cursor.execute(statement, parameters)
    ~~~~~~~~~~~~~~^^^^^^^^^^^^^^^^^^^^^^^
psycopg2.errors.UniqueViolation: duplicate key value violates unique constraint "idx_folders_project_name_unique"
DETAIL:  Key (project_id, lower(name::text))=(6, few_qwerty) already exists.


The above exception was the direct cause of the following exception:

Traceback (most recent call last):
  File "/Users/ns632@apac.comcast.com/Documents/v0_photo_proof/photo_proof_api/app/middleware/tenant.py", line 153, in tenant_middleware
    response = await call_next(request)
               ^^^^^^^^^^^^^^^^^^^^^^^^
  File "/Users/ns632@apac.comcast.com/Documents/v0_photo_proof/photo_proof_api/venv/lib/python3.13/site-packages/starlette/middleware/base.py", line 159, in call_next
    raise app_exc
  File "/Users/ns632@apac.comcast.com/Documents/v0_photo_proof/photo_proof_api/venv/lib/python3.13/site-packages/starlette/middleware/base.py", line 144, in coro
    await self.app(scope, receive_or_disconnect, send_no_error)
  File "/Users/ns632@apac.comcast.com/Documents/v0_photo_proof/photo_proof_api/venv/lib/python3.13/site-packages/starlette/middleware/gzip.py", line 29, in __call__
    await responder(scope, receive, send)
  File "/Users/ns632@apac.comcast.com/Documents/v0_photo_proof/photo_proof_api/venv/lib/python3.13/site-packages/starlette/middleware/gzip.py", line 130, in __call__
    await super().__call__(scope, receive, send)
  File "/Users/ns632@apac.comcast.com/Documents/v0_photo_proof/photo_proof_api/venv/lib/python3.13/site-packages/starlette/middleware/gzip.py", line 46, in __call__
    await self.app(scope, receive, self.send_with_compression)
  File "/Users/ns632@apac.comcast.com/Documents/v0_photo_proof/photo_proof_api/venv/lib/python3.13/site-packages/starlette/middleware/cors.py", line 93, in __call__
    await self.simple_response(scope, receive, send, request_headers=headers)
  File "/Users/ns632@apac.comcast.com/Documents/v0_photo_proof/photo_proof_api/venv/lib/python3.13/site-packages/starlette/middleware/cors.py", line 144, in simple_response
    await self.app(scope, receive, send)
  File "/Users/ns632@apac.comcast.com/Documents/v0_photo_proof/photo_proof_api/venv/lib/python3.13/site-packages/starlette/middleware/exceptions.py", line 63, in __call__
    await wrap_app_handling_exceptions(self.app, conn)(scope, receive, send)
  File "/Users/ns632@apac.comcast.com/Documents/v0_photo_proof/photo_proof_api/venv/lib/python3.13/site-packages/starlette/_exception_handler.py", line 53, in wrapped_app
    raise exc
  File "/Users/ns632@apac.comcast.com/Documents/v0_photo_proof/photo_proof_api/venv/lib/python3.13/site-packages/starlette/_exception_handler.py", line 42, in wrapped_app
    await app(scope, receive, sender)
  File "/Users/ns632@apac.comcast.com/Documents/v0_photo_proof/photo_proof_api/venv/lib/python3.13/site-packages/fastapi/middleware/asyncexitstack.py", line 18, in __call__
    await self.app(scope, receive, send)
  File "/Users/ns632@apac.comcast.com/Documents/v0_photo_proof/photo_proof_api/venv/lib/python3.13/site-packages/starlette/routing.py", line 716, in __call__
    await self.middleware_stack(scope, receive, send)
  File "/Users/ns632@apac.comcast.com/Documents/v0_photo_proof/photo_proof_api/venv/lib/python3.13/site-packages/starlette/routing.py", line 736, in app
    await route.handle(scope, receive, send)
  File "/Users/ns632@apac.comcast.com/Documents/v0_photo_proof/photo_proof_api/venv/lib/python3.13/site-packages/starlette/routing.py", line 290, in handle
    await self.app(scope, receive, send)
  File "/Users/ns632@apac.comcast.com/Documents/v0_photo_proof/photo_proof_api/venv/lib/python3.13/site-packages/fastapi/routing.py", line 123, in app
    await wrap_app_handling_exceptions(app, request)(scope, receive, send)
  File "/Users/ns632@apac.comcast.com/Documents/v0_photo_proof/photo_proof_api/venv/lib/python3.13/site-packages/starlette/_exception_handler.py", line 53, in wrapped_app
    raise exc
  File "/Users/ns632@apac.comcast.com/Documents/v0_photo_proof/photo_proof_api/venv/lib/python3.13/site-packages/starlette/_exception_handler.py", line 42, in wrapped_app
    await app(scope, receive, sender)
  File "/Users/ns632@apac.comcast.com/Documents/v0_photo_proof/photo_proof_api/venv/lib/python3.13/site-packages/fastapi/routing.py", line 109, in app
    response = await f(request)
               ^^^^^^^^^^^^^^^^
  File "/Users/ns632@apac.comcast.com/Documents/v0_photo_proof/photo_proof_api/venv/lib/python3.13/site-packages/fastapi/routing.py", line 387, in app
    raw_response = await run_endpoint_function(
                   ^^^^^^^^^^^^^^^^^^^^^^^^^^^^
    ...<3 lines>...
    )
    ^
  File "/Users/ns632@apac.comcast.com/Documents/v0_photo_proof/photo_proof_api/venv/lib/python3.13/site-packages/fastapi/routing.py", line 290, in run_endpoint_function
    return await run_in_threadpool(dependant.call, **values)
           ^^^^^^^^^^^^^^^^^^^^^^^^^^^^^^^^^^^^^^^^^^^^^^^^^
  File "/Users/ns632@apac.comcast.com/Documents/v0_photo_proof/photo_proof_api/venv/lib/python3.13/site-packages/starlette/concurrency.py", line 38, in run_in_threadpool
    return await anyio.to_thread.run_sync(func)
           ^^^^^^^^^^^^^^^^^^^^^^^^^^^^^^^^^^^^
  File "/Users/ns632@apac.comcast.com/Documents/v0_photo_proof/photo_proof_api/venv/lib/python3.13/site-packages/anyio/to_thread.py", line 56, in run_sync
    return await get_async_backend().run_sync_in_worker_thread(
           ^^^^^^^^^^^^^^^^^^^^^^^^^^^^^^^^^^^^^^^^^^^^^^^^^^^^
        func, args, abandon_on_cancel=abandon_on_cancel, limiter=limiter
        ^^^^^^^^^^^^^^^^^^^^^^^^^^^^^^^^^^^^^^^^^^^^^^^^^^^^^^^^^^^^^^^^
    )
    ^
  File "/Users/ns632@apac.comcast.com/Documents/v0_photo_proof/photo_proof_api/venv/lib/python3.13/site-packages/anyio/_backends/_asyncio.py", line 2485, in run_sync_in_worker_thread
    return await future
           ^^^^^^^^^^^^
  File "/Users/ns632@apac.comcast.com/Documents/v0_photo_proof/photo_proof_api/venv/lib/python3.13/site-packages/anyio/_backends/_asyncio.py", line 976, in run
    result = context.run(func, *args)
  File "/Users/ns632@apac.comcast.com/Documents/v0_photo_proof/photo_proof_api/app/api/v1/projects.py", line 771, in create_project_folder
    db.commit()
    ~~~~~~~~~^^
  File "/Users/ns632@apac.comcast.com/Documents/v0_photo_proof/photo_proof_api/venv/lib/python3.13/site-packages/sqlalchemy/orm/session.py", line 2030, in commit
    trans.commit(_to_root=True)
    ~~~~~~~~~~~~^^^^^^^^^^^^^^^
  File "<string>", line 2, in commit
  File "/Users/ns632@apac.comcast.com/Documents/v0_photo_proof/photo_proof_api/venv/lib/python3.13/site-packages/sqlalchemy/orm/state_changes.py", line 137, in _go
    ret_value = fn(self, *arg, **kw)
  File "/Users/ns632@apac.comcast.com/Documents/v0_photo_proof/photo_proof_api/venv/lib/python3.13/site-packages/sqlalchemy/orm/session.py", line 1311, in commit
    self._prepare_impl()
    ~~~~~~~~~~~~~~~~~~^^
  File "<string>", line 2, in _prepare_impl
  File "/Users/ns632@apac.comcast.com/Documents/v0_photo_proof/photo_proof_api/venv/lib/python3.13/site-packages/sqlalchemy/orm/state_changes.py", line 137, in _go
    ret_value = fn(self, *arg, **kw)
  File "/Users/ns632@apac.comcast.com/Documents/v0_photo_proof/photo_proof_api/venv/lib/python3.13/site-packages/sqlalchemy/orm/session.py", line 1286, in _prepare_impl
    self.session.flush()
    ~~~~~~~~~~~~~~~~~~^^
  File "/Users/ns632@apac.comcast.com/Documents/v0_photo_proof/photo_proof_api/venv/lib/python3.13/site-packages/sqlalchemy/orm/session.py", line 4331, in flush
    self._flush(objects)
    ~~~~~~~~~~~^^^^^^^^^
  File "/Users/ns632@apac.comcast.com/Documents/v0_photo_proof/photo_proof_api/venv/lib/python3.13/site-packages/sqlalchemy/orm/session.py", line 4466, in _flush
    with util.safe_reraise():
         ~~~~~~~~~~~~~~~~~^^
  File "/Users/ns632@apac.comcast.com/Documents/v0_photo_proof/photo_proof_api/venv/lib/python3.13/site-packages/sqlalchemy/util/langhelpers.py", line 224, in __exit__
    raise exc_value.with_traceback(exc_tb)
  File "/Users/ns632@apac.comcast.com/Documents/v0_photo_proof/photo_proof_api/venv/lib/python3.13/site-packages/sqlalchemy/orm/session.py", line 4427, in _flush
    flush_context.execute()
    ~~~~~~~~~~~~~~~~~~~~~^^
  File "/Users/ns632@apac.comcast.com/Documents/v0_photo_proof/photo_proof_api/venv/lib/python3.13/site-packages/sqlalchemy/orm/unitofwork.py", line 466, in execute
    rec.execute(self)
    ~~~~~~~~~~~^^^^^^
  File "/Users/ns632@apac.comcast.com/Documents/v0_photo_proof/photo_proof_api/venv/lib/python3.13/site-packages/sqlalchemy/orm/unitofwork.py", line 642, in execute
    util.preloaded.orm_persistence.save_obj(
    ~~~~~~~~~~~~~~~~~~~~~~~~~~~~~~~~~~~~~~~^
        self.mapper,
        ^^^^^^^^^^^^
        uow.states_for_mapper_hierarchy(self.mapper, False, False),
        ^^^^^^^^^^^^^^^^^^^^^^^^^^^^^^^^^^^^^^^^^^^^^^^^^^^^^^^^^^^
        uow,
        ^^^^
    )
    ^
  File "/Users/ns632@apac.comcast.com/Documents/v0_photo_proof/photo_proof_api/venv/lib/python3.13/site-packages/sqlalchemy/orm/persistence.py", line 93, in save_obj
    _emit_insert_statements(
    ~~~~~~~~~~~~~~~~~~~~~~~^
        base_mapper,
        ^^^^^^^^^^^^
    ...<3 lines>...
        insert,
        ^^^^^^^
    )
    ^
  File "/Users/ns632@apac.comcast.com/Documents/v0_photo_proof/photo_proof_api/venv/lib/python3.13/site-packages/sqlalchemy/orm/persistence.py", line 1233, in _emit_insert_statements
    result = connection.execute(
        statement,
        params,
        execution_options=execution_options,
    )
  File "/Users/ns632@apac.comcast.com/Documents/v0_photo_proof/photo_proof_api/venv/lib/python3.13/site-packages/sqlalchemy/engine/base.py", line 1419, in execute
    return meth(
        self,
        distilled_parameters,
        execution_options or NO_OPTIONS,
    )
  File "/Users/ns632@apac.comcast.com/Documents/v0_photo_proof/photo_proof_api/venv/lib/python3.13/site-packages/sqlalchemy/sql/elements.py", line 526, in _execute_on_connection
    return connection._execute_clauseelement(
           ~~~~~~~~~~~~~~~~~~~~~~~~~~~~~~~~~^
        self, distilled_params, execution_options
        ^^^^^^^^^^^^^^^^^^^^^^^^^^^^^^^^^^^^^^^^^
    )
    ^
  File "/Users/ns632@apac.comcast.com/Documents/v0_photo_proof/photo_proof_api/venv/lib/python3.13/site-packages/sqlalchemy/engine/base.py", line 1641, in _execute_clauseelement
    ret = self._execute_context(
        dialect,
    ...<8 lines>...
        cache_hit=cache_hit,
    )
  File "/Users/ns632@apac.comcast.com/Documents/v0_photo_proof/photo_proof_api/venv/lib/python3.13/site-packages/sqlalchemy/engine/base.py", line 1846, in _execute_context
    return self._exec_single_context(
           ~~~~~~~~~~~~~~~~~~~~~~~~~^
        dialect, context, statement, parameters
        ^^^^^^^^^^^^^^^^^^^^^^^^^^^^^^^^^^^^^^^
    )
    ^
  File "/Users/ns632@apac.comcast.com/Documents/v0_photo_proof/photo_proof_api/venv/lib/python3.13/site-packages/sqlalchemy/engine/base.py", line 1986, in _exec_single_context
    self._handle_dbapi_exception(
    ~~~~~~~~~~~~~~~~~~~~~~~~~~~~^
        e, str_statement, effective_parameters, cursor, context
        ^^^^^^^^^^^^^^^^^^^^^^^^^^^^^^^^^^^^^^^^^^^^^^^^^^^^^^^
    )
    ^
  File "/Users/ns632@apac.comcast.com/Documents/v0_photo_proof/photo_proof_api/venv/lib/python3.13/site-packages/sqlalchemy/engine/base.py", line 2355, in _handle_dbapi_exception
    raise sqlalchemy_exception.with_traceback(exc_info[2]) from e
  File "/Users/ns632@apac.comcast.com/Documents/v0_photo_proof/photo_proof_api/venv/lib/python3.13/site-packages/sqlalchemy/engine/base.py", line 1967, in _exec_single_context
    self.dialect.do_execute(
    ~~~~~~~~~~~~~~~~~~~~~~~^
        cursor, str_statement, effective_parameters, context
        ^^^^^^^^^^^^^^^^^^^^^^^^^^^^^^^^^^^^^^^^^^^^^^^^^^^^
    )
    ^
  File "/Users/ns632@apac.comcast.com/Documents/v0_photo_proof/photo_proof_api/venv/lib/python3.13/site-packages/sqlalchemy/engine/default.py", line 951, in do_execute
    cursor.execute(statement, parameters)
    ~~~~~~~~~~~~~~^^^^^^^^^^^^^^^^^^^^^^^
sqlalchemy.exc.IntegrityError: (psycopg2.errors.UniqueViolation) duplicate key value violates unique constraint "idx_folders_project_name_unique"
DETAIL:  Key (project_id, lower(name::text))=(6, few_qwerty) already exists.

[SQL: INSERT INTO folders (id, project_id, name, cover_photo_id, photo_count, order_index, created_at, updated_at) VALUES (%(id)s, %(project_id)s, %(name)s, %(cover_photo_id)s, %(photo_count)s, %(order_index)s, %(created_at)s, %(updated_at)s)]
[parameters: {'id': 'aa87c781-288b-426b-8c41-ebee4f095da6', 'project_id': 6, 'name': 'few_qwerty', 'cover_photo_id': None, 'photo_count': 0, 'order_index': 2, 'created_at': datetime.datetime(2025, 11, 27, 8, 12, 25, 216241), 'updated_at': datetime.datetime(2025, 11, 27, 8, 12, 25, 216248)}]
(Background on this error at: https://sqlalche.me/e/20/gkpj)
2025-11-27 13:42:25 | ERROR | app.middleware.tenant | Error in tenant middleware: (psycopg2.errors.UniqueViolation) duplicate key value violates unique constraint "idx_folders_project_name_unique"
DETAIL:  Key (project_id, lower(name::text))=(6, few_qwerty) already exists.

[SQL: INSERT INTO folders (id, project_id, name, cover_photo_id, photo_count, order_index, created_at, updated_at) VALUES (%(id)s, %(project_id)s, %(name)s, %(cover_photo_id)s, %(photo_count)s, %(order_index)s, %(created_at)s, %(updated_at)s)]
[parameters: {'id': 'a9197e02-b22a-4924-9cdf-f2fa6481e3f1', 'project_id': 6, 'name': 'few_qwerty', 'cover_photo_id': None, 'photo_count': 0, 'order_index': 2, 'created_at': datetime.datetime(2025, 11, 27, 8, 12, 25, 196761), 'updated_at': datetime.datetime(2025, 11, 27, 8, 12, 25, 196764)}]
(Background on this error at: https://sqlalche.me/e/20/gkpj)
Traceback (most recent call last):
  File "/Users/ns632@apac.comcast.com/Documents/v0_photo_proof/photo_proof_api/venv/lib/python3.13/site-packages/sqlalchemy/engine/base.py", line 1967, in _exec_single_context
    self.dialect.do_execute(
    ~~~~~~~~~~~~~~~~~~~~~~~^
        cursor, str_statement, effective_parameters, context
        ^^^^^^^^^^^^^^^^^^^^^^^^^^^^^^^^^^^^^^^^^^^^^^^^^^^^
    )
    ^
  File "/Users/ns632@apac.comcast.com/Documents/v0_photo_proof/photo_proof_api/venv/lib/python3.13/site-packages/sqlalchemy/engine/default.py", line 951, in do_execute
    cursor.execute(statement, parameters)
    ~~~~~~~~~~~~~~^^^^^^^^^^^^^^^^^^^^^^^
psycopg2.errors.UniqueViolation: duplicate key value violates unique constraint "idx_folders_project_name_unique"
DETAIL:  Key (project_id, lower(name::text))=(6, few_qwerty) already exists.


The above exception was the direct cause of the following exception:

Traceback (most recent call last):
  File "/Users/ns632@apac.comcast.com/Documents/v0_photo_proof/photo_proof_api/app/middleware/tenant.py", line 153, in tenant_middleware
    response = await call_next(request)
               ^^^^^^^^^^^^^^^^^^^^^^^^
  File "/Users/ns632@apac.comcast.com/Documents/v0_photo_proof/photo_proof_api/venv/lib/python3.13/site-packages/starlette/middleware/base.py", line 159, in call_next
    raise app_exc
  File "/Users/ns632@apac.comcast.com/Documents/v0_photo_proof/photo_proof_api/venv/lib/python3.13/site-packages/starlette/middleware/base.py", line 144, in coro
    await self.app(scope, receive_or_disconnect, send_no_error)
  File "/Users/ns632@apac.comcast.com/Documents/v0_photo_proof/photo_proof_api/venv/lib/python3.13/site-packages/starlette/middleware/gzip.py", line 29, in __call__
    await responder(scope, receive, send)
  File "/Users/ns632@apac.comcast.com/Documents/v0_photo_proof/photo_proof_api/venv/lib/python3.13/site-packages/starlette/middleware/gzip.py", line 130, in __call__
    await super().__call__(scope, receive, send)
  File "/Users/ns632@apac.comcast.com/Documents/v0_photo_proof/photo_proof_api/venv/lib/python3.13/site-packages/starlette/middleware/gzip.py", line 46, in __call__
    await self.app(scope, receive, self.send_with_compression)
  File "/Users/ns632@apac.comcast.com/Documents/v0_photo_proof/photo_proof_api/venv/lib/python3.13/site-packages/starlette/middleware/cors.py", line 93, in __call__
    await self.simple_response(scope, receive, send, request_headers=headers)
  File "/Users/ns632@apac.comcast.com/Documents/v0_photo_proof/photo_proof_api/venv/lib/python3.13/site-packages/starlette/middleware/cors.py", line 144, in simple_response
    await self.app(scope, receive, send)
  File "/Users/ns632@apac.comcast.com/Documents/v0_photo_proof/photo_proof_api/venv/lib/python3.13/site-packages/starlette/middleware/exceptions.py", line 63, in __call__
    await wrap_app_handling_exceptions(self.app, conn)(scope, receive, send)
  File "/Users/ns632@apac.comcast.com/Documents/v0_photo_proof/photo_proof_api/venv/lib/python3.13/site-packages/starlette/_exception_handler.py", line 53, in wrapped_app
    raise exc
  File "/Users/ns632@apac.comcast.com/Documents/v0_photo_proof/photo_proof_api/venv/lib/python3.13/site-packages/starlette/_exception_handler.py", line 42, in wrapped_app
    await app(scope, receive, sender)
  File "/Users/ns632@apac.comcast.com/Documents/v0_photo_proof/photo_proof_api/venv/lib/python3.13/site-packages/fastapi/middleware/asyncexitstack.py", line 18, in __call__
    await self.app(scope, receive, send)
  File "/Users/ns632@apac.comcast.com/Documents/v0_photo_proof/photo_proof_api/venv/lib/python3.13/site-packages/starlette/routing.py", line 716, in __call__
    await self.middleware_stack(scope, receive, send)
  File "/Users/ns632@apac.comcast.com/Documents/v0_photo_proof/photo_proof_api/venv/lib/python3.13/site-packages/starlette/routing.py", line 736, in app
    await route.handle(scope, receive, send)
  File "/Users/ns632@apac.comcast.com/Documents/v0_photo_proof/photo_proof_api/venv/lib/python3.13/site-packages/starlette/routing.py", line 290, in handle
    await self.app(scope, receive, send)
  File "/Users/ns632@apac.comcast.com/Documents/v0_photo_proof/photo_proof_api/venv/lib/python3.13/site-packages/fastapi/routing.py", line 123, in app
    await wrap_app_handling_exceptions(app, request)(scope, receive, send)
  File "/Users/ns632@apac.comcast.com/Documents/v0_photo_proof/photo_proof_api/venv/lib/python3.13/site-packages/starlette/_exception_handler.py", line 53, in wrapped_app
    raise exc
  File "/Users/ns632@apac.comcast.com/Documents/v0_photo_proof/photo_proof_api/venv/lib/python3.13/site-packages/starlette/_exception_handler.py", line 42, in wrapped_app
    await app(scope, receive, sender)
  File "/Users/ns632@apac.comcast.com/Documents/v0_photo_proof/photo_proof_api/venv/lib/python3.13/site-packages/fastapi/routing.py", line 109, in app
    response = await f(request)
               ^^^^^^^^^^^^^^^^
  File "/Users/ns632@apac.comcast.com/Documents/v0_photo_proof/photo_proof_api/venv/lib/python3.13/site-packages/fastapi/routing.py", line 387, in app
    raw_response = await run_endpoint_function(
                   ^^^^^^^^^^^^^^^^^^^^^^^^^^^^
    ...<3 lines>...
    )
    ^
  File "/Users/ns632@apac.comcast.com/Documents/v0_photo_proof/photo_proof_api/venv/lib/python3.13/site-packages/fastapi/routing.py", line 290, in run_endpoint_function
    return await run_in_threadpool(dependant.call, **values)
           ^^^^^^^^^^^^^^^^^^^^^^^^^^^^^^^^^^^^^^^^^^^^^^^^^
  File "/Users/ns632@apac.comcast.com/Documents/v0_photo_proof/photo_proof_api/venv/lib/python3.13/site-packages/starlette/concurrency.py", line 38, in run_in_threadpool
    return await anyio.to_thread.run_sync(func)
           ^^^^^^^^^^^^^^^^^^^^^^^^^^^^^^^^^^^^
  File "/Users/ns632@apac.comcast.com/Documents/v0_photo_proof/photo_proof_api/venv/lib/python3.13/site-packages/anyio/to_thread.py", line 56, in run_sync
    return await get_async_backend().run_sync_in_worker_thread(
           ^^^^^^^^^^^^^^^^^^^^^^^^^^^^^^^^^^^^^^^^^^^^^^^^^^^^
        func, args, abandon_on_cancel=abandon_on_cancel, limiter=limiter
        ^^^^^^^^^^^^^^^^^^^^^^^^^^^^^^^^^^^^^^^^^^^^^^^^^^^^^^^^^^^^^^^^
    )
    ^
  File "/Users/ns632@apac.comcast.com/Documents/v0_photo_proof/photo_proof_api/venv/lib/python3.13/site-packages/anyio/_backends/_asyncio.py", line 2485, in run_sync_in_worker_thread
    return await future
           ^^^^^^^^^^^^
  File "/Users/ns632@apac.comcast.com/Documents/v0_photo_proof/photo_proof_api/venv/lib/python3.13/site-packages/anyio/_backends/_asyncio.py", line 976, in run
    result = context.run(func, *args)
  File "/Users/ns632@apac.comcast.com/Documents/v0_photo_proof/photo_proof_api/app/api/v1/projects.py", line 771, in create_project_folder
    db.commit()
    ~~~~~~~~~^^
  File "/Users/ns632@apac.comcast.com/Documents/v0_photo_proof/photo_proof_api/venv/lib/python3.13/site-packages/sqlalchemy/orm/session.py", line 2030, in commit
    trans.commit(_to_root=True)
    ~~~~~~~~~~~~^^^^^^^^^^^^^^^
  File "<string>", line 2, in commit
  File "/Users/ns632@apac.comcast.com/Documents/v0_photo_proof/photo_proof_api/venv/lib/python3.13/site-packages/sqlalchemy/orm/state_changes.py", line 137, in _go
    ret_value = fn(self, *arg, **kw)
  File "/Users/ns632@apac.comcast.com/Documents/v0_photo_proof/photo_proof_api/venv/lib/python3.13/site-packages/sqlalchemy/orm/session.py", line 1311, in commit
    self._prepare_impl()
    ~~~~~~~~~~~~~~~~~~^^
  File "<string>", line 2, in _prepare_impl
  File "/Users/ns632@apac.comcast.com/Documents/v0_photo_proof/photo_proof_api/venv/lib/python3.13/site-packages/sqlalchemy/orm/state_changes.py", line 137, in _go
    ret_value = fn(self, *arg, **kw)
  File "/Users/ns632@apac.comcast.com/Documents/v0_photo_proof/photo_proof_api/venv/lib/python3.13/site-packages/sqlalchemy/orm/session.py", line 1286, in _prepare_impl
    self.session.flush()
    ~~~~~~~~~~~~~~~~~~^^
  File "/Users/ns632@apac.comcast.com/Documents/v0_photo_proof/photo_proof_api/venv/lib/python3.13/site-packages/sqlalchemy/orm/session.py", line 4331, in flush
    self._flush(objects)
    ~~~~~~~~~~~^^^^^^^^^
  File "/Users/ns632@apac.comcast.com/Documents/v0_photo_proof/photo_proof_api/venv/lib/python3.13/site-packages/sqlalchemy/orm/session.py", line 4466, in _flush
    with util.safe_reraise():
         ~~~~~~~~~~~~~~~~~^^
  File "/Users/ns632@apac.comcast.com/Documents/v0_photo_proof/photo_proof_api/venv/lib/python3.13/site-packages/sqlalchemy/util/langhelpers.py", line 224, in __exit__
    raise exc_value.with_traceback(exc_tb)
  File "/Users/ns632@apac.comcast.com/Documents/v0_photo_proof/photo_proof_api/venv/lib/python3.13/site-packages/sqlalchemy/orm/session.py", line 4427, in _flush
    flush_context.execute()
    ~~~~~~~~~~~~~~~~~~~~~^^
  File "/Users/ns632@apac.comcast.com/Documents/v0_photo_proof/photo_proof_api/venv/lib/python3.13/site-packages/sqlalchemy/orm/unitofwork.py", line 466, in execute
    rec.execute(self)
    ~~~~~~~~~~~^^^^^^
  File "/Users/ns632@apac.comcast.com/Documents/v0_photo_proof/photo_proof_api/venv/lib/python3.13/site-packages/sqlalchemy/orm/unitofwork.py", line 642, in execute
    util.preloaded.orm_persistence.save_obj(
    ~~~~~~~~~~~~~~~~~~~~~~~~~~~~~~~~~~~~~~~^
        self.mapper,
        ^^^^^^^^^^^^
        uow.states_for_mapper_hierarchy(self.mapper, False, False),
        ^^^^^^^^^^^^^^^^^^^^^^^^^^^^^^^^^^^^^^^^^^^^^^^^^^^^^^^^^^^
        uow,
        ^^^^
    )
    ^
  File "/Users/ns632@apac.comcast.com/Documents/v0_photo_proof/photo_proof_api/venv/lib/python3.13/site-packages/sqlalchemy/orm/persistence.py", line 93, in save_obj
    _emit_insert_statements(
    ~~~~~~~~~~~~~~~~~~~~~~~^
        base_mapper,
        ^^^^^^^^^^^^
    ...<3 lines>...
        insert,
        ^^^^^^^
    )
    ^
  File "/Users/ns632@apac.comcast.com/Documents/v0_photo_proof/photo_proof_api/venv/lib/python3.13/site-packages/sqlalchemy/orm/persistence.py", line 1233, in _emit_insert_statements
    result = connection.execute(
        statement,
        params,
        execution_options=execution_options,
    )
  File "/Users/ns632@apac.comcast.com/Documents/v0_photo_proof/photo_proof_api/venv/lib/python3.13/site-packages/sqlalchemy/engine/base.py", line 1419, in execute
    return meth(
        self,
        distilled_parameters,
        execution_options or NO_OPTIONS,
    )
  File "/Users/ns632@apac.comcast.com/Documents/v0_photo_proof/photo_proof_api/venv/lib/python3.13/site-packages/sqlalchemy/sql/elements.py", line 526, in _execute_on_connection
    return connection._execute_clauseelement(
           ~~~~~~~~~~~~~~~~~~~~~~~~~~~~~~~~~^
        self, distilled_params, execution_options
        ^^^^^^^^^^^^^^^^^^^^^^^^^^^^^^^^^^^^^^^^^
    )
    ^
  File "/Users/ns632@apac.comcast.com/Documents/v0_photo_proof/photo_proof_api/venv/lib/python3.13/site-packages/sqlalchemy/engine/base.py", line 1641, in _execute_clauseelement
    ret = self._execute_context(
        dialect,
    ...<8 lines>...
        cache_hit=cache_hit,
    )
  File "/Users/ns632@apac.comcast.com/Documents/v0_photo_proof/photo_proof_api/venv/lib/python3.13/site-packages/sqlalchemy/engine/base.py", line 1846, in _execute_context
    return self._exec_single_context(
           ~~~~~~~~~~~~~~~~~~~~~~~~~^
        dialect, context, statement, parameters
        ^^^^^^^^^^^^^^^^^^^^^^^^^^^^^^^^^^^^^^^
    )
    ^
  File "/Users/ns632@apac.comcast.com/Documents/v0_photo_proof/photo_proof_api/venv/lib/python3.13/site-packages/sqlalchemy/engine/base.py", line 1986, in _exec_single_context
    self._handle_dbapi_exception(
    ~~~~~~~~~~~~~~~~~~~~~~~~~~~~^
        e, str_statement, effective_parameters, cursor, context
        ^^^^^^^^^^^^^^^^^^^^^^^^^^^^^^^^^^^^^^^^^^^^^^^^^^^^^^^
    )
    ^
  File "/Users/ns632@apac.comcast.com/Documents/v0_photo_proof/photo_proof_api/venv/lib/python3.13/site-packages/sqlalchemy/engine/base.py", line 2355, in _handle_dbapi_exception
    raise sqlalchemy_exception.with_traceback(exc_info[2]) from e
  File "/Users/ns632@apac.comcast.com/Documents/v0_photo_proof/photo_proof_api/venv/lib/python3.13/site-packages/sqlalchemy/engine/base.py", line 1967, in _exec_single_context
    self.dialect.do_execute(
    ~~~~~~~~~~~~~~~~~~~~~~~^
        cursor, str_statement, effective_parameters, context
        ^^^^^^^^^^^^^^^^^^^^^^^^^^^^^^^^^^^^^^^^^^^^^^^^^^^^
    )
    ^
  File "/Users/ns632@apac.comcast.com/Documents/v0_photo_proof/photo_proof_api/venv/lib/python3.13/site-packages/sqlalchemy/engine/default.py", line 951, in do_execute
    cursor.execute(statement, parameters)
    ~~~~~~~~~~~~~~^^^^^^^^^^^^^^^^^^^^^^^
sqlalchemy.exc.IntegrityError: (psycopg2.errors.UniqueViolation) duplicate key value violates unique constraint "idx_folders_project_name_unique"
DETAIL:  Key (project_id, lower(name::text))=(6, few_qwerty) already exists.

[SQL: INSERT INTO folders (id, project_id, name, cover_photo_id, photo_count, order_index, created_at, updated_at) VALUES (%(id)s, %(project_id)s, %(name)s, %(cover_photo_id)s, %(photo_count)s, %(order_index)s, %(created_at)s, %(updated_at)s)]
[parameters: {'id': 'a9197e02-b22a-4924-9cdf-f2fa6481e3f1', 'project_id': 6, 'name': 'few_qwerty', 'cover_photo_id': None, 'photo_count': 0, 'order_index': 2, 'created_at': datetime.datetime(2025, 11, 27, 8, 12, 25, 196761), 'updated_at': datetime.datetime(2025, 11, 27, 8, 12, 25, 196764)}]
(Background on this error at: https://sqlalche.me/e/20/gkpj)
2025-11-27 13:42:25 | ERROR | app.middleware.tenant | Error in tenant middleware: (psycopg2.errors.UniqueViolation) duplicate key value violates unique constraint "idx_folders_project_name_unique"
DETAIL:  Key (project_id, lower(name::text))=(6, few_qwerty) already exists.

[SQL: INSERT INTO folders (id, project_id, name, cover_photo_id, photo_count, order_index, created_at, updated_at) VALUES (%(id)s, %(project_id)s, %(name)s, %(cover_photo_id)s, %(photo_count)s, %(order_index)s, %(created_at)s, %(updated_at)s)]
[parameters: {'id': '910d0b98-c0b7-455a-8b76-3376663aadf4', 'project_id': 6, 'name': 'few_qwerty', 'cover_photo_id': None, 'photo_count': 0, 'order_index': 2, 'created_at': datetime.datetime(2025, 11, 27, 8, 12, 25, 198853), 'updated_at': datetime.datetime(2025, 11, 27, 8, 12, 25, 198857)}]
(Background on this error at: https://sqlalche.me/e/20/gkpj)
Traceback (most recent call last):
  File "/Users/ns632@apac.comcast.com/Documents/v0_photo_proof/photo_proof_api/venv/lib/python3.13/site-packages/sqlalchemy/engine/base.py", line 1967, in _exec_single_context
    self.dialect.do_execute(
    ~~~~~~~~~~~~~~~~~~~~~~~^
        cursor, str_statement, effective_parameters, context
        ^^^^^^^^^^^^^^^^^^^^^^^^^^^^^^^^^^^^^^^^^^^^^^^^^^^^
    )
    ^
  File "/Users/ns632@apac.comcast.com/Documents/v0_photo_proof/photo_proof_api/venv/lib/python3.13/site-packages/sqlalchemy/engine/default.py", line 951, in do_execute
    cursor.execute(statement, parameters)
    ~~~~~~~~~~~~~~^^^^^^^^^^^^^^^^^^^^^^^
psycopg2.errors.UniqueViolation: duplicate key value violates unique constraint "idx_folders_project_name_unique"
DETAIL:  Key (project_id, lower(name::text))=(6, few_qwerty) already exists.


The above exception was the direct cause of the following exception:

Traceback (most recent call last):
  File "/Users/ns632@apac.comcast.com/Documents/v0_photo_proof/photo_proof_api/app/middleware/tenant.py", line 153, in tenant_middleware
    response = await call_next(request)
               ^^^^^^^^^^^^^^^^^^^^^^^^
  File "/Users/ns632@apac.comcast.com/Documents/v0_photo_proof/photo_proof_api/venv/lib/python3.13/site-packages/starlette/middleware/base.py", line 159, in call_next
    raise app_exc
  File "/Users/ns632@apac.comcast.com/Documents/v0_photo_proof/photo_proof_api/venv/lib/python3.13/site-packages/starlette/middleware/base.py", line 144, in coro
    await self.app(scope, receive_or_disconnect, send_no_error)
  File "/Users/ns632@apac.comcast.com/Documents/v0_photo_proof/photo_proof_api/venv/lib/python3.13/site-packages/starlette/middleware/gzip.py", line 29, in __call__
    await responder(scope, receive, send)
  File "/Users/ns632@apac.comcast.com/Documents/v0_photo_proof/photo_proof_api/venv/lib/python3.13/site-packages/starlette/middleware/gzip.py", line 130, in __call__
    await super().__call__(scope, receive, send)
  File "/Users/ns632@apac.comcast.com/Documents/v0_photo_proof/photo_proof_api/venv/lib/python3.13/site-packages/starlette/middleware/gzip.py", line 46, in __call__
    await self.app(scope, receive, self.send_with_compression)
  File "/Users/ns632@apac.comcast.com/Documents/v0_photo_proof/photo_proof_api/venv/lib/python3.13/site-packages/starlette/middleware/cors.py", line 93, in __call__
    await self.simple_response(scope, receive, send, request_headers=headers)
  File "/Users/ns632@apac.comcast.com/Documents/v0_photo_proof/photo_proof_api/venv/lib/python3.13/site-packages/starlette/middleware/cors.py", line 144, in simple_response
    await self.app(scope, receive, send)
  File "/Users/ns632@apac.comcast.com/Documents/v0_photo_proof/photo_proof_api/venv/lib/python3.13/site-packages/starlette/middleware/exceptions.py", line 63, in __call__
    await wrap_app_handling_exceptions(self.app, conn)(scope, receive, send)
  File "/Users/ns632@apac.comcast.com/Documents/v0_photo_proof/photo_proof_api/venv/lib/python3.13/site-packages/starlette/_exception_handler.py", line 53, in wrapped_app
    raise exc
  File "/Users/ns632@apac.comcast.com/Documents/v0_photo_proof/photo_proof_api/venv/lib/python3.13/site-packages/starlette/_exception_handler.py", line 42, in wrapped_app
    await app(scope, receive, sender)
  File "/Users/ns632@apac.comcast.com/Documents/v0_photo_proof/photo_proof_api/venv/lib/python3.13/site-packages/fastapi/middleware/asyncexitstack.py", line 18, in __call__
    await self.app(scope, receive, send)
  File "/Users/ns632@apac.comcast.com/Documents/v0_photo_proof/photo_proof_api/venv/lib/python3.13/site-packages/starlette/routing.py", line 716, in __call__
    await self.middleware_stack(scope, receive, send)
  File "/Users/ns632@apac.comcast.com/Documents/v0_photo_proof/photo_proof_api/venv/lib/python3.13/site-packages/starlette/routing.py", line 736, in app
    await route.handle(scope, receive, send)
  File "/Users/ns632@apac.comcast.com/Documents/v0_photo_proof/photo_proof_api/venv/lib/python3.13/site-packages/starlette/routing.py", line 290, in handle
    await self.app(scope, receive, send)
  File "/Users/ns632@apac.comcast.com/Documents/v0_photo_proof/photo_proof_api/venv/lib/python3.13/site-packages/fastapi/routing.py", line 123, in app
    await wrap_app_handling_exceptions(app, request)(scope, receive, send)
  File "/Users/ns632@apac.comcast.com/Documents/v0_photo_proof/photo_proof_api/venv/lib/python3.13/site-packages/starlette/_exception_handler.py", line 53, in wrapped_app
    raise exc
  File "/Users/ns632@apac.comcast.com/Documents/v0_photo_proof/photo_proof_api/venv/lib/python3.13/site-packages/starlette/_exception_handler.py", line 42, in wrapped_app
    await app(scope, receive, sender)
  File "/Users/ns632@apac.comcast.com/Documents/v0_photo_proof/photo_proof_api/venv/lib/python3.13/site-packages/fastapi/routing.py", line 109, in app
    response = await f(request)
               ^^^^^^^^^^^^^^^^
  File "/Users/ns632@apac.comcast.com/Documents/v0_photo_proof/photo_proof_api/venv/lib/python3.13/site-packages/fastapi/routing.py", line 387, in app
    raw_response = await run_endpoint_function(
                   ^^^^^^^^^^^^^^^^^^^^^^^^^^^^
    ...<3 lines>...
    )
    ^
  File "/Users/ns632@apac.comcast.com/Documents/v0_photo_proof/photo_proof_api/venv/lib/python3.13/site-packages/fastapi/routing.py", line 290, in run_endpoint_function
    return await run_in_threadpool(dependant.call, **values)
           ^^^^^^^^^^^^^^^^^^^^^^^^^^^^^^^^^^^^^^^^^^^^^^^^^
  File "/Users/ns632@apac.comcast.com/Documents/v0_photo_proof/photo_proof_api/venv/lib/python3.13/site-packages/starlette/concurrency.py", line 38, in run_in_threadpool
    return await anyio.to_thread.run_sync(func)
           ^^^^^^^^^^^^^^^^^^^^^^^^^^^^^^^^^^^^
  File "/Users/ns632@apac.comcast.com/Documents/v0_photo_proof/photo_proof_api/venv/lib/python3.13/site-packages/anyio/to_thread.py", line 56, in run_sync
    return await get_async_backend().run_sync_in_worker_thread(
           ^^^^^^^^^^^^^^^^^^^^^^^^^^^^^^^^^^^^^^^^^^^^^^^^^^^^
        func, args, abandon_on_cancel=abandon_on_cancel, limiter=limiter
        ^^^^^^^^^^^^^^^^^^^^^^^^^^^^^^^^^^^^^^^^^^^^^^^^^^^^^^^^^^^^^^^^
    )
    ^
  File "/Users/ns632@apac.comcast.com/Documents/v0_photo_proof/photo_proof_api/venv/lib/python3.13/site-packages/anyio/_backends/_asyncio.py", line 2485, in run_sync_in_worker_thread
    return await future
           ^^^^^^^^^^^^
  File "/Users/ns632@apac.comcast.com/Documents/v0_photo_proof/photo_proof_api/venv/lib/python3.13/site-packages/anyio/_backends/_asyncio.py", line 976, in run
    result = context.run(func, *args)
  File "/Users/ns632@apac.comcast.com/Documents/v0_photo_proof/photo_proof_api/app/api/v1/projects.py", line 771, in create_project_folder
    db.commit()
    ~~~~~~~~~^^
  File "/Users/ns632@apac.comcast.com/Documents/v0_photo_proof/photo_proof_api/venv/lib/python3.13/site-packages/sqlalchemy/orm/session.py", line 2030, in commit
    trans.commit(_to_root=True)
    ~~~~~~~~~~~~^^^^^^^^^^^^^^^
  File "<string>", line 2, in commit
  File "/Users/ns632@apac.comcast.com/Documents/v0_photo_proof/photo_proof_api/venv/lib/python3.13/site-packages/sqlalchemy/orm/state_changes.py", line 137, in _go
    ret_value = fn(self, *arg, **kw)
  File "/Users/ns632@apac.comcast.com/Documents/v0_photo_proof/photo_proof_api/venv/lib/python3.13/site-packages/sqlalchemy/orm/session.py", line 1311, in commit
    self._prepare_impl()
    ~~~~~~~~~~~~~~~~~~^^
  File "<string>", line 2, in _prepare_impl
  File "/Users/ns632@apac.comcast.com/Documents/v0_photo_proof/photo_proof_api/venv/lib/python3.13/site-packages/sqlalchemy/orm/state_changes.py", line 137, in _go
    ret_value = fn(self, *arg, **kw)
  File "/Users/ns632@apac.comcast.com/Documents/v0_photo_proof/photo_proof_api/venv/lib/python3.13/site-packages/sqlalchemy/orm/session.py", line 1286, in _prepare_impl
    self.session.flush()
    ~~~~~~~~~~~~~~~~~~^^
  File "/Users/ns632@apac.comcast.com/Documents/v0_photo_proof/photo_proof_api/venv/lib/python3.13/site-packages/sqlalchemy/orm/session.py", line 4331, in flush
    self._flush(objects)
    ~~~~~~~~~~~^^^^^^^^^
  File "/Users/ns632@apac.comcast.com/Documents/v0_photo_proof/photo_proof_api/venv/lib/python3.13/site-packages/sqlalchemy/orm/session.py", line 4466, in _flush
    with util.safe_reraise():
         ~~~~~~~~~~~~~~~~~^^
  File "/Users/ns632@apac.comcast.com/Documents/v0_photo_proof/photo_proof_api/venv/lib/python3.13/site-packages/sqlalchemy/util/langhelpers.py", line 224, in __exit__
    raise exc_value.with_traceback(exc_tb)
  File "/Users/ns632@apac.comcast.com/Documents/v0_photo_proof/photo_proof_api/venv/lib/python3.13/site-packages/sqlalchemy/orm/session.py", line 4427, in _flush
    flush_context.execute()
    ~~~~~~~~~~~~~~~~~~~~~^^
  File "/Users/ns632@apac.comcast.com/Documents/v0_photo_proof/photo_proof_api/venv/lib/python3.13/site-packages/sqlalchemy/orm/unitofwork.py", line 466, in execute
    rec.execute(self)
    ~~~~~~~~~~~^^^^^^
  File "/Users/ns632@apac.comcast.com/Documents/v0_photo_proof/photo_proof_api/venv/lib/python3.13/site-packages/sqlalchemy/orm/unitofwork.py", line 642, in execute
    util.preloaded.orm_persistence.save_obj(
    ~~~~~~~~~~~~~~~~~~~~~~~~~~~~~~~~~~~~~~~^
        self.mapper,
        ^^^^^^^^^^^^
        uow.states_for_mapper_hierarchy(self.mapper, False, False),
        ^^^^^^^^^^^^^^^^^^^^^^^^^^^^^^^^^^^^^^^^^^^^^^^^^^^^^^^^^^^
        uow,
        ^^^^
    )
    ^
  File "/Users/ns632@apac.comcast.com/Documents/v0_photo_proof/photo_proof_api/venv/lib/python3.13/site-packages/sqlalchemy/orm/persistence.py", line 93, in save_obj
    _emit_insert_statements(
    ~~~~~~~~~~~~~~~~~~~~~~~^
        base_mapper,
        ^^^^^^^^^^^^
    ...<3 lines>...
        insert,
        ^^^^^^^
    )
    ^
  File "/Users/ns632@apac.comcast.com/Documents/v0_photo_proof/photo_proof_api/venv/lib/python3.13/site-packages/sqlalchemy/orm/persistence.py", line 1233, in _emit_insert_statements
    result = connection.execute(
        statement,
        params,
        execution_options=execution_options,
    )
  File "/Users/ns632@apac.comcast.com/Documents/v0_photo_proof/photo_proof_api/venv/lib/python3.13/site-packages/sqlalchemy/engine/base.py", line 1419, in execute
    return meth(
        self,
        distilled_parameters,
        execution_options or NO_OPTIONS,
    )
  File "/Users/ns632@apac.comcast.com/Documents/v0_photo_proof/photo_proof_api/venv/lib/python3.13/site-packages/sqlalchemy/sql/elements.py", line 526, in _execute_on_connection
    return connection._execute_clauseelement(
           ~~~~~~~~~~~~~~~~~~~~~~~~~~~~~~~~~^
        self, distilled_params, execution_options
        ^^^^^^^^^^^^^^^^^^^^^^^^^^^^^^^^^^^^^^^^^
    )
    ^
  File "/Users/ns632@apac.comcast.com/Documents/v0_photo_proof/photo_proof_api/venv/lib/python3.13/site-packages/sqlalchemy/engine/base.py", line 1641, in _execute_clauseelement
    ret = self._execute_context(
        dialect,
    ...<8 lines>...
        cache_hit=cache_hit,
    )
  File "/Users/ns632@apac.comcast.com/Documents/v0_photo_proof/photo_proof_api/venv/lib/python3.13/site-packages/sqlalchemy/engine/base.py", line 1846, in _execute_context
    return self._exec_single_context(
           ~~~~~~~~~~~~~~~~~~~~~~~~~^
        dialect, context, statement, parameters
        ^^^^^^^^^^^^^^^^^^^^^^^^^^^^^^^^^^^^^^^
    )
    ^
  File "/Users/ns632@apac.comcast.com/Documents/v0_photo_proof/photo_proof_api/venv/lib/python3.13/site-packages/sqlalchemy/engine/base.py", line 1986, in _exec_single_context
    self._handle_dbapi_exception(
    ~~~~~~~~~~~~~~~~~~~~~~~~~~~~^
        e, str_statement, effective_parameters, cursor, context
        ^^^^^^^^^^^^^^^^^^^^^^^^^^^^^^^^^^^^^^^^^^^^^^^^^^^^^^^
    )
    ^
  File "/Users/ns632@apac.comcast.com/Documents/v0_photo_proof/photo_proof_api/venv/lib/python3.13/site-packages/sqlalchemy/engine/base.py", line 2355, in _handle_dbapi_exception
    raise sqlalchemy_exception.with_traceback(exc_info[2]) from e
  File "/Users/ns632@apac.comcast.com/Documents/v0_photo_proof/photo_proof_api/venv/lib/python3.13/site-packages/sqlalchemy/engine/base.py", line 1967, in _exec_single_context
    self.dialect.do_execute(
    ~~~~~~~~~~~~~~~~~~~~~~~^
        cursor, str_statement, effective_parameters, context
        ^^^^^^^^^^^^^^^^^^^^^^^^^^^^^^^^^^^^^^^^^^^^^^^^^^^^
    )
    ^
  File "/Users/ns632@apac.comcast.com/Documents/v0_photo_proof/photo_proof_api/venv/lib/python3.13/site-packages/sqlalchemy/engine/default.py", line 951, in do_execute
    cursor.execute(statement, parameters)
    ~~~~~~~~~~~~~~^^^^^^^^^^^^^^^^^^^^^^^
sqlalchemy.exc.IntegrityError: (psycopg2.errors.UniqueViolation) duplicate key value violates unique constraint "idx_folders_project_name_unique"
DETAIL:  Key (project_id, lower(name::text))=(6, few_qwerty) already exists.

[SQL: INSERT INTO folders (id, project_id, name, cover_photo_id, photo_count, order_index, created_at, updated_at) VALUES (%(id)s, %(project_id)s, %(name)s, %(cover_photo_id)s, %(photo_count)s, %(order_index)s, %(created_at)s, %(updated_at)s)]
[parameters: {'id': '910d0b98-c0b7-455a-8b76-3376663aadf4', 'project_id': 6, 'name': 'few_qwerty', 'cover_photo_id': None, 'photo_count': 0, 'order_index': 2, 'created_at': datetime.datetime(2025, 11, 27, 8, 12, 25, 198853), 'updated_at': datetime.datetime(2025, 11, 27, 8, 12, 25, 198857)}]
(Background on this error at: https://sqlalche.me/e/20/gkpj)
2025-11-27 13:42:25 | INFO | uvicorn.access | 127.0.0.1:50358 - "POST /api/projects/6/folders?folder_name=few_qwerty HTTP/1.1" 500
2025-11-27 13:42:25 | ERROR | uvicorn.error | Exception in ASGI application
Traceback (most recent call last):
  File "/Users/ns632@apac.comcast.com/Documents/v0_photo_proof/photo_proof_api/venv/lib/python3.13/site-packages/sqlalchemy/engine/base.py", line 1967, in _exec_single_context
    self.dialect.do_execute(
    ~~~~~~~~~~~~~~~~~~~~~~~^
        cursor, str_statement, effective_parameters, context
        ^^^^^^^^^^^^^^^^^^^^^^^^^^^^^^^^^^^^^^^^^^^^^^^^^^^^
    )
    ^
  File "/Users/ns632@apac.comcast.com/Documents/v0_photo_proof/photo_proof_api/venv/lib/python3.13/site-packages/sqlalchemy/engine/default.py", line 951, in do_execute
    cursor.execute(statement, parameters)
    ~~~~~~~~~~~~~~^^^^^^^^^^^^^^^^^^^^^^^
psycopg2.errors.UniqueViolation: duplicate key value violates unique constraint "idx_folders_project_name_unique"
DETAIL:  Key (project_id, lower(name::text))=(6, few_qwerty) already exists.


The above exception was the direct cause of the following exception:

Traceback (most recent call last):
  File "/Users/ns632@apac.comcast.com/Documents/v0_photo_proof/photo_proof_api/venv/lib/python3.13/site-packages/uvicorn/protocols/http/httptools_impl.py", line 409, in run_asgi
    result = await app(  # type: ignore[func-returns-value]
             ^^^^^^^^^^^^^^^^^^^^^^^^^^^^^^^^^^^^^^^^^^^^^^
        self.scope, self.receive, self.send
        ^^^^^^^^^^^^^^^^^^^^^^^^^^^^^^^^^^^
    )
    ^
  File "/Users/ns632@apac.comcast.com/Documents/v0_photo_proof/photo_proof_api/venv/lib/python3.13/site-packages/uvicorn/middleware/proxy_headers.py", line 60, in __call__
    return await self.app(scope, receive, send)
           ^^^^^^^^^^^^^^^^^^^^^^^^^^^^^^^^^^^^
  File "/Users/ns632@apac.comcast.com/Documents/v0_photo_proof/photo_proof_api/venv/lib/python3.13/site-packages/fastapi/applications.py", line 1133, in __call__
    await super().__call__(scope, receive, send)
  File "/Users/ns632@apac.comcast.com/Documents/v0_photo_proof/photo_proof_api/venv/lib/python3.13/site-packages/starlette/applications.py", line 113, in __call__
    await self.middleware_stack(scope, receive, send)
  File "/Users/ns632@apac.comcast.com/Documents/v0_photo_proof/photo_proof_api/venv/lib/python3.13/site-packages/starlette/middleware/errors.py", line 186, in __call__
    raise exc
  File "/Users/ns632@apac.comcast.com/Documents/v0_photo_proof/photo_proof_api/venv/lib/python3.13/site-packages/starlette/middleware/errors.py", line 164, in __call__
    await self.app(scope, receive, _send)
  File "/Users/ns632@apac.comcast.com/Documents/v0_photo_proof/photo_proof_api/venv/lib/python3.13/site-packages/starlette/middleware/base.py", line 182, in __call__
    with recv_stream, send_stream, collapse_excgroups():
                                   ~~~~~~~~~~~~~~~~~~^^
  File "/usr/local/Cellar/python@3.13/3.13.3_1/Frameworks/Python.framework/Versions/3.13/lib/python3.13/contextlib.py", line 162, in __exit__
    self.gen.throw(value)
    ~~~~~~~~~~~~~~^^^^^^^
  File "/Users/ns632@apac.comcast.com/Documents/v0_photo_proof/photo_proof_api/venv/lib/python3.13/site-packages/starlette/_utils.py", line 85, in collapse_excgroups
    raise exc
  File "/Users/ns632@apac.comcast.com/Documents/v0_photo_proof/photo_proof_api/venv/lib/python3.13/site-packages/starlette/middleware/base.py", line 184, in __call__
    response = await self.dispatch_func(request, call_next)
               ^^^^^^^^^^^^^^^^^^^^^^^^^^^^^^^^^^^^^^^^^^^^
  File "/Users/ns632@apac.comcast.com/Documents/v0_photo_proof/photo_proof_api/app/middleware/tenant.py", line 169, in tenant_middleware
    return await call_next(request)
           ^^^^^^^^^^^^^^^^^^^^^^^^
  File "/Users/ns632@apac.comcast.com/Documents/v0_photo_proof/photo_proof_api/venv/lib/python3.13/site-packages/starlette/middleware/base.py", line 159, in call_next
    raise app_exc
  File "/Users/ns632@apac.comcast.com/Documents/v0_photo_proof/photo_proof_api/app/middleware/tenant.py", line 153, in tenant_middleware
    response = await call_next(request)
               ^^^^^^^^^^^^^^^^^^^^^^^^
  File "/Users/ns632@apac.comcast.com/Documents/v0_photo_proof/photo_proof_api/venv/lib/python3.13/site-packages/starlette/middleware/base.py", line 159, in call_next
    raise app_exc
  File "/Users/ns632@apac.comcast.com/Documents/v0_photo_proof/photo_proof_api/venv/lib/python3.13/site-packages/starlette/middleware/base.py", line 144, in coro
    await self.app(scope, receive_or_disconnect, send_no_error)
  File "/Users/ns632@apac.comcast.com/Documents/v0_photo_proof/photo_proof_api/venv/lib/python3.13/site-packages/starlette/middleware/gzip.py", line 29, in __call__
    await responder(scope, receive, send)
  File "/Users/ns632@apac.comcast.com/Documents/v0_photo_proof/photo_proof_api/venv/lib/python3.13/site-packages/starlette/middleware/gzip.py", line 130, in __call__
    await super().__call__(scope, receive, send)
  File "/Users/ns632@apac.comcast.com/Documents/v0_photo_proof/photo_proof_api/venv/lib/python3.13/site-packages/starlette/middleware/gzip.py", line 46, in __call__
    await self.app(scope, receive, self.send_with_compression)
  File "/Users/ns632@apac.comcast.com/Documents/v0_photo_proof/photo_proof_api/venv/lib/python3.13/site-packages/starlette/middleware/cors.py", line 93, in __call__
    await self.simple_response(scope, receive, send, request_headers=headers)
  File "/Users/ns632@apac.comcast.com/Documents/v0_photo_proof/photo_proof_api/venv/lib/python3.13/site-packages/starlette/middleware/cors.py", line 144, in simple_response
    await self.app(scope, receive, send)
  File "/Users/ns632@apac.comcast.com/Documents/v0_photo_proof/photo_proof_api/venv/lib/python3.13/site-packages/starlette/middleware/exceptions.py", line 63, in __call__
    await wrap_app_handling_exceptions(self.app, conn)(scope, receive, send)
  File "/Users/ns632@apac.comcast.com/Documents/v0_photo_proof/photo_proof_api/venv/lib/python3.13/site-packages/starlette/_exception_handler.py", line 53, in wrapped_app
    raise exc
  File "/Users/ns632@apac.comcast.com/Documents/v0_photo_proof/photo_proof_api/venv/lib/python3.13/site-packages/starlette/_exception_handler.py", line 42, in wrapped_app
    await app(scope, receive, sender)
  File "/Users/ns632@apac.comcast.com/Documents/v0_photo_proof/photo_proof_api/venv/lib/python3.13/site-packages/fastapi/middleware/asyncexitstack.py", line 18, in __call__
    await self.app(scope, receive, send)
  File "/Users/ns632@apac.comcast.com/Documents/v0_photo_proof/photo_proof_api/venv/lib/python3.13/site-packages/starlette/routing.py", line 716, in __call__
    await self.middleware_stack(scope, receive, send)
  File "/Users/ns632@apac.comcast.com/Documents/v0_photo_proof/photo_proof_api/venv/lib/python3.13/site-packages/starlette/routing.py", line 736, in app
    await route.handle(scope, receive, send)
  File "/Users/ns632@apac.comcast.com/Documents/v0_photo_proof/photo_proof_api/venv/lib/python3.13/site-packages/starlette/routing.py", line 290, in handle
    await self.app(scope, receive, send)
  File "/Users/ns632@apac.comcast.com/Documents/v0_photo_proof/photo_proof_api/venv/lib/python3.13/site-packages/fastapi/routing.py", line 123, in app
    await wrap_app_handling_exceptions(app, request)(scope, receive, send)
  File "/Users/ns632@apac.comcast.com/Documents/v0_photo_proof/photo_proof_api/venv/lib/python3.13/site-packages/starlette/_exception_handler.py", line 53, in wrapped_app
    raise exc
  File "/Users/ns632@apac.comcast.com/Documents/v0_photo_proof/photo_proof_api/venv/lib/python3.13/site-packages/starlette/_exception_handler.py", line 42, in wrapped_app
    await app(scope, receive, sender)
  File "/Users/ns632@apac.comcast.com/Documents/v0_photo_proof/photo_proof_api/venv/lib/python3.13/site-packages/fastapi/routing.py", line 109, in app
    response = await f(request)
               ^^^^^^^^^^^^^^^^
  File "/Users/ns632@apac.comcast.com/Documents/v0_photo_proof/photo_proof_api/venv/lib/python3.13/site-packages/fastapi/routing.py", line 387, in app
    raw_response = await run_endpoint_function(
                   ^^^^^^^^^^^^^^^^^^^^^^^^^^^^
    ...<3 lines>...
    )
    ^
  File "/Users/ns632@apac.comcast.com/Documents/v0_photo_proof/photo_proof_api/venv/lib/python3.13/site-packages/fastapi/routing.py", line 290, in run_endpoint_function
    return await run_in_threadpool(dependant.call, **values)
           ^^^^^^^^^^^^^^^^^^^^^^^^^^^^^^^^^^^^^^^^^^^^^^^^^
  File "/Users/ns632@apac.comcast.com/Documents/v0_photo_proof/photo_proof_api/venv/lib/python3.13/site-packages/starlette/concurrency.py", line 38, in run_in_threadpool
    return await anyio.to_thread.run_sync(func)
           ^^^^^^^^^^^^^^^^^^^^^^^^^^^^^^^^^^^^
  File "/Users/ns632@apac.comcast.com/Documents/v0_photo_proof/photo_proof_api/venv/lib/python3.13/site-packages/anyio/to_thread.py", line 56, in run_sync
    return await get_async_backend().run_sync_in_worker_thread(
           ^^^^^^^^^^^^^^^^^^^^^^^^^^^^^^^^^^^^^^^^^^^^^^^^^^^^
        func, args, abandon_on_cancel=abandon_on_cancel, limiter=limiter
        ^^^^^^^^^^^^^^^^^^^^^^^^^^^^^^^^^^^^^^^^^^^^^^^^^^^^^^^^^^^^^^^^
    )
    ^
  File "/Users/ns632@apac.comcast.com/Documents/v0_photo_proof/photo_proof_api/venv/lib/python3.13/site-packages/anyio/_backends/_asyncio.py", line 2485, in run_sync_in_worker_thread
    return await future
           ^^^^^^^^^^^^
  File "/Users/ns632@apac.comcast.com/Documents/v0_photo_proof/photo_proof_api/venv/lib/python3.13/site-packages/anyio/_backends/_asyncio.py", line 976, in run
    result = context.run(func, *args)
  File "/Users/ns632@apac.comcast.com/Documents/v0_photo_proof/photo_proof_api/app/api/v1/projects.py", line 771, in create_project_folder
    db.commit()
    ~~~~~~~~~^^
  File "/Users/ns632@apac.comcast.com/Documents/v0_photo_proof/photo_proof_api/venv/lib/python3.13/site-packages/sqlalchemy/orm/session.py", line 2030, in commit
    trans.commit(_to_root=True)
    ~~~~~~~~~~~~^^^^^^^^^^^^^^^
  File "<string>", line 2, in commit
  File "/Users/ns632@apac.comcast.com/Documents/v0_photo_proof/photo_proof_api/venv/lib/python3.13/site-packages/sqlalchemy/orm/state_changes.py", line 137, in _go
    ret_value = fn(self, *arg, **kw)
  File "/Users/ns632@apac.comcast.com/Documents/v0_photo_proof/photo_proof_api/venv/lib/python3.13/site-packages/sqlalchemy/orm/session.py", line 1311, in commit
    self._prepare_impl()
    ~~~~~~~~~~~~~~~~~~^^
  File "<string>", line 2, in _prepare_impl
  File "/Users/ns632@apac.comcast.com/Documents/v0_photo_proof/photo_proof_api/venv/lib/python3.13/site-packages/sqlalchemy/orm/state_changes.py", line 137, in _go
    ret_value = fn(self, *arg, **kw)
  File "/Users/ns632@apac.comcast.com/Documents/v0_photo_proof/photo_proof_api/venv/lib/python3.13/site-packages/sqlalchemy/orm/session.py", line 1286, in _prepare_impl
    self.session.flush()
    ~~~~~~~~~~~~~~~~~~^^
  File "/Users/ns632@apac.comcast.com/Documents/v0_photo_proof/photo_proof_api/venv/lib/python3.13/site-packages/sqlalchemy/orm/session.py", line 4331, in flush
    self._flush(objects)
    ~~~~~~~~~~~^^^^^^^^^
  File "/Users/ns632@apac.comcast.com/Documents/v0_photo_proof/photo_proof_api/venv/lib/python3.13/site-packages/sqlalchemy/orm/session.py", line 4466, in _flush
    with util.safe_reraise():
         ~~~~~~~~~~~~~~~~~^^
  File "/Users/ns632@apac.comcast.com/Documents/v0_photo_proof/photo_proof_api/venv/lib/python3.13/site-packages/sqlalchemy/util/langhelpers.py", line 224, in __exit__
    raise exc_value.with_traceback(exc_tb)
  File "/Users/ns632@apac.comcast.com/Documents/v0_photo_proof/photo_proof_api/venv/lib/python3.13/site-packages/sqlalchemy/orm/session.py", line 4427, in _flush
    flush_context.execute()
    ~~~~~~~~~~~~~~~~~~~~~^^
  File "/Users/ns632@apac.comcast.com/Documents/v0_photo_proof/photo_proof_api/venv/lib/python3.13/site-packages/sqlalchemy/orm/unitofwork.py", line 466, in execute
    rec.execute(self)
    ~~~~~~~~~~~^^^^^^
  File "/Users/ns632@apac.comcast.com/Documents/v0_photo_proof/photo_proof_api/venv/lib/python3.13/site-packages/sqlalchemy/orm/unitofwork.py", line 642, in execute
    util.preloaded.orm_persistence.save_obj(
    ~~~~~~~~~~~~~~~~~~~~~~~~~~~~~~~~~~~~~~~^
        self.mapper,
        ^^^^^^^^^^^^
        uow.states_for_mapper_hierarchy(self.mapper, False, False),
        ^^^^^^^^^^^^^^^^^^^^^^^^^^^^^^^^^^^^^^^^^^^^^^^^^^^^^^^^^^^
        uow,
        ^^^^
    )
    ^
  File "/Users/ns632@apac.comcast.com/Documents/v0_photo_proof/photo_proof_api/venv/lib/python3.13/site-packages/sqlalchemy/orm/persistence.py", line 93, in save_obj
    _emit_insert_statements(
    ~~~~~~~~~~~~~~~~~~~~~~~^
        base_mapper,
        ^^^^^^^^^^^^
    ...<3 lines>...
        insert,
        ^^^^^^^
    )
    ^
  File "/Users/ns632@apac.comcast.com/Documents/v0_photo_proof/photo_proof_api/venv/lib/python3.13/site-packages/sqlalchemy/orm/persistence.py", line 1233, in _emit_insert_statements
    result = connection.execute(
        statement,
        params,
        execution_options=execution_options,
    )
  File "/Users/ns632@apac.comcast.com/Documents/v0_photo_proof/photo_proof_api/venv/lib/python3.13/site-packages/sqlalchemy/engine/base.py", line 1419, in execute
    return meth(
        self,
        distilled_parameters,
        execution_options or NO_OPTIONS,
    )
  File "/Users/ns632@apac.comcast.com/Documents/v0_photo_proof/photo_proof_api/venv/lib/python3.13/site-packages/sqlalchemy/sql/elements.py", line 526, in _execute_on_connection
    return connection._execute_clauseelement(
           ~~~~~~~~~~~~~~~~~~~~~~~~~~~~~~~~~^
        self, distilled_params, execution_options
        ^^^^^^^^^^^^^^^^^^^^^^^^^^^^^^^^^^^^^^^^^
    )
    ^
  File "/Users/ns632@apac.comcast.com/Documents/v0_photo_proof/photo_proof_api/venv/lib/python3.13/site-packages/sqlalchemy/engine/base.py", line 1641, in _execute_clauseelement
    ret = self._execute_context(
        dialect,
    ...<8 lines>...
        cache_hit=cache_hit,
    )
  File "/Users/ns632@apac.comcast.com/Documents/v0_photo_proof/photo_proof_api/venv/lib/python3.13/site-packages/sqlalchemy/engine/base.py", line 1846, in _execute_context
    return self._exec_single_context(
           ~~~~~~~~~~~~~~~~~~~~~~~~~^
        dialect, context, statement, parameters
        ^^^^^^^^^^^^^^^^^^^^^^^^^^^^^^^^^^^^^^^
    )
    ^
  File "/Users/ns632@apac.comcast.com/Documents/v0_photo_proof/photo_proof_api/venv/lib/python3.13/site-packages/sqlalchemy/engine/base.py", line 1986, in _exec_single_context
    self._handle_dbapi_exception(
    ~~~~~~~~~~~~~~~~~~~~~~~~~~~~^
        e, str_statement, effective_parameters, cursor, context
        ^^^^^^^^^^^^^^^^^^^^^^^^^^^^^^^^^^^^^^^^^^^^^^^^^^^^^^^
    )
    ^
  File "/Users/ns632@apac.comcast.com/Documents/v0_photo_proof/photo_proof_api/venv/lib/python3.13/site-packages/sqlalchemy/engine/base.py", line 2355, in _handle_dbapi_exception
    raise sqlalchemy_exception.with_traceback(exc_info[2]) from e
  File "/Users/ns632@apac.comcast.com/Documents/v0_photo_proof/photo_proof_api/venv/lib/python3.13/site-packages/sqlalchemy/engine/base.py", line 1967, in _exec_single_context
    self.dialect.do_execute(
    ~~~~~~~~~~~~~~~~~~~~~~~^
        cursor, str_statement, effective_parameters, context
        ^^^^^^^^^^^^^^^^^^^^^^^^^^^^^^^^^^^^^^^^^^^^^^^^^^^^
    )
    ^
  File "/Users/ns632@apac.comcast.com/Documents/v0_photo_proof/photo_proof_api/venv/lib/python3.13/site-packages/sqlalchemy/engine/default.py", line 951, in do_execute
    cursor.execute(statement, parameters)
    ~~~~~~~~~~~~~~^^^^^^^^^^^^^^^^^^^^^^^
sqlalchemy.exc.IntegrityError: (psycopg2.errors.UniqueViolation) duplicate key value violates unique constraint "idx_folders_project_name_unique"
DETAIL:  Key (project_id, lower(name::text))=(6, few_qwerty) already exists.

[SQL: INSERT INTO folders (id, project_id, name, cover_photo_id, photo_count, order_index, created_at, updated_at) VALUES (%(id)s, %(project_id)s, %(name)s, %(cover_photo_id)s, %(photo_count)s, %(order_index)s, %(created_at)s, %(updated_at)s)]
[parameters: {'id': '3ed253dd-6c96-4307-beeb-97ca67935572', 'project_id': 6, 'name': 'few_qwerty', 'cover_photo_id': None, 'photo_count': 0, 'order_index': 2, 'created_at': datetime.datetime(2025, 11, 27, 8, 12, 25, 195679), 'updated_at': datetime.datetime(2025, 11, 27, 8, 12, 25, 195685)}]
(Background on this error at: https://sqlalche.me/e/20/gkpj)
2025-11-27 13:42:25 | INFO | uvicorn.access | 127.0.0.1:50356 - "OPTIONS /v2/upload/batch/presigned HTTP/1.1" 200
2025-11-27 13:42:25 | INFO | uvicorn.access | 127.0.0.1:50367 - "POST /api/projects/6/folders?folder_name=few_qwerty HTTP/1.1" 500
2025-11-27 13:42:25 | ERROR | uvicorn.error | Exception in ASGI application
Traceback (most recent call last):
  File "/Users/ns632@apac.comcast.com/Documents/v0_photo_proof/photo_proof_api/venv/lib/python3.13/site-packages/sqlalchemy/engine/base.py", line 1967, in _exec_single_context
    self.dialect.do_execute(
    ~~~~~~~~~~~~~~~~~~~~~~~^
        cursor, str_statement, effective_parameters, context
        ^^^^^^^^^^^^^^^^^^^^^^^^^^^^^^^^^^^^^^^^^^^^^^^^^^^^
    )
    ^
  File "/Users/ns632@apac.comcast.com/Documents/v0_photo_proof/photo_proof_api/venv/lib/python3.13/site-packages/sqlalchemy/engine/default.py", line 951, in do_execute
    cursor.execute(statement, parameters)
    ~~~~~~~~~~~~~~^^^^^^^^^^^^^^^^^^^^^^^
psycopg2.errors.UniqueViolation: duplicate key value violates unique constraint "idx_folders_project_name_unique"
DETAIL:  Key (project_id, lower(name::text))=(6, few_qwerty) already exists.


The above exception was the direct cause of the following exception:

Traceback (most recent call last):
  File "/Users/ns632@apac.comcast.com/Documents/v0_photo_proof/photo_proof_api/venv/lib/python3.13/site-packages/uvicorn/protocols/http/httptools_impl.py", line 409, in run_asgi
    result = await app(  # type: ignore[func-returns-value]
             ^^^^^^^^^^^^^^^^^^^^^^^^^^^^^^^^^^^^^^^^^^^^^^
        self.scope, self.receive, self.send
        ^^^^^^^^^^^^^^^^^^^^^^^^^^^^^^^^^^^
    )
    ^
  File "/Users/ns632@apac.comcast.com/Documents/v0_photo_proof/photo_proof_api/venv/lib/python3.13/site-packages/uvicorn/middleware/proxy_headers.py", line 60, in __call__
    return await self.app(scope, receive, send)
           ^^^^^^^^^^^^^^^^^^^^^^^^^^^^^^^^^^^^
  File "/Users/ns632@apac.comcast.com/Documents/v0_photo_proof/photo_proof_api/venv/lib/python3.13/site-packages/fastapi/applications.py", line 1133, in __call__
    await super().__call__(scope, receive, send)
  File "/Users/ns632@apac.comcast.com/Documents/v0_photo_proof/photo_proof_api/venv/lib/python3.13/site-packages/starlette/applications.py", line 113, in __call__
    await self.middleware_stack(scope, receive, send)
  File "/Users/ns632@apac.comcast.com/Documents/v0_photo_proof/photo_proof_api/venv/lib/python3.13/site-packages/starlette/middleware/errors.py", line 186, in __call__
    raise exc
  File "/Users/ns632@apac.comcast.com/Documents/v0_photo_proof/photo_proof_api/venv/lib/python3.13/site-packages/starlette/middleware/errors.py", line 164, in __call__
    await self.app(scope, receive, _send)
  File "/Users/ns632@apac.comcast.com/Documents/v0_photo_proof/photo_proof_api/venv/lib/python3.13/site-packages/starlette/middleware/base.py", line 182, in __call__
    with recv_stream, send_stream, collapse_excgroups():
                                   ~~~~~~~~~~~~~~~~~~^^
  File "/usr/local/Cellar/python@3.13/3.13.3_1/Frameworks/Python.framework/Versions/3.13/lib/python3.13/contextlib.py", line 162, in __exit__
    self.gen.throw(value)
    ~~~~~~~~~~~~~~^^^^^^^
  File "/Users/ns632@apac.comcast.com/Documents/v0_photo_proof/photo_proof_api/venv/lib/python3.13/site-packages/starlette/_utils.py", line 85, in collapse_excgroups
    raise exc
  File "/Users/ns632@apac.comcast.com/Documents/v0_photo_proof/photo_proof_api/venv/lib/python3.13/site-packages/starlette/middleware/base.py", line 184, in __call__
    response = await self.dispatch_func(request, call_next)
               ^^^^^^^^^^^^^^^^^^^^^^^^^^^^^^^^^^^^^^^^^^^^
  File "/Users/ns632@apac.comcast.com/Documents/v0_photo_proof/photo_proof_api/app/middleware/tenant.py", line 169, in tenant_middleware
    return await call_next(request)
           ^^^^^^^^^^^^^^^^^^^^^^^^
  File "/Users/ns632@apac.comcast.com/Documents/v0_photo_proof/photo_proof_api/venv/lib/python3.13/site-packages/starlette/middleware/base.py", line 159, in call_next
    raise app_exc
  File "/Users/ns632@apac.comcast.com/Documents/v0_photo_proof/photo_proof_api/app/middleware/tenant.py", line 153, in tenant_middleware
    response = await call_next(request)
               ^^^^^^^^^^^^^^^^^^^^^^^^
  File "/Users/ns632@apac.comcast.com/Documents/v0_photo_proof/photo_proof_api/venv/lib/python3.13/site-packages/starlette/middleware/base.py", line 159, in call_next
    raise app_exc
  File "/Users/ns632@apac.comcast.com/Documents/v0_photo_proof/photo_proof_api/venv/lib/python3.13/site-packages/starlette/middleware/base.py", line 144, in coro
    await self.app(scope, receive_or_disconnect, send_no_error)
  File "/Users/ns632@apac.comcast.com/Documents/v0_photo_proof/photo_proof_api/venv/lib/python3.13/site-packages/starlette/middleware/gzip.py", line 29, in __call__
    await responder(scope, receive, send)
  File "/Users/ns632@apac.comcast.com/Documents/v0_photo_proof/photo_proof_api/venv/lib/python3.13/site-packages/starlette/middleware/gzip.py", line 130, in __call__
    await super().__call__(scope, receive, send)
  File "/Users/ns632@apac.comcast.com/Documents/v0_photo_proof/photo_proof_api/venv/lib/python3.13/site-packages/starlette/middleware/gzip.py", line 46, in __call__
    await self.app(scope, receive, self.send_with_compression)
  File "/Users/ns632@apac.comcast.com/Documents/v0_photo_proof/photo_proof_api/venv/lib/python3.13/site-packages/starlette/middleware/cors.py", line 93, in __call__
    await self.simple_response(scope, receive, send, request_headers=headers)
  File "/Users/ns632@apac.comcast.com/Documents/v0_photo_proof/photo_proof_api/venv/lib/python3.13/site-packages/starlette/middleware/cors.py", line 144, in simple_response
    await self.app(scope, receive, send)
  File "/Users/ns632@apac.comcast.com/Documents/v0_photo_proof/photo_proof_api/venv/lib/python3.13/site-packages/starlette/middleware/exceptions.py", line 63, in __call__
    await wrap_app_handling_exceptions(self.app, conn)(scope, receive, send)
  File "/Users/ns632@apac.comcast.com/Documents/v0_photo_proof/photo_proof_api/venv/lib/python3.13/site-packages/starlette/_exception_handler.py", line 53, in wrapped_app
    raise exc
  File "/Users/ns632@apac.comcast.com/Documents/v0_photo_proof/photo_proof_api/venv/lib/python3.13/site-packages/starlette/_exception_handler.py", line 42, in wrapped_app
    await app(scope, receive, sender)
  File "/Users/ns632@apac.comcast.com/Documents/v0_photo_proof/photo_proof_api/venv/lib/python3.13/site-packages/fastapi/middleware/asyncexitstack.py", line 18, in __call__
    await self.app(scope, receive, send)
  File "/Users/ns632@apac.comcast.com/Documents/v0_photo_proof/photo_proof_api/venv/lib/python3.13/site-packages/starlette/routing.py", line 716, in __call__
    await self.middleware_stack(scope, receive, send)
  File "/Users/ns632@apac.comcast.com/Documents/v0_photo_proof/photo_proof_api/venv/lib/python3.13/site-packages/starlette/routing.py", line 736, in app
    await route.handle(scope, receive, send)
  File "/Users/ns632@apac.comcast.com/Documents/v0_photo_proof/photo_proof_api/venv/lib/python3.13/site-packages/starlette/routing.py", line 290, in handle
    await self.app(scope, receive, send)
  File "/Users/ns632@apac.comcast.com/Documents/v0_photo_proof/photo_proof_api/venv/lib/python3.13/site-packages/fastapi/routing.py", line 123, in app
    await wrap_app_handling_exceptions(app, request)(scope, receive, send)
  File "/Users/ns632@apac.comcast.com/Documents/v0_photo_proof/photo_proof_api/venv/lib/python3.13/site-packages/starlette/_exception_handler.py", line 53, in wrapped_app
    raise exc
  File "/Users/ns632@apac.comcast.com/Documents/v0_photo_proof/photo_proof_api/venv/lib/python3.13/site-packages/starlette/_exception_handler.py", line 42, in wrapped_app
    await app(scope, receive, sender)
  File "/Users/ns632@apac.comcast.com/Documents/v0_photo_proof/photo_proof_api/venv/lib/python3.13/site-packages/fastapi/routing.py", line 109, in app
    response = await f(request)
               ^^^^^^^^^^^^^^^^
  File "/Users/ns632@apac.comcast.com/Documents/v0_photo_proof/photo_proof_api/venv/lib/python3.13/site-packages/fastapi/routing.py", line 387, in app
    raw_response = await run_endpoint_function(
                   ^^^^^^^^^^^^^^^^^^^^^^^^^^^^
    ...<3 lines>...
    )
    ^
  File "/Users/ns632@apac.comcast.com/Documents/v0_photo_proof/photo_proof_api/venv/lib/python3.13/site-packages/fastapi/routing.py", line 290, in run_endpoint_function
    return await run_in_threadpool(dependant.call, **values)
           ^^^^^^^^^^^^^^^^^^^^^^^^^^^^^^^^^^^^^^^^^^^^^^^^^
  File "/Users/ns632@apac.comcast.com/Documents/v0_photo_proof/photo_proof_api/venv/lib/python3.13/site-packages/starlette/concurrency.py", line 38, in run_in_threadpool
    return await anyio.to_thread.run_sync(func)
           ^^^^^^^^^^^^^^^^^^^^^^^^^^^^^^^^^^^^
  File "/Users/ns632@apac.comcast.com/Documents/v0_photo_proof/photo_proof_api/venv/lib/python3.13/site-packages/anyio/to_thread.py", line 56, in run_sync
    return await get_async_backend().run_sync_in_worker_thread(
           ^^^^^^^^^^^^^^^^^^^^^^^^^^^^^^^^^^^^^^^^^^^^^^^^^^^^
        func, args, abandon_on_cancel=abandon_on_cancel, limiter=limiter
        ^^^^^^^^^^^^^^^^^^^^^^^^^^^^^^^^^^^^^^^^^^^^^^^^^^^^^^^^^^^^^^^^
    )
    ^
  File "/Users/ns632@apac.comcast.com/Documents/v0_photo_proof/photo_proof_api/venv/lib/python3.13/site-packages/anyio/_backends/_asyncio.py", line 2485, in run_sync_in_worker_thread
    return await future
           ^^^^^^^^^^^^
  File "/Users/ns632@apac.comcast.com/Documents/v0_photo_proof/photo_proof_api/venv/lib/python3.13/site-packages/anyio/_backends/_asyncio.py", line 976, in run
    result = context.run(func, *args)
  File "/Users/ns632@apac.comcast.com/Documents/v0_photo_proof/photo_proof_api/app/api/v1/projects.py", line 771, in create_project_folder
    db.commit()
    ~~~~~~~~~^^
  File "/Users/ns632@apac.comcast.com/Documents/v0_photo_proof/photo_proof_api/venv/lib/python3.13/site-packages/sqlalchemy/orm/session.py", line 2030, in commit
    trans.commit(_to_root=True)
    ~~~~~~~~~~~~^^^^^^^^^^^^^^^
  File "<string>", line 2, in commit
  File "/Users/ns632@apac.comcast.com/Documents/v0_photo_proof/photo_proof_api/venv/lib/python3.13/site-packages/sqlalchemy/orm/state_changes.py", line 137, in _go
    ret_value = fn(self, *arg, **kw)
  File "/Users/ns632@apac.comcast.com/Documents/v0_photo_proof/photo_proof_api/venv/lib/python3.13/site-packages/sqlalchemy/orm/session.py", line 1311, in commit
    self._prepare_impl()
    ~~~~~~~~~~~~~~~~~~^^
  File "<string>", line 2, in _prepare_impl
  File "/Users/ns632@apac.comcast.com/Documents/v0_photo_proof/photo_proof_api/venv/lib/python3.13/site-packages/sqlalchemy/orm/state_changes.py", line 137, in _go
    ret_value = fn(self, *arg, **kw)
  File "/Users/ns632@apac.comcast.com/Documents/v0_photo_proof/photo_proof_api/venv/lib/python3.13/site-packages/sqlalchemy/orm/session.py", line 1286, in _prepare_impl
    self.session.flush()
    ~~~~~~~~~~~~~~~~~~^^
  File "/Users/ns632@apac.comcast.com/Documents/v0_photo_proof/photo_proof_api/venv/lib/python3.13/site-packages/sqlalchemy/orm/session.py", line 4331, in flush
    self._flush(objects)
    ~~~~~~~~~~~^^^^^^^^^
  File "/Users/ns632@apac.comcast.com/Documents/v0_photo_proof/photo_proof_api/venv/lib/python3.13/site-packages/sqlalchemy/orm/session.py", line 4466, in _flush
    with util.safe_reraise():
         ~~~~~~~~~~~~~~~~~^^
  File "/Users/ns632@apac.comcast.com/Documents/v0_photo_proof/photo_proof_api/venv/lib/python3.13/site-packages/sqlalchemy/util/langhelpers.py", line 224, in __exit__
    raise exc_value.with_traceback(exc_tb)
  File "/Users/ns632@apac.comcast.com/Documents/v0_photo_proof/photo_proof_api/venv/lib/python3.13/site-packages/sqlalchemy/orm/session.py", line 4427, in _flush
    flush_context.execute()
    ~~~~~~~~~~~~~~~~~~~~~^^
  File "/Users/ns632@apac.comcast.com/Documents/v0_photo_proof/photo_proof_api/venv/lib/python3.13/site-packages/sqlalchemy/orm/unitofwork.py", line 466, in execute
    rec.execute(self)
    ~~~~~~~~~~~^^^^^^
  File "/Users/ns632@apac.comcast.com/Documents/v0_photo_proof/photo_proof_api/venv/lib/python3.13/site-packages/sqlalchemy/orm/unitofwork.py", line 642, in execute
    util.preloaded.orm_persistence.save_obj(
    ~~~~~~~~~~~~~~~~~~~~~~~~~~~~~~~~~~~~~~~^
        self.mapper,
        ^^^^^^^^^^^^
        uow.states_for_mapper_hierarchy(self.mapper, False, False),
        ^^^^^^^^^^^^^^^^^^^^^^^^^^^^^^^^^^^^^^^^^^^^^^^^^^^^^^^^^^^
        uow,
        ^^^^
    )
    ^
  File "/Users/ns632@apac.comcast.com/Documents/v0_photo_proof/photo_proof_api/venv/lib/python3.13/site-packages/sqlalchemy/orm/persistence.py", line 93, in save_obj
    _emit_insert_statements(
    ~~~~~~~~~~~~~~~~~~~~~~~^
        base_mapper,
        ^^^^^^^^^^^^
    ...<3 lines>...
        insert,
        ^^^^^^^
    )
    ^
  File "/Users/ns632@apac.comcast.com/Documents/v0_photo_proof/photo_proof_api/venv/lib/python3.13/site-packages/sqlalchemy/orm/persistence.py", line 1233, in _emit_insert_statements
    result = connection.execute(
        statement,
        params,
        execution_options=execution_options,
    )
  File "/Users/ns632@apac.comcast.com/Documents/v0_photo_proof/photo_proof_api/venv/lib/python3.13/site-packages/sqlalchemy/engine/base.py", line 1419, in execute
    return meth(
        self,
        distilled_parameters,
        execution_options or NO_OPTIONS,
    )
  File "/Users/ns632@apac.comcast.com/Documents/v0_photo_proof/photo_proof_api/venv/lib/python3.13/site-packages/sqlalchemy/sql/elements.py", line 526, in _execute_on_connection
    return connection._execute_clauseelement(
           ~~~~~~~~~~~~~~~~~~~~~~~~~~~~~~~~~^
        self, distilled_params, execution_options
        ^^^^^^^^^^^^^^^^^^^^^^^^^^^^^^^^^^^^^^^^^
    )
    ^
  File "/Users/ns632@apac.comcast.com/Documents/v0_photo_proof/photo_proof_api/venv/lib/python3.13/site-packages/sqlalchemy/engine/base.py", line 1641, in _execute_clauseelement
    ret = self._execute_context(
        dialect,
    ...<8 lines>...
        cache_hit=cache_hit,
    )
  File "/Users/ns632@apac.comcast.com/Documents/v0_photo_proof/photo_proof_api/venv/lib/python3.13/site-packages/sqlalchemy/engine/base.py", line 1846, in _execute_context
    return self._exec_single_context(
           ~~~~~~~~~~~~~~~~~~~~~~~~~^
        dialect, context, statement, parameters
        ^^^^^^^^^^^^^^^^^^^^^^^^^^^^^^^^^^^^^^^
    )
    ^
  File "/Users/ns632@apac.comcast.com/Documents/v0_photo_proof/photo_proof_api/venv/lib/python3.13/site-packages/sqlalchemy/engine/base.py", line 1986, in _exec_single_context
    self._handle_dbapi_exception(
    ~~~~~~~~~~~~~~~~~~~~~~~~~~~~^
        e, str_statement, effective_parameters, cursor, context
        ^^^^^^^^^^^^^^^^^^^^^^^^^^^^^^^^^^^^^^^^^^^^^^^^^^^^^^^
    )
    ^
  File "/Users/ns632@apac.comcast.com/Documents/v0_photo_proof/photo_proof_api/venv/lib/python3.13/site-packages/sqlalchemy/engine/base.py", line 2355, in _handle_dbapi_exception
    raise sqlalchemy_exception.with_traceback(exc_info[2]) from e
  File "/Users/ns632@apac.comcast.com/Documents/v0_photo_proof/photo_proof_api/venv/lib/python3.13/site-packages/sqlalchemy/engine/base.py", line 1967, in _exec_single_context
    self.dialect.do_execute(
    ~~~~~~~~~~~~~~~~~~~~~~~^
        cursor, str_statement, effective_parameters, context
        ^^^^^^^^^^^^^^^^^^^^^^^^^^^^^^^^^^^^^^^^^^^^^^^^^^^^
    )
    ^
  File "/Users/ns632@apac.comcast.com/Documents/v0_photo_proof/photo_proof_api/venv/lib/python3.13/site-packages/sqlalchemy/engine/default.py", line 951, in do_execute
    cursor.execute(statement, parameters)
    ~~~~~~~~~~~~~~^^^^^^^^^^^^^^^^^^^^^^^
sqlalchemy.exc.IntegrityError: (psycopg2.errors.UniqueViolation) duplicate key value violates unique constraint "idx_folders_project_name_unique"
DETAIL:  Key (project_id, lower(name::text))=(6, few_qwerty) already exists.

[SQL: INSERT INTO folders (id, project_id, name, cover_photo_id, photo_count, order_index, created_at, updated_at) VALUES (%(id)s, %(project_id)s, %(name)s, %(cover_photo_id)s, %(photo_count)s, %(order_index)s, %(created_at)s, %(updated_at)s)]
[parameters: {'id': 'aa87c781-288b-426b-8c41-ebee4f095da6', 'project_id': 6, 'name': 'few_qwerty', 'cover_photo_id': None, 'photo_count': 0, 'order_index': 2, 'created_at': datetime.datetime(2025, 11, 27, 8, 12, 25, 216241), 'updated_at': datetime.datetime(2025, 11, 27, 8, 12, 25, 216248)}]
(Background on this error at: https://sqlalche.me/e/20/gkpj)
2025-11-27 13:42:25 | INFO | uvicorn.access | 127.0.0.1:50360 - "POST /api/projects/6/folders?folder_name=few_qwerty HTTP/1.1" 500
2025-11-27 13:42:25 | ERROR | uvicorn.error | Exception in ASGI application
Traceback (most recent call last):
  File "/Users/ns632@apac.comcast.com/Documents/v0_photo_proof/photo_proof_api/venv/lib/python3.13/site-packages/sqlalchemy/engine/base.py", line 1967, in _exec_single_context
    self.dialect.do_execute(
    ~~~~~~~~~~~~~~~~~~~~~~~^
        cursor, str_statement, effective_parameters, context
        ^^^^^^^^^^^^^^^^^^^^^^^^^^^^^^^^^^^^^^^^^^^^^^^^^^^^
    )
    ^
  File "/Users/ns632@apac.comcast.com/Documents/v0_photo_proof/photo_proof_api/venv/lib/python3.13/site-packages/sqlalchemy/engine/default.py", line 951, in do_execute
    cursor.execute(statement, parameters)
    ~~~~~~~~~~~~~~^^^^^^^^^^^^^^^^^^^^^^^
psycopg2.errors.UniqueViolation: duplicate key value violates unique constraint "idx_folders_project_name_unique"
DETAIL:  Key (project_id, lower(name::text))=(6, few_qwerty) already exists.


The above exception was the direct cause of the following exception:

Traceback (most recent call last):
  File "/Users/ns632@apac.comcast.com/Documents/v0_photo_proof/photo_proof_api/venv/lib/python3.13/site-packages/uvicorn/protocols/http/httptools_impl.py", line 409, in run_asgi
    result = await app(  # type: ignore[func-returns-value]
             ^^^^^^^^^^^^^^^^^^^^^^^^^^^^^^^^^^^^^^^^^^^^^^
        self.scope, self.receive, self.send
        ^^^^^^^^^^^^^^^^^^^^^^^^^^^^^^^^^^^
    )
    ^
  File "/Users/ns632@apac.comcast.com/Documents/v0_photo_proof/photo_proof_api/venv/lib/python3.13/site-packages/uvicorn/middleware/proxy_headers.py", line 60, in __call__
    return await self.app(scope, receive, send)
           ^^^^^^^^^^^^^^^^^^^^^^^^^^^^^^^^^^^^
  File "/Users/ns632@apac.comcast.com/Documents/v0_photo_proof/photo_proof_api/venv/lib/python3.13/site-packages/fastapi/applications.py", line 1133, in __call__
    await super().__call__(scope, receive, send)
  File "/Users/ns632@apac.comcast.com/Documents/v0_photo_proof/photo_proof_api/venv/lib/python3.13/site-packages/starlette/applications.py", line 113, in __call__
    await self.middleware_stack(scope, receive, send)
  File "/Users/ns632@apac.comcast.com/Documents/v0_photo_proof/photo_proof_api/venv/lib/python3.13/site-packages/starlette/middleware/errors.py", line 186, in __call__
    raise exc
  File "/Users/ns632@apac.comcast.com/Documents/v0_photo_proof/photo_proof_api/venv/lib/python3.13/site-packages/starlette/middleware/errors.py", line 164, in __call__
    await self.app(scope, receive, _send)
  File "/Users/ns632@apac.comcast.com/Documents/v0_photo_proof/photo_proof_api/venv/lib/python3.13/site-packages/starlette/middleware/base.py", line 182, in __call__
    with recv_stream, send_stream, collapse_excgroups():
                                   ~~~~~~~~~~~~~~~~~~^^
  File "/usr/local/Cellar/python@3.13/3.13.3_1/Frameworks/Python.framework/Versions/3.13/lib/python3.13/contextlib.py", line 162, in __exit__
    self.gen.throw(value)
    ~~~~~~~~~~~~~~^^^^^^^
  File "/Users/ns632@apac.comcast.com/Documents/v0_photo_proof/photo_proof_api/venv/lib/python3.13/site-packages/starlette/_utils.py", line 85, in collapse_excgroups
    raise exc
  File "/Users/ns632@apac.comcast.com/Documents/v0_photo_proof/photo_proof_api/venv/lib/python3.13/site-packages/starlette/middleware/base.py", line 184, in __call__
    response = await self.dispatch_func(request, call_next)
               ^^^^^^^^^^^^^^^^^^^^^^^^^^^^^^^^^^^^^^^^^^^^
  File "/Users/ns632@apac.comcast.com/Documents/v0_photo_proof/photo_proof_api/app/middleware/tenant.py", line 169, in tenant_middleware
    return await call_next(request)
           ^^^^^^^^^^^^^^^^^^^^^^^^
  File "/Users/ns632@apac.comcast.com/Documents/v0_photo_proof/photo_proof_api/venv/lib/python3.13/site-packages/starlette/middleware/base.py", line 159, in call_next
    raise app_exc
  File "/Users/ns632@apac.comcast.com/Documents/v0_photo_proof/photo_proof_api/app/middleware/tenant.py", line 153, in tenant_middleware
    response = await call_next(request)
               ^^^^^^^^^^^^^^^^^^^^^^^^
  File "/Users/ns632@apac.comcast.com/Documents/v0_photo_proof/photo_proof_api/venv/lib/python3.13/site-packages/starlette/middleware/base.py", line 159, in call_next
    raise app_exc
  File "/Users/ns632@apac.comcast.com/Documents/v0_photo_proof/photo_proof_api/venv/lib/python3.13/site-packages/starlette/middleware/base.py", line 144, in coro
    await self.app(scope, receive_or_disconnect, send_no_error)
  File "/Users/ns632@apac.comcast.com/Documents/v0_photo_proof/photo_proof_api/venv/lib/python3.13/site-packages/starlette/middleware/gzip.py", line 29, in __call__
    await responder(scope, receive, send)
  File "/Users/ns632@apac.comcast.com/Documents/v0_photo_proof/photo_proof_api/venv/lib/python3.13/site-packages/starlette/middleware/gzip.py", line 130, in __call__
    await super().__call__(scope, receive, send)
  File "/Users/ns632@apac.comcast.com/Documents/v0_photo_proof/photo_proof_api/venv/lib/python3.13/site-packages/starlette/middleware/gzip.py", line 46, in __call__
    await self.app(scope, receive, self.send_with_compression)
  File "/Users/ns632@apac.comcast.com/Documents/v0_photo_proof/photo_proof_api/venv/lib/python3.13/site-packages/starlette/middleware/cors.py", line 93, in __call__
    await self.simple_response(scope, receive, send, request_headers=headers)
  File "/Users/ns632@apac.comcast.com/Documents/v0_photo_proof/photo_proof_api/venv/lib/python3.13/site-packages/starlette/middleware/cors.py", line 144, in simple_response
    await self.app(scope, receive, send)
  File "/Users/ns632@apac.comcast.com/Documents/v0_photo_proof/photo_proof_api/venv/lib/python3.13/site-packages/starlette/middleware/exceptions.py", line 63, in __call__
    await wrap_app_handling_exceptions(self.app, conn)(scope, receive, send)
  File "/Users/ns632@apac.comcast.com/Documents/v0_photo_proof/photo_proof_api/venv/lib/python3.13/site-packages/starlette/_exception_handler.py", line 53, in wrapped_app
    raise exc
  File "/Users/ns632@apac.comcast.com/Documents/v0_photo_proof/photo_proof_api/venv/lib/python3.13/site-packages/starlette/_exception_handler.py", line 42, in wrapped_app
    await app(scope, receive, sender)
  File "/Users/ns632@apac.comcast.com/Documents/v0_photo_proof/photo_proof_api/venv/lib/python3.13/site-packages/fastapi/middleware/asyncexitstack.py", line 18, in __call__
    await self.app(scope, receive, send)
  File "/Users/ns632@apac.comcast.com/Documents/v0_photo_proof/photo_proof_api/venv/lib/python3.13/site-packages/starlette/routing.py", line 716, in __call__
    await self.middleware_stack(scope, receive, send)
  File "/Users/ns632@apac.comcast.com/Documents/v0_photo_proof/photo_proof_api/venv/lib/python3.13/site-packages/starlette/routing.py", line 736, in app
    await route.handle(scope, receive, send)
  File "/Users/ns632@apac.comcast.com/Documents/v0_photo_proof/photo_proof_api/venv/lib/python3.13/site-packages/starlette/routing.py", line 290, in handle
    await self.app(scope, receive, send)
  File "/Users/ns632@apac.comcast.com/Documents/v0_photo_proof/photo_proof_api/venv/lib/python3.13/site-packages/fastapi/routing.py", line 123, in app
    await wrap_app_handling_exceptions(app, request)(scope, receive, send)
  File "/Users/ns632@apac.comcast.com/Documents/v0_photo_proof/photo_proof_api/venv/lib/python3.13/site-packages/starlette/_exception_handler.py", line 53, in wrapped_app
    raise exc
  File "/Users/ns632@apac.comcast.com/Documents/v0_photo_proof/photo_proof_api/venv/lib/python3.13/site-packages/starlette/_exception_handler.py", line 42, in wrapped_app
    await app(scope, receive, sender)
  File "/Users/ns632@apac.comcast.com/Documents/v0_photo_proof/photo_proof_api/venv/lib/python3.13/site-packages/fastapi/routing.py", line 109, in app
    response = await f(request)
               ^^^^^^^^^^^^^^^^
  File "/Users/ns632@apac.comcast.com/Documents/v0_photo_proof/photo_proof_api/venv/lib/python3.13/site-packages/fastapi/routing.py", line 387, in app
    raw_response = await run_endpoint_function(
                   ^^^^^^^^^^^^^^^^^^^^^^^^^^^^
    ...<3 lines>...
    )
    ^
  File "/Users/ns632@apac.comcast.com/Documents/v0_photo_proof/photo_proof_api/venv/lib/python3.13/site-packages/fastapi/routing.py", line 290, in run_endpoint_function
    return await run_in_threadpool(dependant.call, **values)
           ^^^^^^^^^^^^^^^^^^^^^^^^^^^^^^^^^^^^^^^^^^^^^^^^^
  File "/Users/ns632@apac.comcast.com/Documents/v0_photo_proof/photo_proof_api/venv/lib/python3.13/site-packages/starlette/concurrency.py", line 38, in run_in_threadpool
    return await anyio.to_thread.run_sync(func)
           ^^^^^^^^^^^^^^^^^^^^^^^^^^^^^^^^^^^^
  File "/Users/ns632@apac.comcast.com/Documents/v0_photo_proof/photo_proof_api/venv/lib/python3.13/site-packages/anyio/to_thread.py", line 56, in run_sync
    return await get_async_backend().run_sync_in_worker_thread(
           ^^^^^^^^^^^^^^^^^^^^^^^^^^^^^^^^^^^^^^^^^^^^^^^^^^^^
        func, args, abandon_on_cancel=abandon_on_cancel, limiter=limiter
        ^^^^^^^^^^^^^^^^^^^^^^^^^^^^^^^^^^^^^^^^^^^^^^^^^^^^^^^^^^^^^^^^
    )
    ^
  File "/Users/ns632@apac.comcast.com/Documents/v0_photo_proof/photo_proof_api/venv/lib/python3.13/site-packages/anyio/_backends/_asyncio.py", line 2485, in run_sync_in_worker_thread
    return await future
           ^^^^^^^^^^^^
  File "/Users/ns632@apac.comcast.com/Documents/v0_photo_proof/photo_proof_api/venv/lib/python3.13/site-packages/anyio/_backends/_asyncio.py", line 976, in run
    result = context.run(func, *args)
  File "/Users/ns632@apac.comcast.com/Documents/v0_photo_proof/photo_proof_api/app/api/v1/projects.py", line 771, in create_project_folder
    db.commit()
    ~~~~~~~~~^^
  File "/Users/ns632@apac.comcast.com/Documents/v0_photo_proof/photo_proof_api/venv/lib/python3.13/site-packages/sqlalchemy/orm/session.py", line 2030, in commit
    trans.commit(_to_root=True)
    ~~~~~~~~~~~~^^^^^^^^^^^^^^^
  File "<string>", line 2, in commit
  File "/Users/ns632@apac.comcast.com/Documents/v0_photo_proof/photo_proof_api/venv/lib/python3.13/site-packages/sqlalchemy/orm/state_changes.py", line 137, in _go
    ret_value = fn(self, *arg, **kw)
  File "/Users/ns632@apac.comcast.com/Documents/v0_photo_proof/photo_proof_api/venv/lib/python3.13/site-packages/sqlalchemy/orm/session.py", line 1311, in commit
    self._prepare_impl()
    ~~~~~~~~~~~~~~~~~~^^
  File "<string>", line 2, in _prepare_impl
  File "/Users/ns632@apac.comcast.com/Documents/v0_photo_proof/photo_proof_api/venv/lib/python3.13/site-packages/sqlalchemy/orm/state_changes.py", line 137, in _go
    ret_value = fn(self, *arg, **kw)
  File "/Users/ns632@apac.comcast.com/Documents/v0_photo_proof/photo_proof_api/venv/lib/python3.13/site-packages/sqlalchemy/orm/session.py", line 1286, in _prepare_impl
    self.session.flush()
    ~~~~~~~~~~~~~~~~~~^^
  File "/Users/ns632@apac.comcast.com/Documents/v0_photo_proof/photo_proof_api/venv/lib/python3.13/site-packages/sqlalchemy/orm/session.py", line 4331, in flush
    self._flush(objects)
    ~~~~~~~~~~~^^^^^^^^^
  File "/Users/ns632@apac.comcast.com/Documents/v0_photo_proof/photo_proof_api/venv/lib/python3.13/site-packages/sqlalchemy/orm/session.py", line 4466, in _flush
    with util.safe_reraise():
         ~~~~~~~~~~~~~~~~~^^
  File "/Users/ns632@apac.comcast.com/Documents/v0_photo_proof/photo_proof_api/venv/lib/python3.13/site-packages/sqlalchemy/util/langhelpers.py", line 224, in __exit__
    raise exc_value.with_traceback(exc_tb)
  File "/Users/ns632@apac.comcast.com/Documents/v0_photo_proof/photo_proof_api/venv/lib/python3.13/site-packages/sqlalchemy/orm/session.py", line 4427, in _flush
    flush_context.execute()
    ~~~~~~~~~~~~~~~~~~~~~^^
  File "/Users/ns632@apac.comcast.com/Documents/v0_photo_proof/photo_proof_api/venv/lib/python3.13/site-packages/sqlalchemy/orm/unitofwork.py", line 466, in execute
    rec.execute(self)
    ~~~~~~~~~~~^^^^^^
  File "/Users/ns632@apac.comcast.com/Documents/v0_photo_proof/photo_proof_api/venv/lib/python3.13/site-packages/sqlalchemy/orm/unitofwork.py", line 642, in execute
    util.preloaded.orm_persistence.save_obj(
    ~~~~~~~~~~~~~~~~~~~~~~~~~~~~~~~~~~~~~~~^
        self.mapper,
        ^^^^^^^^^^^^
        uow.states_for_mapper_hierarchy(self.mapper, False, False),
        ^^^^^^^^^^^^^^^^^^^^^^^^^^^^^^^^^^^^^^^^^^^^^^^^^^^^^^^^^^^
        uow,
        ^^^^
    )
    ^
  File "/Users/ns632@apac.comcast.com/Documents/v0_photo_proof/photo_proof_api/venv/lib/python3.13/site-packages/sqlalchemy/orm/persistence.py", line 93, in save_obj
    _emit_insert_statements(
    ~~~~~~~~~~~~~~~~~~~~~~~^
        base_mapper,
        ^^^^^^^^^^^^
    ...<3 lines>...
        insert,
        ^^^^^^^
    )
    ^
  File "/Users/ns632@apac.comcast.com/Documents/v0_photo_proof/photo_proof_api/venv/lib/python3.13/site-packages/sqlalchemy/orm/persistence.py", line 1233, in _emit_insert_statements
    result = connection.execute(
        statement,
        params,
        execution_options=execution_options,
    )
  File "/Users/ns632@apac.comcast.com/Documents/v0_photo_proof/photo_proof_api/venv/lib/python3.13/site-packages/sqlalchemy/engine/base.py", line 1419, in execute
    return meth(
        self,
        distilled_parameters,
        execution_options or NO_OPTIONS,
    )
  File "/Users/ns632@apac.comcast.com/Documents/v0_photo_proof/photo_proof_api/venv/lib/python3.13/site-packages/sqlalchemy/sql/elements.py", line 526, in _execute_on_connection
    return connection._execute_clauseelement(
           ~~~~~~~~~~~~~~~~~~~~~~~~~~~~~~~~~^
        self, distilled_params, execution_options
        ^^^^^^^^^^^^^^^^^^^^^^^^^^^^^^^^^^^^^^^^^
    )
    ^
  File "/Users/ns632@apac.comcast.com/Documents/v0_photo_proof/photo_proof_api/venv/lib/python3.13/site-packages/sqlalchemy/engine/base.py", line 1641, in _execute_clauseelement
    ret = self._execute_context(
        dialect,
    ...<8 lines>...
        cache_hit=cache_hit,
    )
  File "/Users/ns632@apac.comcast.com/Documents/v0_photo_proof/photo_proof_api/venv/lib/python3.13/site-packages/sqlalchemy/engine/base.py", line 1846, in _execute_context
    return self._exec_single_context(
           ~~~~~~~~~~~~~~~~~~~~~~~~~^
        dialect, context, statement, parameters
        ^^^^^^^^^^^^^^^^^^^^^^^^^^^^^^^^^^^^^^^
    )
    ^
  File "/Users/ns632@apac.comcast.com/Documents/v0_photo_proof/photo_proof_api/venv/lib/python3.13/site-packages/sqlalchemy/engine/base.py", line 1986, in _exec_single_context
    self._handle_dbapi_exception(
    ~~~~~~~~~~~~~~~~~~~~~~~~~~~~^
        e, str_statement, effective_parameters, cursor, context
        ^^^^^^^^^^^^^^^^^^^^^^^^^^^^^^^^^^^^^^^^^^^^^^^^^^^^^^^
    )
    ^
  File "/Users/ns632@apac.comcast.com/Documents/v0_photo_proof/photo_proof_api/venv/lib/python3.13/site-packages/sqlalchemy/engine/base.py", line 2355, in _handle_dbapi_exception
    raise sqlalchemy_exception.with_traceback(exc_info[2]) from e
  File "/Users/ns632@apac.comcast.com/Documents/v0_photo_proof/photo_proof_api/venv/lib/python3.13/site-packages/sqlalchemy/engine/base.py", line 1967, in _exec_single_context
    self.dialect.do_execute(
    ~~~~~~~~~~~~~~~~~~~~~~~^
        cursor, str_statement, effective_parameters, context
        ^^^^^^^^^^^^^^^^^^^^^^^^^^^^^^^^^^^^^^^^^^^^^^^^^^^^
    )
    ^
  File "/Users/ns632@apac.comcast.com/Documents/v0_photo_proof/photo_proof_api/venv/lib/python3.13/site-packages/sqlalchemy/engine/default.py", line 951, in do_execute
    cursor.execute(statement, parameters)
    ~~~~~~~~~~~~~~^^^^^^^^^^^^^^^^^^^^^^^
sqlalchemy.exc.IntegrityError: (psycopg2.errors.UniqueViolation) duplicate key value violates unique constraint "idx_folders_project_name_unique"
DETAIL:  Key (project_id, lower(name::text))=(6, few_qwerty) already exists.

[SQL: INSERT INTO folders (id, project_id, name, cover_photo_id, photo_count, order_index, created_at, updated_at) VALUES (%(id)s, %(project_id)s, %(name)s, %(cover_photo_id)s, %(photo_count)s, %(order_index)s, %(created_at)s, %(updated_at)s)]
[parameters: {'id': 'a9197e02-b22a-4924-9cdf-f2fa6481e3f1', 'project_id': 6, 'name': 'few_qwerty', 'cover_photo_id': None, 'photo_count': 0, 'order_index': 2, 'created_at': datetime.datetime(2025, 11, 27, 8, 12, 25, 196761), 'updated_at': datetime.datetime(2025, 11, 27, 8, 12, 25, 196764)}]
(Background on this error at: https://sqlalche.me/e/20/gkpj)
2025-11-27 13:42:25 | INFO | uvicorn.access | 127.0.0.1:50364 - "POST /api/projects/6/folders?folder_name=few_qwerty HTTP/1.1" 500
2025-11-27 13:42:25 | ERROR | uvicorn.error | Exception in ASGI application
Traceback (most recent call last):
  File "/Users/ns632@apac.comcast.com/Documents/v0_photo_proof/photo_proof_api/venv/lib/python3.13/site-packages/sqlalchemy/engine/base.py", line 1967, in _exec_single_context
    self.dialect.do_execute(
    ~~~~~~~~~~~~~~~~~~~~~~~^
        cursor, str_statement, effective_parameters, context
        ^^^^^^^^^^^^^^^^^^^^^^^^^^^^^^^^^^^^^^^^^^^^^^^^^^^^
    )
    ^
  File "/Users/ns632@apac.comcast.com/Documents/v0_photo_proof/photo_proof_api/venv/lib/python3.13/site-packages/sqlalchemy/engine/default.py", line 951, in do_execute
    cursor.execute(statement, parameters)
    ~~~~~~~~~~~~~~^^^^^^^^^^^^^^^^^^^^^^^
psycopg2.errors.UniqueViolation: duplicate key value violates unique constraint "idx_folders_project_name_unique"
DETAIL:  Key (project_id, lower(name::text))=(6, few_qwerty) already exists.


The above exception was the direct cause of the following exception:

Traceback (most recent call last):
  File "/Users/ns632@apac.comcast.com/Documents/v0_photo_proof/photo_proof_api/venv/lib/python3.13/site-packages/uvicorn/protocols/http/httptools_impl.py", line 409, in run_asgi
    result = await app(  # type: ignore[func-returns-value]
             ^^^^^^^^^^^^^^^^^^^^^^^^^^^^^^^^^^^^^^^^^^^^^^
        self.scope, self.receive, self.send
        ^^^^^^^^^^^^^^^^^^^^^^^^^^^^^^^^^^^
    )
    ^
  File "/Users/ns632@apac.comcast.com/Documents/v0_photo_proof/photo_proof_api/venv/lib/python3.13/site-packages/uvicorn/middleware/proxy_headers.py", line 60, in __call__
    return await self.app(scope, receive, send)
           ^^^^^^^^^^^^^^^^^^^^^^^^^^^^^^^^^^^^
  File "/Users/ns632@apac.comcast.com/Documents/v0_photo_proof/photo_proof_api/venv/lib/python3.13/site-packages/fastapi/applications.py", line 1133, in __call__
    await super().__call__(scope, receive, send)
  File "/Users/ns632@apac.comcast.com/Documents/v0_photo_proof/photo_proof_api/venv/lib/python3.13/site-packages/starlette/applications.py", line 113, in __call__
    await self.middleware_stack(scope, receive, send)
  File "/Users/ns632@apac.comcast.com/Documents/v0_photo_proof/photo_proof_api/venv/lib/python3.13/site-packages/starlette/middleware/errors.py", line 186, in __call__
    raise exc
  File "/Users/ns632@apac.comcast.com/Documents/v0_photo_proof/photo_proof_api/venv/lib/python3.13/site-packages/starlette/middleware/errors.py", line 164, in __call__
    await self.app(scope, receive, _send)
  File "/Users/ns632@apac.comcast.com/Documents/v0_photo_proof/photo_proof_api/venv/lib/python3.13/site-packages/starlette/middleware/base.py", line 182, in __call__
    with recv_stream, send_stream, collapse_excgroups():
                                   ~~~~~~~~~~~~~~~~~~^^
  File "/usr/local/Cellar/python@3.13/3.13.3_1/Frameworks/Python.framework/Versions/3.13/lib/python3.13/contextlib.py", line 162, in __exit__
    self.gen.throw(value)
    ~~~~~~~~~~~~~~^^^^^^^
  File "/Users/ns632@apac.comcast.com/Documents/v0_photo_proof/photo_proof_api/venv/lib/python3.13/site-packages/starlette/_utils.py", line 85, in collapse_excgroups
    raise exc
  File "/Users/ns632@apac.comcast.com/Documents/v0_photo_proof/photo_proof_api/venv/lib/python3.13/site-packages/starlette/middleware/base.py", line 184, in __call__
    response = await self.dispatch_func(request, call_next)
               ^^^^^^^^^^^^^^^^^^^^^^^^^^^^^^^^^^^^^^^^^^^^
  File "/Users/ns632@apac.comcast.com/Documents/v0_photo_proof/photo_proof_api/app/middleware/tenant.py", line 169, in tenant_middleware
    return await call_next(request)
           ^^^^^^^^^^^^^^^^^^^^^^^^
  File "/Users/ns632@apac.comcast.com/Documents/v0_photo_proof/photo_proof_api/venv/lib/python3.13/site-packages/starlette/middleware/base.py", line 159, in call_next
    raise app_exc
  File "/Users/ns632@apac.comcast.com/Documents/v0_photo_proof/photo_proof_api/app/middleware/tenant.py", line 153, in tenant_middleware
    response = await call_next(request)
               ^^^^^^^^^^^^^^^^^^^^^^^^
  File "/Users/ns632@apac.comcast.com/Documents/v0_photo_proof/photo_proof_api/venv/lib/python3.13/site-packages/starlette/middleware/base.py", line 159, in call_next
    raise app_exc
  File "/Users/ns632@apac.comcast.com/Documents/v0_photo_proof/photo_proof_api/venv/lib/python3.13/site-packages/starlette/middleware/base.py", line 144, in coro
    await self.app(scope, receive_or_disconnect, send_no_error)
  File "/Users/ns632@apac.comcast.com/Documents/v0_photo_proof/photo_proof_api/venv/lib/python3.13/site-packages/starlette/middleware/gzip.py", line 29, in __call__
    await responder(scope, receive, send)
  File "/Users/ns632@apac.comcast.com/Documents/v0_photo_proof/photo_proof_api/venv/lib/python3.13/site-packages/starlette/middleware/gzip.py", line 130, in __call__
    await super().__call__(scope, receive, send)
  File "/Users/ns632@apac.comcast.com/Documents/v0_photo_proof/photo_proof_api/venv/lib/python3.13/site-packages/starlette/middleware/gzip.py", line 46, in __call__
    await self.app(scope, receive, self.send_with_compression)
  File "/Users/ns632@apac.comcast.com/Documents/v0_photo_proof/photo_proof_api/venv/lib/python3.13/site-packages/starlette/middleware/cors.py", line 93, in __call__
    await self.simple_response(scope, receive, send, request_headers=headers)
  File "/Users/ns632@apac.comcast.com/Documents/v0_photo_proof/photo_proof_api/venv/lib/python3.13/site-packages/starlette/middleware/cors.py", line 144, in simple_response
    await self.app(scope, receive, send)
  File "/Users/ns632@apac.comcast.com/Documents/v0_photo_proof/photo_proof_api/venv/lib/python3.13/site-packages/starlette/middleware/exceptions.py", line 63, in __call__
    await wrap_app_handling_exceptions(self.app, conn)(scope, receive, send)
  File "/Users/ns632@apac.comcast.com/Documents/v0_photo_proof/photo_proof_api/venv/lib/python3.13/site-packages/starlette/_exception_handler.py", line 53, in wrapped_app
    raise exc
  File "/Users/ns632@apac.comcast.com/Documents/v0_photo_proof/photo_proof_api/venv/lib/python3.13/site-packages/starlette/_exception_handler.py", line 42, in wrapped_app
    await app(scope, receive, sender)
  File "/Users/ns632@apac.comcast.com/Documents/v0_photo_proof/photo_proof_api/venv/lib/python3.13/site-packages/fastapi/middleware/asyncexitstack.py", line 18, in __call__
    await self.app(scope, receive, send)
  File "/Users/ns632@apac.comcast.com/Documents/v0_photo_proof/photo_proof_api/venv/lib/python3.13/site-packages/starlette/routing.py", line 716, in __call__
    await self.middleware_stack(scope, receive, send)
  File "/Users/ns632@apac.comcast.com/Documents/v0_photo_proof/photo_proof_api/venv/lib/python3.13/site-packages/starlette/routing.py", line 736, in app
    await route.handle(scope, receive, send)
  File "/Users/ns632@apac.comcast.com/Documents/v0_photo_proof/photo_proof_api/venv/lib/python3.13/site-packages/starlette/routing.py", line 290, in handle
    await self.app(scope, receive, send)
  File "/Users/ns632@apac.comcast.com/Documents/v0_photo_proof/photo_proof_api/venv/lib/python3.13/site-packages/fastapi/routing.py", line 123, in app
    await wrap_app_handling_exceptions(app, request)(scope, receive, send)
  File "/Users/ns632@apac.comcast.com/Documents/v0_photo_proof/photo_proof_api/venv/lib/python3.13/site-packages/starlette/_exception_handler.py", line 53, in wrapped_app
    raise exc
  File "/Users/ns632@apac.comcast.com/Documents/v0_photo_proof/photo_proof_api/venv/lib/python3.13/site-packages/starlette/_exception_handler.py", line 42, in wrapped_app
    await app(scope, receive, sender)
  File "/Users/ns632@apac.comcast.com/Documents/v0_photo_proof/photo_proof_api/venv/lib/python3.13/site-packages/fastapi/routing.py", line 109, in app
    response = await f(request)
               ^^^^^^^^^^^^^^^^
  File "/Users/ns632@apac.comcast.com/Documents/v0_photo_proof/photo_proof_api/venv/lib/python3.13/site-packages/fastapi/routing.py", line 387, in app
    raw_response = await run_endpoint_function(
                   ^^^^^^^^^^^^^^^^^^^^^^^^^^^^
    ...<3 lines>...
    )
    ^
  File "/Users/ns632@apac.comcast.com/Documents/v0_photo_proof/photo_proof_api/venv/lib/python3.13/site-packages/fastapi/routing.py", line 290, in run_endpoint_function
    return await run_in_threadpool(dependant.call, **values)
           ^^^^^^^^^^^^^^^^^^^^^^^^^^^^^^^^^^^^^^^^^^^^^^^^^
  File "/Users/ns632@apac.comcast.com/Documents/v0_photo_proof/photo_proof_api/venv/lib/python3.13/site-packages/starlette/concurrency.py", line 38, in run_in_threadpool
    return await anyio.to_thread.run_sync(func)
           ^^^^^^^^^^^^^^^^^^^^^^^^^^^^^^^^^^^^
  File "/Users/ns632@apac.comcast.com/Documents/v0_photo_proof/photo_proof_api/venv/lib/python3.13/site-packages/anyio/to_thread.py", line 56, in run_sync
    return await get_async_backend().run_sync_in_worker_thread(
           ^^^^^^^^^^^^^^^^^^^^^^^^^^^^^^^^^^^^^^^^^^^^^^^^^^^^
        func, args, abandon_on_cancel=abandon_on_cancel, limiter=limiter
        ^^^^^^^^^^^^^^^^^^^^^^^^^^^^^^^^^^^^^^^^^^^^^^^^^^^^^^^^^^^^^^^^
    )
    ^
  File "/Users/ns632@apac.comcast.com/Documents/v0_photo_proof/photo_proof_api/venv/lib/python3.13/site-packages/anyio/_backends/_asyncio.py", line 2485, in run_sync_in_worker_thread
    return await future
           ^^^^^^^^^^^^
  File "/Users/ns632@apac.comcast.com/Documents/v0_photo_proof/photo_proof_api/venv/lib/python3.13/site-packages/anyio/_backends/_asyncio.py", line 976, in run
    result = context.run(func, *args)
  File "/Users/ns632@apac.comcast.com/Documents/v0_photo_proof/photo_proof_api/app/api/v1/projects.py", line 771, in create_project_folder
    db.commit()
    ~~~~~~~~~^^
  File "/Users/ns632@apac.comcast.com/Documents/v0_photo_proof/photo_proof_api/venv/lib/python3.13/site-packages/sqlalchemy/orm/session.py", line 2030, in commit
    trans.commit(_to_root=True)
    ~~~~~~~~~~~~^^^^^^^^^^^^^^^
  File "<string>", line 2, in commit
  File "/Users/ns632@apac.comcast.com/Documents/v0_photo_proof/photo_proof_api/venv/lib/python3.13/site-packages/sqlalchemy/orm/state_changes.py", line 137, in _go
    ret_value = fn(self, *arg, **kw)
  File "/Users/ns632@apac.comcast.com/Documents/v0_photo_proof/photo_proof_api/venv/lib/python3.13/site-packages/sqlalchemy/orm/session.py", line 1311, in commit
    self._prepare_impl()
    ~~~~~~~~~~~~~~~~~~^^
  File "<string>", line 2, in _prepare_impl
  File "/Users/ns632@apac.comcast.com/Documents/v0_photo_proof/photo_proof_api/venv/lib/python3.13/site-packages/sqlalchemy/orm/state_changes.py", line 137, in _go
    ret_value = fn(self, *arg, **kw)
  File "/Users/ns632@apac.comcast.com/Documents/v0_photo_proof/photo_proof_api/venv/lib/python3.13/site-packages/sqlalchemy/orm/session.py", line 1286, in _prepare_impl
    self.session.flush()
    ~~~~~~~~~~~~~~~~~~^^
  File "/Users/ns632@apac.comcast.com/Documents/v0_photo_proof/photo_proof_api/venv/lib/python3.13/site-packages/sqlalchemy/orm/session.py", line 4331, in flush
    self._flush(objects)
    ~~~~~~~~~~~^^^^^^^^^
  File "/Users/ns632@apac.comcast.com/Documents/v0_photo_proof/photo_proof_api/venv/lib/python3.13/site-packages/sqlalchemy/orm/session.py", line 4466, in _flush
    with util.safe_reraise():
         ~~~~~~~~~~~~~~~~~^^
  File "/Users/ns632@apac.comcast.com/Documents/v0_photo_proof/photo_proof_api/venv/lib/python3.13/site-packages/sqlalchemy/util/langhelpers.py", line 224, in __exit__
    raise exc_value.with_traceback(exc_tb)
  File "/Users/ns632@apac.comcast.com/Documents/v0_photo_proof/photo_proof_api/venv/lib/python3.13/site-packages/sqlalchemy/orm/session.py", line 4427, in _flush
    flush_context.execute()
    ~~~~~~~~~~~~~~~~~~~~~^^
  File "/Users/ns632@apac.comcast.com/Documents/v0_photo_proof/photo_proof_api/venv/lib/python3.13/site-packages/sqlalchemy/orm/unitofwork.py", line 466, in execute
    rec.execute(self)
    ~~~~~~~~~~~^^^^^^
  File "/Users/ns632@apac.comcast.com/Documents/v0_photo_proof/photo_proof_api/venv/lib/python3.13/site-packages/sqlalchemy/orm/unitofwork.py", line 642, in execute
    util.preloaded.orm_persistence.save_obj(
    ~~~~~~~~~~~~~~~~~~~~~~~~~~~~~~~~~~~~~~~^
        self.mapper,
        ^^^^^^^^^^^^
        uow.states_for_mapper_hierarchy(self.mapper, False, False),
        ^^^^^^^^^^^^^^^^^^^^^^^^^^^^^^^^^^^^^^^^^^^^^^^^^^^^^^^^^^^
        uow,
        ^^^^
    )
    ^
  File "/Users/ns632@apac.comcast.com/Documents/v0_photo_proof/photo_proof_api/venv/lib/python3.13/site-packages/sqlalchemy/orm/persistence.py", line 93, in save_obj
    _emit_insert_statements(
    ~~~~~~~~~~~~~~~~~~~~~~~^
        base_mapper,
        ^^^^^^^^^^^^
    ...<3 lines>...
        insert,
        ^^^^^^^
    )
    ^
  File "/Users/ns632@apac.comcast.com/Documents/v0_photo_proof/photo_proof_api/venv/lib/python3.13/site-packages/sqlalchemy/orm/persistence.py", line 1233, in _emit_insert_statements
    result = connection.execute(
        statement,
        params,
        execution_options=execution_options,
    )
  File "/Users/ns632@apac.comcast.com/Documents/v0_photo_proof/photo_proof_api/venv/lib/python3.13/site-packages/sqlalchemy/engine/base.py", line 1419, in execute
    return meth(
        self,
        distilled_parameters,
        execution_options or NO_OPTIONS,
    )
  File "/Users/ns632@apac.comcast.com/Documents/v0_photo_proof/photo_proof_api/venv/lib/python3.13/site-packages/sqlalchemy/sql/elements.py", line 526, in _execute_on_connection
    return connection._execute_clauseelement(
           ~~~~~~~~~~~~~~~~~~~~~~~~~~~~~~~~~^
        self, distilled_params, execution_options
        ^^^^^^^^^^^^^^^^^^^^^^^^^^^^^^^^^^^^^^^^^
    )
    ^
  File "/Users/ns632@apac.comcast.com/Documents/v0_photo_proof/photo_proof_api/venv/lib/python3.13/site-packages/sqlalchemy/engine/base.py", line 1641, in _execute_clauseelement
    ret = self._execute_context(
        dialect,
    ...<8 lines>...
        cache_hit=cache_hit,
    )
  File "/Users/ns632@apac.comcast.com/Documents/v0_photo_proof/photo_proof_api/venv/lib/python3.13/site-packages/sqlalchemy/engine/base.py", line 1846, in _execute_context
    return self._exec_single_context(
           ~~~~~~~~~~~~~~~~~~~~~~~~~^
        dialect, context, statement, parameters
        ^^^^^^^^^^^^^^^^^^^^^^^^^^^^^^^^^^^^^^^
    )
    ^
  File "/Users/ns632@apac.comcast.com/Documents/v0_photo_proof/photo_proof_api/venv/lib/python3.13/site-packages/sqlalchemy/engine/base.py", line 1986, in _exec_single_context
    self._handle_dbapi_exception(
    ~~~~~~~~~~~~~~~~~~~~~~~~~~~~^
        e, str_statement, effective_parameters, cursor, context
        ^^^^^^^^^^^^^^^^^^^^^^^^^^^^^^^^^^^^^^^^^^^^^^^^^^^^^^^
    )
    ^
  File "/Users/ns632@apac.comcast.com/Documents/v0_photo_proof/photo_proof_api/venv/lib/python3.13/site-packages/sqlalchemy/engine/base.py", line 2355, in _handle_dbapi_exception
    raise sqlalchemy_exception.with_traceback(exc_info[2]) from e
  File "/Users/ns632@apac.comcast.com/Documents/v0_photo_proof/photo_proof_api/venv/lib/python3.13/site-packages/sqlalchemy/engine/base.py", line 1967, in _exec_single_context
    self.dialect.do_execute(
    ~~~~~~~~~~~~~~~~~~~~~~~^
        cursor, str_statement, effective_parameters, context
        ^^^^^^^^^^^^^^^^^^^^^^^^^^^^^^^^^^^^^^^^^^^^^^^^^^^^
    )
    ^
  File "/Users/ns632@apac.comcast.com/Documents/v0_photo_proof/photo_proof_api/venv/lib/python3.13/site-packages/sqlalchemy/engine/default.py", line 951, in do_execute
    cursor.execute(statement, parameters)
    ~~~~~~~~~~~~~~^^^^^^^^^^^^^^^^^^^^^^^
sqlalchemy.exc.IntegrityError: (psycopg2.errors.UniqueViolation) duplicate key value violates unique constraint "idx_folders_project_name_unique"
DETAIL:  Key (project_id, lower(name::text))=(6, few_qwerty) already exists.

[SQL: INSERT INTO folders (id, project_id, name, cover_photo_id, photo_count, order_index, created_at, updated_at) VALUES (%(id)s, %(project_id)s, %(name)s, %(cover_photo_id)s, %(photo_count)s, %(order_index)s, %(created_at)s, %(updated_at)s)]
[parameters: {'id': '910d0b98-c0b7-455a-8b76-3376663aadf4', 'project_id': 6, 'name': 'few_qwerty', 'cover_photo_id': None, 'photo_count': 0, 'order_index': 2, 'created_at': datetime.datetime(2025, 11, 27, 8, 12, 25, 198853), 'updated_at': datetime.datetime(2025, 11, 27, 8, 12, 25, 198857)}]
(Background on this error at: https://sqlalche.me/e/20/gkpj)
2025-11-27 13:42:25 | DEBUG | app.middleware.tenant | Detecting studio from host: localhost
2025-11-27 13:42:25 | INFO | app.middleware.tenant | 🔧 Development mode: Using 'demo' studio for localhost
2025-11-27 13:42:25 | INFO | app.middleware.tenant | ✅ Found demo studio for localhost: Demo Photography Studio
2025-11-27 13:42:25 | DEBUG | app.middleware.tenant | 📍 Request for studio: Demo Photography Studio (24cf1e21-d52c-4808-bb8a-bd382f52865b)
2025-11-27 13:42:25 | DEBUG | app.db.session | Database session opened
2025-11-27 13:42:25 | INFO | app.core.dependencies | Auth check - Cookie: False, Header: True
2025-11-27 13:42:25 | INFO | app.core.dependencies | Using token from Authorization header
2025-11-27 13:42:25 | DEBUG | app.core.dependencies | Resolving current user for request
2025-11-27 13:42:25 | DEBUG | app.core.dependencies | Current user resolved
2025-11-27 13:42:25 | INFO | uvicorn.access | 127.0.0.1:50362 - "POST /v2/upload/batch/presigned HTTP/1.1" 200
2025-11-27 13:42:25 | DEBUG | app.db.session | Database session committed
2025-11-27 13:42:25 | DEBUG | app.db.session | Database session closed
2025-11-27 13:42:25 | DEBUG | app.middleware.tenant | Skipping tenant detection for OPTIONS request
2025-11-27 13:42:25 | DEBUG | app.middleware.tenant | Skipping tenant detection for OPTIONS request
2025-11-27 13:42:25 | INFO | uvicorn.access | 127.0.0.1:50356 - "OPTIONS /v2/upload/c7jSVjHsx8CQTAdTBs_w4_b5KyBAIM8AU5N0TFd8uVM HTTP/1.1" 200
2025-11-27 13:42:25 | INFO | uvicorn.access | 127.0.0.1:50354 - "OPTIONS /v2/upload/Cpifem26kt7c7J0PSmgBtwxLdYXXWr1KkFcudi3kBlY HTTP/1.1" 200
2025-11-27 13:42:25 | DEBUG | app.middleware.tenant | Detecting studio from host: localhost
2025-11-27 13:42:25 | INFO | app.middleware.tenant | 🔧 Development mode: Using 'demo' studio for localhost
2025-11-27 13:42:25 | INFO | app.middleware.tenant | ✅ Found demo studio for localhost: Demo Photography Studio
2025-11-27 13:42:25 | DEBUG | app.middleware.tenant | 📍 Request for studio: Demo Photography Studio (24cf1e21-d52c-4808-bb8a-bd382f52865b)
2025-11-27 13:42:25 | DEBUG | app.middleware.tenant | Detecting studio from host: localhost
2025-11-27 13:42:25 | INFO | app.middleware.tenant | 🔧 Development mode: Using 'demo' studio for localhost
2025-11-27 13:42:25 | INFO | app.middleware.tenant | ✅ Found demo studio for localhost: Demo Photography Studio
2025-11-27 13:42:25 | DEBUG | app.middleware.tenant | 📍 Request for studio: Demo Photography Studio (24cf1e21-d52c-4808-bb8a-bd382f52865b)
2025-11-27 13:42:25 | DEBUG | python_multipart.multipart | Calling on_part_begin with no data
2025-11-27 13:42:25 | DEBUG | python_multipart.multipart | Calling on_header_field with data[42:61]
2025-11-27 13:42:25 | DEBUG | python_multipart.multipart | Calling on_header_value with data[63:114]
2025-11-27 13:42:25 | DEBUG | python_multipart.multipart | Calling on_header_end with no data
2025-11-27 13:42:25 | DEBUG | python_multipart.multipart | Calling on_header_field with data[116:128]
2025-11-27 13:42:25 | DEBUG | python_multipart.multipart | Calling on_header_value with data[130:140]
2025-11-27 13:42:25 | DEBUG | python_multipart.multipart | Calling on_header_end with no data
2025-11-27 13:42:25 | DEBUG | python_multipart.multipart | Calling on_headers_finished with no data
2025-11-27 13:42:25 | DEBUG | python_multipart.multipart | Calling on_part_data with data[144:76449]
2025-11-27 13:42:25 | DEBUG | python_multipart.multipart | Calling on_part_end with no data
2025-11-27 13:42:25 | DEBUG | python_multipart.multipart | Calling on_end with no data
2025-11-27 13:42:25 | DEBUG | python_multipart.multipart | Calling on_part_begin with no data
2025-11-27 13:42:25 | DEBUG | python_multipart.multipart | Calling on_header_field with data[42:61]
2025-11-27 13:42:25 | DEBUG | python_multipart.multipart | Calling on_header_value with data[63:118]
2025-11-27 13:42:25 | DEBUG | python_multipart.multipart | Calling on_header_end with no data
2025-11-27 13:42:25 | DEBUG | python_multipart.multipart | Calling on_header_field with data[120:132]
2025-11-27 13:42:25 | DEBUG | python_multipart.multipart | Calling on_header_value with data[134:144]
2025-11-27 13:42:25 | DEBUG | python_multipart.multipart | Calling on_header_end with no data
2025-11-27 13:42:25 | DEBUG | python_multipart.multipart | Calling on_headers_finished with no data
2025-11-27 13:42:25 | DEBUG | python_multipart.multipart | Calling on_part_data with data[148:112336]
2025-11-27 13:42:25 | DEBUG | python_multipart.multipart | Calling on_part_end with no data
2025-11-27 13:42:25 | DEBUG | python_multipart.multipart | Calling on_end with no data
2025-11-27 13:42:25 | DEBUG | app.db.session | Database session opened
2025-11-27 13:42:25 | DEBUG | app.db.session | Database session opened
2025-11-27 13:42:26 | DEBUG | PIL.TiffImagePlugin | tag: Orientation (274) - type: short (3) - value: b'\x01\x00'
2025-11-27 13:42:26 | DEBUG | PIL.TiffImagePlugin | tag: XResolution (282) - type: rational (5) Tag Location: 34 - Data Location: 86 - value: b'H\x00\x00\x00\x01\x00\x00\x00'
2025-11-27 13:42:26 | DEBUG | PIL.TiffImagePlugin | tag: YResolution (283) - type: rational (5) Tag Location: 46 - Data Location: 94 - value: b'H\x00\x00\x00\x01\x00\x00\x00'
2025-11-27 13:42:26 | DEBUG | PIL.TiffImagePlugin | tag: ResolutionUnit (296) - type: short (3) - value: b'\x02\x00'
2025-11-27 13:42:26 | DEBUG | PIL.TiffImagePlugin | tag: YCbCrPositioning (531) - type: short (3) - value: b'\x01\x00'
2025-11-27 13:42:26 | DEBUG | PIL.TiffImagePlugin | tag: ExifIFD (34665) - type: long (4) - value: b'f\x00\x00\x00'
2025-11-27 13:42:26 | DEBUG | PIL.TiffImagePlugin | tag: Orientation (274) - type: short (3) - value: b'\x01\x00'
2025-11-27 13:42:26 | DEBUG | PIL.TiffImagePlugin | tag: XResolution (282) - type: rational (5) Tag Location: 34 - Data Location: 86 - value: b'H\x00\x00\x00\x01\x00\x00\x00'
2025-11-27 13:42:26 | DEBUG | PIL.TiffImagePlugin | tag: YResolution (283) - type: rational (5) Tag Location: 46 - Data Location: 94 - value: b'H\x00\x00\x00\x01\x00\x00\x00'
2025-11-27 13:42:26 | DEBUG | PIL.TiffImagePlugin | tag: ResolutionUnit (296) - type: short (3) - value: b'\x02\x00'
2025-11-27 13:42:26 | DEBUG | PIL.TiffImagePlugin | tag: YCbCrPositioning (531) - type: short (3) - value: b'\x01\x00'
2025-11-27 13:42:26 | DEBUG | PIL.TiffImagePlugin | tag: ExifIFD (34665) - type: long (4) - value: b'f\x00\x00\x00'
2025-11-27 13:42:26 | DEBUG | PIL.TiffImagePlugin | tag: Orientation (274) - type: short (3) - value: b'\x01\x00'
2025-11-27 13:42:26 | DEBUG | PIL.TiffImagePlugin | tag: XResolution (282) - type: rational (5) Tag Location: 34 - Data Location: 86 - value: b'H\x00\x00\x00\x01\x00\x00\x00'
2025-11-27 13:42:26 | DEBUG | PIL.TiffImagePlugin | tag: YResolution (283) - type: rational (5) Tag Location: 46 - Data Location: 94 - value: b'H\x00\x00\x00\x01\x00\x00\x00'
2025-11-27 13:42:26 | DEBUG | PIL.TiffImagePlugin | tag: ResolutionUnit (296) - type: short (3) - value: b'\x02\x00'
2025-11-27 13:42:26 | DEBUG | PIL.TiffImagePlugin | tag: YCbCrPositioning (531) - type: short (3) - value: b'\x01\x00'
2025-11-27 13:42:26 | DEBUG | PIL.TiffImagePlugin | tag: ExifIFD (34665) - type: long (4) - value: b'f\x00\x00\x00'
2025-11-27 13:42:26 | DEBUG | PIL.TiffImagePlugin | tag: Orientation (274) - type: short (3) - value: b'\x01\x00'
2025-11-27 13:42:26 | DEBUG | PIL.TiffImagePlugin | tag: XResolution (282) - type: rational (5) Tag Location: 34 - Data Location: 86 - value: b'H\x00\x00\x00\x01\x00\x00\x00'
2025-11-27 13:42:26 | DEBUG | PIL.TiffImagePlugin | tag: YResolution (283) - type: rational (5) Tag Location: 46 - Data Location: 94 - value: b'H\x00\x00\x00\x01\x00\x00\x00'
2025-11-27 13:42:26 | DEBUG | PIL.TiffImagePlugin | tag: ResolutionUnit (296) - type: short (3) - value: b'\x02\x00'
2025-11-27 13:42:26 | DEBUG | PIL.TiffImagePlugin | tag: YCbCrPositioning (531) - type: short (3) - value: b'\x01\x00'
2025-11-27 13:42:26 | DEBUG | PIL.TiffImagePlugin | tag: ExifIFD (34665) - type: long (4) - value: b'f\x00\x00\x00'
2025-11-27 13:42:26 | ERROR | app.db.session | Database session rolled back due to exception
Traceback (most recent call last):
  File "/Users/ns632@apac.comcast.com/Documents/v0_photo_proof/photo_proof_api/app/routers/upload.py", line 94, in complete_upload
    photo = await upload_service.complete_upload(
            ^^^^^^^^^^^^^^^^^^^^^^^^^^^^^^^^^^^^^
    ...<3 lines>...
    )
    ^
  File "/Users/ns632@apac.comcast.com/Documents/v0_photo_proof/photo_proof_api/app/services/upload_service.py", line 117, in complete_upload
    return await self._complete_new_photo_upload(db, upload_token, file_data)
           ^^^^^^^^^^^^^^^^^^^^^^^^^^^^^^^^^^^^^^^^^^^^^^^^^^^^^^^^^^^^^^^^^^
  File "/Users/ns632@apac.comcast.com/Documents/v0_photo_proof/photo_proof_api/app/services/upload_service.py", line 247, in _complete_new_photo_upload
    raise HTTPException(
    ...<13 lines>...
    )
fastapi.exceptions.HTTPException: 409: {'error': 'duplicate_detected', 'type': 'photo_content', 'message': 'This photo already exists in this project', 'existing_photo': {'id': 6, 'filename': 'IMG_7057 (1).jpg', 'uploaded_at': '2025-11-27T07:56:17.230932', 'folder_id': None, 'thumbnail_url': '/api/photos/6/thumbnail'}}

During handling of the above exception, another exception occurred:

Traceback (most recent call last):
  File "/Users/ns632@apac.comcast.com/Documents/v0_photo_proof/photo_proof_api/app/db/session.py", line 54, in get_db
    yield db
  File "/Users/ns632@apac.comcast.com/Documents/v0_photo_proof/photo_proof_api/venv/lib/python3.13/site-packages/fastapi/concurrency.py", line 27, in contextmanager_in_threadpool
    yield await run_in_threadpool(cm.__enter__)
  File "/Users/ns632@apac.comcast.com/Documents/v0_photo_proof/photo_proof_api/venv/lib/python3.13/site-packages/fastapi/routing.py", line 109, in app
    response = await f(request)
               ^^^^^^^^^^^^^^^^
  File "/Users/ns632@apac.comcast.com/Documents/v0_photo_proof/photo_proof_api/venv/lib/python3.13/site-packages/fastapi/routing.py", line 387, in app
    raw_response = await run_endpoint_function(
                   ^^^^^^^^^^^^^^^^^^^^^^^^^^^^
    ...<3 lines>...
    )
    ^
  File "/Users/ns632@apac.comcast.com/Documents/v0_photo_proof/photo_proof_api/venv/lib/python3.13/site-packages/fastapi/routing.py", line 288, in run_endpoint_function
    return await dependant.call(**values)
           ^^^^^^^^^^^^^^^^^^^^^^^^^^^^^^
  File "/Users/ns632@apac.comcast.com/Documents/v0_photo_proof/photo_proof_api/app/routers/upload.py", line 134, in complete_upload
    raise HTTPException(
    ...<2 lines>...
    )
fastapi.exceptions.HTTPException: 500: Upload failed: 409: {'error': 'duplicate_detected', 'type': 'photo_content', 'message': 'This photo already exists in this project', 'existing_photo': {'id': 6, 'filename': 'IMG_7057 (1).jpg', 'uploaded_at': '2025-11-27T07:56:17.230932', 'folder_id': None, 'thumbnail_url': '/api/photos/6/thumbnail'}}
2025-11-27 13:42:26 | ERROR | app.db.session | Database session rolled back due to exception
Traceback (most recent call last):
  File "/Users/ns632@apac.comcast.com/Documents/v0_photo_proof/photo_proof_api/app/routers/upload.py", line 94, in complete_upload
    photo = await upload_service.complete_upload(
            ^^^^^^^^^^^^^^^^^^^^^^^^^^^^^^^^^^^^^
    ...<3 lines>...
    )
    ^
  File "/Users/ns632@apac.comcast.com/Documents/v0_photo_proof/photo_proof_api/app/services/upload_service.py", line 117, in complete_upload
    return await self._complete_new_photo_upload(db, upload_token, file_data)
           ^^^^^^^^^^^^^^^^^^^^^^^^^^^^^^^^^^^^^^^^^^^^^^^^^^^^^^^^^^^^^^^^^^
  File "/Users/ns632@apac.comcast.com/Documents/v0_photo_proof/photo_proof_api/app/services/upload_service.py", line 247, in _complete_new_photo_upload
    raise HTTPException(
    ...<13 lines>...
    )
fastapi.exceptions.HTTPException: 409: {'error': 'duplicate_detected', 'type': 'photo_content', 'message': 'This photo already exists in this project', 'existing_photo': {'id': 5, 'filename': 'IMG_0070.jpg', 'uploaded_at': '2025-11-27T07:56:17.134748', 'folder_id': None, 'thumbnail_url': '/api/photos/5/thumbnail'}}

During handling of the above exception, another exception occurred:

Traceback (most recent call last):
  File "/Users/ns632@apac.comcast.com/Documents/v0_photo_proof/photo_proof_api/app/db/session.py", line 54, in get_db
    yield db
  File "/Users/ns632@apac.comcast.com/Documents/v0_photo_proof/photo_proof_api/venv/lib/python3.13/site-packages/fastapi/concurrency.py", line 27, in contextmanager_in_threadpool
    yield await run_in_threadpool(cm.__enter__)
  File "/Users/ns632@apac.comcast.com/Documents/v0_photo_proof/photo_proof_api/venv/lib/python3.13/site-packages/fastapi/routing.py", line 109, in app
    response = await f(request)
               ^^^^^^^^^^^^^^^^
  File "/Users/ns632@apac.comcast.com/Documents/v0_photo_proof/photo_proof_api/venv/lib/python3.13/site-packages/fastapi/routing.py", line 387, in app
    raw_response = await run_endpoint_function(
                   ^^^^^^^^^^^^^^^^^^^^^^^^^^^^
    ...<3 lines>...
    )
    ^
  File "/Users/ns632@apac.comcast.com/Documents/v0_photo_proof/photo_proof_api/venv/lib/python3.13/site-packages/fastapi/routing.py", line 288, in run_endpoint_function
    return await dependant.call(**values)
           ^^^^^^^^^^^^^^^^^^^^^^^^^^^^^^
  File "/Users/ns632@apac.comcast.com/Documents/v0_photo_proof/photo_proof_api/app/routers/upload.py", line 134, in complete_upload
    raise HTTPException(
    ...<2 lines>...
    )
fastapi.exceptions.HTTPException: 500: Upload failed: 409: {'error': 'duplicate_detected', 'type': 'photo_content', 'message': 'This photo already exists in this project', 'existing_photo': {'id': 5, 'filename': 'IMG_0070.jpg', 'uploaded_at': '2025-11-27T07:56:17.134748', 'folder_id': None, 'thumbnail_url': '/api/photos/5/thumbnail'}}
2025-11-27 13:42:26 | DEBUG | app.db.session | Database session closed
2025-11-27 13:42:26 | DEBUG | app.db.session | Database session closed
2025-11-27 13:42:26 | INFO | uvicorn.access | 127.0.0.1:50356 - "PUT /v2/upload/Cpifem26kt7c7J0PSmgBtwxLdYXXWr1KkFcudi3kBlY HTTP/1.1" 500
2025-11-27 13:42:26 | INFO | uvicorn.access | 127.0.0.1:50354 - "PUT /v2/upload/c7jSVjHsx8CQTAdTBs_w4_b5KyBAIM8AU5N0TFd8uVM HTTP/1.1" 500
2025-11-27 13:42:27 | DEBUG | app.middleware.tenant | Skipping tenant detection for OPTIONS request
2025-11-27 13:42:27 | INFO | uvicorn.access | 127.0.0.1:50354 - "OPTIONS /v2/upload/batch/presigned HTTP/1.1" 200
2025-11-27 13:42:27 | DEBUG | app.middleware.tenant | Detecting studio from host: localhost
2025-11-27 13:42:27 | INFO | app.middleware.tenant | 🔧 Development mode: Using 'demo' studio for localhost
2025-11-27 13:42:27 | INFO | app.middleware.tenant | ✅ Found demo studio for localhost: Demo Photography Studio
2025-11-27 13:42:27 | DEBUG | app.middleware.tenant | 📍 Request for studio: Demo Photography Studio (24cf1e21-d52c-4808-bb8a-bd382f52865b)
2025-11-27 13:42:27 | DEBUG | app.db.session | Database session opened
2025-11-27 13:42:27 | INFO | app.core.dependencies | Auth check - Cookie: False, Header: True
2025-11-27 13:42:27 | INFO | app.core.dependencies | Using token from Authorization header
2025-11-27 13:42:27 | DEBUG | app.core.dependencies | Resolving current user for request
2025-11-27 13:42:27 | DEBUG | app.core.dependencies | Current user resolved
2025-11-27 13:42:27 | INFO | uvicorn.access | 127.0.0.1:50362 - "POST /v2/upload/batch/presigned HTTP/1.1" 200
2025-11-27 13:42:27 | DEBUG | app.db.session | Database session committed
2025-11-27 13:42:27 | DEBUG | app.db.session | Database session closed
2025-11-27 13:42:27 | DEBUG | app.middleware.tenant | Skipping tenant detection for OPTIONS request
2025-11-27 13:42:27 | DEBUG | app.middleware.tenant | Skipping tenant detection for OPTIONS request
2025-11-27 13:42:27 | INFO | uvicorn.access | 127.0.0.1:50354 - "OPTIONS /v2/upload/V-P5WG8SS9WTAUObFgV7oe_wtUQ-fzAr00vTlP03cig HTTP/1.1" 200
2025-11-27 13:42:27 | INFO | uvicorn.access | 127.0.0.1:50356 - "OPTIONS /v2/upload/KZoZiYMwFDNqv7Tt0SPYhyo5TeU0HT3aanMo_ZfzP44 HTTP/1.1" 200
2025-11-27 13:42:27 | DEBUG | app.middleware.tenant | Detecting studio from host: localhost
2025-11-27 13:42:27 | INFO | app.middleware.tenant | 🔧 Development mode: Using 'demo' studio for localhost
2025-11-27 13:42:27 | INFO | app.middleware.tenant | ✅ Found demo studio for localhost: Demo Photography Studio
2025-11-27 13:42:27 | DEBUG | app.middleware.tenant | 📍 Request for studio: Demo Photography Studio (24cf1e21-d52c-4808-bb8a-bd382f52865b)
2025-11-27 13:42:27 | DEBUG | app.middleware.tenant | Detecting studio from host: localhost
2025-11-27 13:42:27 | INFO | app.middleware.tenant | 🔧 Development mode: Using 'demo' studio for localhost
2025-11-27 13:42:27 | INFO | app.middleware.tenant | ✅ Found demo studio for localhost: Demo Photography Studio
2025-11-27 13:42:27 | DEBUG | app.middleware.tenant | 📍 Request for studio: Demo Photography Studio (24cf1e21-d52c-4808-bb8a-bd382f52865b)
2025-11-27 13:42:27 | DEBUG | python_multipart.multipart | Calling on_part_begin with no data
2025-11-27 13:42:27 | DEBUG | python_multipart.multipart | Calling on_header_field with data[42:61]
2025-11-27 13:42:27 | DEBUG | python_multipart.multipart | Calling on_header_value with data[63:114]
2025-11-27 13:42:27 | DEBUG | python_multipart.multipart | Calling on_header_end with no data
2025-11-27 13:42:27 | DEBUG | python_multipart.multipart | Calling on_header_field with data[116:128]
2025-11-27 13:42:27 | DEBUG | python_multipart.multipart | Calling on_header_value with data[130:140]
2025-11-27 13:42:27 | DEBUG | python_multipart.multipart | Calling on_header_end with no data
2025-11-27 13:42:27 | DEBUG | python_multipart.multipart | Calling on_headers_finished with no data
2025-11-27 13:42:27 | DEBUG | python_multipart.multipart | Calling on_part_data with data[144:76449]
2025-11-27 13:42:27 | DEBUG | python_multipart.multipart | Calling on_part_end with no data
2025-11-27 13:42:27 | DEBUG | python_multipart.multipart | Calling on_end with no data
2025-11-27 13:42:27 | DEBUG | python_multipart.multipart | Calling on_part_begin with no data
2025-11-27 13:42:27 | DEBUG | python_multipart.multipart | Calling on_header_field with data[42:61]
2025-11-27 13:42:27 | DEBUG | python_multipart.multipart | Calling on_header_value with data[63:118]
2025-11-27 13:42:27 | DEBUG | python_multipart.multipart | Calling on_header_end with no data
2025-11-27 13:42:27 | DEBUG | python_multipart.multipart | Calling on_header_field with data[120:132]
2025-11-27 13:42:27 | DEBUG | python_multipart.multipart | Calling on_header_value with data[134:144]
2025-11-27 13:42:27 | DEBUG | python_multipart.multipart | Calling on_header_end with no data
2025-11-27 13:42:27 | DEBUG | python_multipart.multipart | Calling on_headers_finished with no data
2025-11-27 13:42:27 | DEBUG | python_multipart.multipart | Calling on_part_data with data[148:112336]
2025-11-27 13:42:27 | DEBUG | python_multipart.multipart | Calling on_part_end with no data
2025-11-27 13:42:27 | DEBUG | python_multipart.multipart | Calling on_end with no data
2025-11-27 13:42:27 | DEBUG | app.db.session | Database session opened
2025-11-27 13:42:27 | DEBUG | app.db.session | Database session opened
2025-11-27 13:42:27 | DEBUG | PIL.TiffImagePlugin | tag: Orientation (274) - type: short (3) - value: b'\x01\x00'
2025-11-27 13:42:27 | DEBUG | PIL.TiffImagePlugin | tag: XResolution (282) - type: rational (5) Tag Location: 34 - Data Location: 86 - value: b'H\x00\x00\x00\x01\x00\x00\x00'
2025-11-27 13:42:27 | DEBUG | PIL.TiffImagePlugin | tag: YResolution (283) - type: rational (5) Tag Location: 46 - Data Location: 94 - value: b'H\x00\x00\x00\x01\x00\x00\x00'
2025-11-27 13:42:27 | DEBUG | PIL.TiffImagePlugin | tag: ResolutionUnit (296) - type: short (3) - value: b'\x02\x00'
2025-11-27 13:42:27 | DEBUG | PIL.TiffImagePlugin | tag: YCbCrPositioning (531) - type: short (3) - value: b'\x01\x00'
2025-11-27 13:42:27 | DEBUG | PIL.TiffImagePlugin | tag: ExifIFD (34665) - type: long (4) - value: b'f\x00\x00\x00'
2025-11-27 13:42:27 | DEBUG | PIL.TiffImagePlugin | tag: Orientation (274) - type: short (3) - value: b'\x01\x00'
2025-11-27 13:42:27 | DEBUG | PIL.TiffImagePlugin | tag: XResolution (282) - type: rational (5) Tag Location: 34 - Data Location: 86 - value: b'H\x00\x00\x00\x01\x00\x00\x00'
2025-11-27 13:42:27 | DEBUG | PIL.TiffImagePlugin | tag: YResolution (283) - type: rational (5) Tag Location: 46 - Data Location: 94 - value: b'H\x00\x00\x00\x01\x00\x00\x00'
2025-11-27 13:42:27 | DEBUG | PIL.TiffImagePlugin | tag: ResolutionUnit (296) - type: short (3) - value: b'\x02\x00'
2025-11-27 13:42:27 | DEBUG | PIL.TiffImagePlugin | tag: YCbCrPositioning (531) - type: short (3) - value: b'\x01\x00'
2025-11-27 13:42:27 | DEBUG | PIL.TiffImagePlugin | tag: ExifIFD (34665) - type: long (4) - value: b'f\x00\x00\x00'
2025-11-27 13:42:27 | DEBUG | PIL.TiffImagePlugin | tag: Orientation (274) - type: short (3) - value: b'\x01\x00'
2025-11-27 13:42:27 | DEBUG | PIL.TiffImagePlugin | tag: XResolution (282) - type: rational (5) Tag Location: 34 - Data Location: 86 - value: b'H\x00\x00\x00\x01\x00\x00\x00'
2025-11-27 13:42:27 | DEBUG | PIL.TiffImagePlugin | tag: YResolution (283) - type: rational (5) Tag Location: 46 - Data Location: 94 - value: b'H\x00\x00\x00\x01\x00\x00\x00'
2025-11-27 13:42:27 | DEBUG | PIL.TiffImagePlugin | tag: ResolutionUnit (296) - type: short (3) - value: b'\x02\x00'
2025-11-27 13:42:27 | DEBUG | PIL.TiffImagePlugin | tag: YCbCrPositioning (531) - type: short (3) - value: b'\x01\x00'
2025-11-27 13:42:27 | DEBUG | PIL.TiffImagePlugin | tag: ExifIFD (34665) - type: long (4) - value: b'f\x00\x00\x00'
2025-11-27 13:42:27 | DEBUG | PIL.TiffImagePlugin | tag: Orientation (274) - type: short (3) - value: b'\x01\x00'
2025-11-27 13:42:27 | DEBUG | PIL.TiffImagePlugin | tag: XResolution (282) - type: rational (5) Tag Location: 34 - Data Location: 86 - value: b'H\x00\x00\x00\x01\x00\x00\x00'
2025-11-27 13:42:27 | DEBUG | PIL.TiffImagePlugin | tag: YResolution (283) - type: rational (5) Tag Location: 46 - Data Location: 94 - value: b'H\x00\x00\x00\x01\x00\x00\x00'
2025-11-27 13:42:27 | DEBUG | PIL.TiffImagePlugin | tag: ResolutionUnit (296) - type: short (3) - value: b'\x02\x00'
2025-11-27 13:42:27 | DEBUG | PIL.TiffImagePlugin | tag: YCbCrPositioning (531) - type: short (3) - value: b'\x01\x00'
2025-11-27 13:42:27 | DEBUG | PIL.TiffImagePlugin | tag: ExifIFD (34665) - type: long (4) - value: b'f\x00\x00\x00'
2025-11-27 13:42:27 | ERROR | app.db.session | Database session rolled back due to exception
Traceback (most recent call last):
  File "/Users/ns632@apac.comcast.com/Documents/v0_photo_proof/photo_proof_api/app/routers/upload.py", line 94, in complete_upload
    photo = await upload_service.complete_upload(
            ^^^^^^^^^^^^^^^^^^^^^^^^^^^^^^^^^^^^^
    ...<3 lines>...
    )
    ^
  File "/Users/ns632@apac.comcast.com/Documents/v0_photo_proof/photo_proof_api/app/services/upload_service.py", line 117, in complete_upload
    return await self._complete_new_photo_upload(db, upload_token, file_data)
           ^^^^^^^^^^^^^^^^^^^^^^^^^^^^^^^^^^^^^^^^^^^^^^^^^^^^^^^^^^^^^^^^^^
  File "/Users/ns632@apac.comcast.com/Documents/v0_photo_proof/photo_proof_api/app/services/upload_service.py", line 247, in _complete_new_photo_upload
    raise HTTPException(
    ...<13 lines>...
    )
fastapi.exceptions.HTTPException: 409: {'error': 'duplicate_detected', 'type': 'photo_content', 'message': 'This photo already exists in this project', 'existing_photo': {'id': 5, 'filename': 'IMG_0070.jpg', 'uploaded_at': '2025-11-27T07:56:17.134748', 'folder_id': None, 'thumbnail_url': '/api/photos/5/thumbnail'}}

During handling of the above exception, another exception occurred:

Traceback (most recent call last):
  File "/Users/ns632@apac.comcast.com/Documents/v0_photo_proof/photo_proof_api/app/db/session.py", line 54, in get_db
    yield db
  File "/Users/ns632@apac.comcast.com/Documents/v0_photo_proof/photo_proof_api/venv/lib/python3.13/site-packages/fastapi/concurrency.py", line 27, in contextmanager_in_threadpool
    yield await run_in_threadpool(cm.__enter__)
  File "/Users/ns632@apac.comcast.com/Documents/v0_photo_proof/photo_proof_api/venv/lib/python3.13/site-packages/fastapi/routing.py", line 109, in app
    response = await f(request)
               ^^^^^^^^^^^^^^^^
  File "/Users/ns632@apac.comcast.com/Documents/v0_photo_proof/photo_proof_api/venv/lib/python3.13/site-packages/fastapi/routing.py", line 387, in app
    raw_response = await run_endpoint_function(
                   ^^^^^^^^^^^^^^^^^^^^^^^^^^^^
    ...<3 lines>...
    )
    ^
  File "/Users/ns632@apac.comcast.com/Documents/v0_photo_proof/photo_proof_api/venv/lib/python3.13/site-packages/fastapi/routing.py", line 288, in run_endpoint_function
    return await dependant.call(**values)
           ^^^^^^^^^^^^^^^^^^^^^^^^^^^^^^
  File "/Users/ns632@apac.comcast.com/Documents/v0_photo_proof/photo_proof_api/app/routers/upload.py", line 134, in complete_upload
    raise HTTPException(
    ...<2 lines>...
    )
fastapi.exceptions.HTTPException: 500: Upload failed: 409: {'error': 'duplicate_detected', 'type': 'photo_content', 'message': 'This photo already exists in this project', 'existing_photo': {'id': 5, 'filename': 'IMG_0070.jpg', 'uploaded_at': '2025-11-27T07:56:17.134748', 'folder_id': None, 'thumbnail_url': '/api/photos/5/thumbnail'}}
2025-11-27 13:42:27 | ERROR | app.db.session | Database session rolled back due to exception
Traceback (most recent call last):
  File "/Users/ns632@apac.comcast.com/Documents/v0_photo_proof/photo_proof_api/app/routers/upload.py", line 94, in complete_upload
    photo = await upload_service.complete_upload(
            ^^^^^^^^^^^^^^^^^^^^^^^^^^^^^^^^^^^^^
    ...<3 lines>...
    )
    ^
  File "/Users/ns632@apac.comcast.com/Documents/v0_photo_proof/photo_proof_api/app/services/upload_service.py", line 117, in complete_upload
    return await self._complete_new_photo_upload(db, upload_token, file_data)
           ^^^^^^^^^^^^^^^^^^^^^^^^^^^^^^^^^^^^^^^^^^^^^^^^^^^^^^^^^^^^^^^^^^
  File "/Users/ns632@apac.comcast.com/Documents/v0_photo_proof/photo_proof_api/app/services/upload_service.py", line 247, in _complete_new_photo_upload
    raise HTTPException(
    ...<13 lines>...
    )
fastapi.exceptions.HTTPException: 409: {'error': 'duplicate_detected', 'type': 'photo_content', 'message': 'This photo already exists in this project', 'existing_photo': {'id': 6, 'filename': 'IMG_7057 (1).jpg', 'uploaded_at': '2025-11-27T07:56:17.230932', 'folder_id': None, 'thumbnail_url': '/api/photos/6/thumbnail'}}

During handling of the above exception, another exception occurred:

Traceback (most recent call last):
  File "/Users/ns632@apac.comcast.com/Documents/v0_photo_proof/photo_proof_api/app/db/session.py", line 54, in get_db
    yield db
  File "/Users/ns632@apac.comcast.com/Documents/v0_photo_proof/photo_proof_api/venv/lib/python3.13/site-packages/fastapi/concurrency.py", line 27, in contextmanager_in_threadpool
    yield await run_in_threadpool(cm.__enter__)
  File "/Users/ns632@apac.comcast.com/Documents/v0_photo_proof/photo_proof_api/venv/lib/python3.13/site-packages/fastapi/routing.py", line 109, in app
    response = await f(request)
               ^^^^^^^^^^^^^^^^
  File "/Users/ns632@apac.comcast.com/Documents/v0_photo_proof/photo_proof_api/venv/lib/python3.13/site-packages/fastapi/routing.py", line 387, in app
    raw_response = await run_endpoint_function(
                   ^^^^^^^^^^^^^^^^^^^^^^^^^^^^
    ...<3 lines>...
    )
    ^
  File "/Users/ns632@apac.comcast.com/Documents/v0_photo_proof/photo_proof_api/venv/lib/python3.13/site-packages/fastapi/routing.py", line 288, in run_endpoint_function
    return await dependant.call(**values)
           ^^^^^^^^^^^^^^^^^^^^^^^^^^^^^^
  File "/Users/ns632@apac.comcast.com/Documents/v0_photo_proof/photo_proof_api/app/routers/upload.py", line 134, in complete_upload
    raise HTTPException(
    ...<2 lines>...
    )
fastapi.exceptions.HTTPException: 500: Upload failed: 409: {'error': 'duplicate_detected', 'type': 'photo_content', 'message': 'This photo already exists in this project', 'existing_photo': {'id': 6, 'filename': 'IMG_7057 (1).jpg', 'uploaded_at': '2025-11-27T07:56:17.230932', 'folder_id': None, 'thumbnail_url': '/api/photos/6/thumbnail'}}
2025-11-27 13:42:27 | DEBUG | app.db.session | Database session closed
2025-11-27 13:42:27 | DEBUG | app.db.session | Database session closed
2025-11-27 13:42:27 | INFO | uvicorn.access | 127.0.0.1:50356 - "PUT /v2/upload/V-P5WG8SS9WTAUObFgV7oe_wtUQ-fzAr00vTlP03cig HTTP/1.1" 500
2025-11-27 13:42:27 | INFO | uvicorn.access | 127.0.0.1:50354 - "PUT /v2/upload/KZoZiYMwFDNqv7Tt0SPYhyo5TeU0HT3aanMo_ZfzP44 HTTP/1.1" 500
2025-11-27 13:42:29 | DEBUG | app.middleware.tenant | Skipping tenant detection for OPTIONS request
2025-11-27 13:42:29 | INFO | uvicorn.access | 127.0.0.1:50354 - "OPTIONS /v2/upload/batch/presigned HTTP/1.1" 200
2025-11-27 13:42:29 | DEBUG | app.middleware.tenant | Detecting studio from host: localhost
2025-11-27 13:42:29 | INFO | app.middleware.tenant | 🔧 Development mode: Using 'demo' studio for localhost
2025-11-27 13:42:29 | INFO | app.middleware.tenant | ✅ Found demo studio for localhost: Demo Photography Studio
2025-11-27 13:42:29 | DEBUG | app.middleware.tenant | 📍 Request for studio: Demo Photography Studio (24cf1e21-d52c-4808-bb8a-bd382f52865b)
2025-11-27 13:42:29 | DEBUG | app.db.session | Database session opened
2025-11-27 13:42:29 | INFO | app.core.dependencies | Auth check - Cookie: False, Header: True
2025-11-27 13:42:29 | INFO | app.core.dependencies | Using token from Authorization header
2025-11-27 13:42:29 | DEBUG | app.core.dependencies | Resolving current user for request
2025-11-27 13:42:29 | DEBUG | app.core.dependencies | Current user resolved
2025-11-27 13:42:29 | INFO | uvicorn.access | 127.0.0.1:50362 - "POST /v2/upload/batch/presigned HTTP/1.1" 200
2025-11-27 13:42:29 | DEBUG | app.middleware.tenant | Skipping tenant detection for OPTIONS request
2025-11-27 13:42:29 | INFO | uvicorn.access | 127.0.0.1:50354 - "OPTIONS /v2/upload/_YjD-C6RMe8katK942w8-_Pq7g6hnrkk_ezAf3ZJ7y8 HTTP/1.1" 200
2025-11-27 13:42:29 | DEBUG | app.middleware.tenant | Skipping tenant detection for OPTIONS request
2025-11-27 13:42:29 | INFO | uvicorn.access | 127.0.0.1:50356 - "OPTIONS /v2/upload/ri1eBft66zquWO9JEgw_HMR4mjPrXhMTOG_-auLPvdc HTTP/1.1" 200
2025-11-27 13:42:29 | DEBUG | app.middleware.tenant | Detecting studio from host: localhost
2025-11-27 13:42:29 | INFO | app.middleware.tenant | 🔧 Development mode: Using 'demo' studio for localhost
2025-11-27 13:42:29 | DEBUG | app.db.session | Database session committed
2025-11-27 13:42:29 | DEBUG | app.db.session | Database session closed
2025-11-27 13:42:29 | INFO | app.middleware.tenant | ✅ Found demo studio for localhost: Demo Photography Studio
2025-11-27 13:42:29 | DEBUG | app.middleware.tenant | 📍 Request for studio: Demo Photography Studio (24cf1e21-d52c-4808-bb8a-bd382f52865b)
2025-11-27 13:42:29 | DEBUG | app.middleware.tenant | Detecting studio from host: localhost
2025-11-27 13:42:29 | INFO | app.middleware.tenant | 🔧 Development mode: Using 'demo' studio for localhost
2025-11-27 13:42:29 | INFO | app.middleware.tenant | ✅ Found demo studio for localhost: Demo Photography Studio
2025-11-27 13:42:29 | DEBUG | app.middleware.tenant | 📍 Request for studio: Demo Photography Studio (24cf1e21-d52c-4808-bb8a-bd382f52865b)
2025-11-27 13:42:29 | DEBUG | python_multipart.multipart | Calling on_part_begin with no data
2025-11-27 13:42:29 | DEBUG | python_multipart.multipart | Calling on_header_field with data[42:61]
2025-11-27 13:42:29 | DEBUG | python_multipart.multipart | Calling on_header_value with data[63:114]
2025-11-27 13:42:29 | DEBUG | python_multipart.multipart | Calling on_header_end with no data
2025-11-27 13:42:29 | DEBUG | python_multipart.multipart | Calling on_header_field with data[116:128]
2025-11-27 13:42:29 | DEBUG | python_multipart.multipart | Calling on_header_value with data[130:140]
2025-11-27 13:42:29 | DEBUG | python_multipart.multipart | Calling on_header_end with no data
2025-11-27 13:42:29 | DEBUG | python_multipart.multipart | Calling on_headers_finished with no data
2025-11-27 13:42:29 | DEBUG | python_multipart.multipart | Calling on_part_data with data[144:76449]
2025-11-27 13:42:29 | DEBUG | python_multipart.multipart | Calling on_part_end with no data
2025-11-27 13:42:29 | DEBUG | python_multipart.multipart | Calling on_end with no data
2025-11-27 13:42:29 | DEBUG | python_multipart.multipart | Calling on_part_begin with no data
2025-11-27 13:42:29 | DEBUG | python_multipart.multipart | Calling on_header_field with data[42:61]
2025-11-27 13:42:29 | DEBUG | python_multipart.multipart | Calling on_header_value with data[63:118]
2025-11-27 13:42:29 | DEBUG | python_multipart.multipart | Calling on_header_end with no data
2025-11-27 13:42:29 | DEBUG | python_multipart.multipart | Calling on_header_field with data[120:132]
2025-11-27 13:42:29 | DEBUG | python_multipart.multipart | Calling on_header_value with data[134:144]
2025-11-27 13:42:29 | DEBUG | python_multipart.multipart | Calling on_header_end with no data
2025-11-27 13:42:29 | DEBUG | python_multipart.multipart | Calling on_headers_finished with no data
2025-11-27 13:42:29 | DEBUG | python_multipart.multipart | Calling on_part_data with data[148:112336]
2025-11-27 13:42:29 | DEBUG | python_multipart.multipart | Calling on_part_end with no data
2025-11-27 13:42:29 | DEBUG | python_multipart.multipart | Calling on_end with no data
2025-11-27 13:42:29 | DEBUG | app.db.session | Database session opened
2025-11-27 13:42:29 | DEBUG | app.db.session | Database session opened
2025-11-27 13:42:29 | DEBUG | PIL.TiffImagePlugin | tag: Orientation (274) - type: short (3) - value: b'\x01\x00'
2025-11-27 13:42:29 | DEBUG | PIL.TiffImagePlugin | tag: XResolution (282) - type: rational (5) Tag Location: 34 - Data Location: 86 - value: b'H\x00\x00\x00\x01\x00\x00\x00'
2025-11-27 13:42:29 | DEBUG | PIL.TiffImagePlugin | tag: YResolution (283) - type: rational (5) Tag Location: 46 - Data Location: 94 - value: b'H\x00\x00\x00\x01\x00\x00\x00'
2025-11-27 13:42:29 | DEBUG | PIL.TiffImagePlugin | tag: ResolutionUnit (296) - type: short (3) - value: b'\x02\x00'
2025-11-27 13:42:29 | DEBUG | PIL.TiffImagePlugin | tag: YCbCrPositioning (531) - type: short (3) - value: b'\x01\x00'
2025-11-27 13:42:29 | DEBUG | PIL.TiffImagePlugin | tag: ExifIFD (34665) - type: long (4) - value: b'f\x00\x00\x00'
2025-11-27 13:42:29 | DEBUG | PIL.TiffImagePlugin | tag: Orientation (274) - type: short (3) - value: b'\x01\x00'
2025-11-27 13:42:29 | DEBUG | PIL.TiffImagePlugin | tag: XResolution (282) - type: rational (5) Tag Location: 34 - Data Location: 86 - value: b'H\x00\x00\x00\x01\x00\x00\x00'
2025-11-27 13:42:29 | DEBUG | PIL.TiffImagePlugin | tag: YResolution (283) - type: rational (5) Tag Location: 46 - Data Location: 94 - value: b'H\x00\x00\x00\x01\x00\x00\x00'
2025-11-27 13:42:29 | DEBUG | PIL.TiffImagePlugin | tag: ResolutionUnit (296) - type: short (3) - value: b'\x02\x00'
2025-11-27 13:42:29 | DEBUG | PIL.TiffImagePlugin | tag: YCbCrPositioning (531) - type: short (3) - value: b'\x01\x00'
2025-11-27 13:42:29 | DEBUG | PIL.TiffImagePlugin | tag: ExifIFD (34665) - type: long (4) - value: b'f\x00\x00\x00'
2025-11-27 13:42:29 | DEBUG | PIL.TiffImagePlugin | tag: Orientation (274) - type: short (3) - value: b'\x01\x00'
2025-11-27 13:42:29 | DEBUG | PIL.TiffImagePlugin | tag: XResolution (282) - type: rational (5) Tag Location: 34 - Data Location: 86 - value: b'H\x00\x00\x00\x01\x00\x00\x00'
2025-11-27 13:42:29 | DEBUG | PIL.TiffImagePlugin | tag: YResolution (283) - type: rational (5) Tag Location: 46 - Data Location: 94 - value: b'H\x00\x00\x00\x01\x00\x00\x00'
2025-11-27 13:42:29 | DEBUG | PIL.TiffImagePlugin | tag: ResolutionUnit (296) - type: short (3) - value: b'\x02\x00'
2025-11-27 13:42:29 | DEBUG | PIL.TiffImagePlugin | tag: YCbCrPositioning (531) - type: short (3) - value: b'\x01\x00'
2025-11-27 13:42:29 | DEBUG | PIL.TiffImagePlugin | tag: ExifIFD (34665) - type: long (4) - value: b'f\x00\x00\x00'
2025-11-27 13:42:29 | DEBUG | PIL.TiffImagePlugin | tag: Orientation (274) - type: short (3) - value: b'\x01\x00'
2025-11-27 13:42:29 | DEBUG | PIL.TiffImagePlugin | tag: XResolution (282) - type: rational (5) Tag Location: 34 - Data Location: 86 - value: b'H\x00\x00\x00\x01\x00\x00\x00'
2025-11-27 13:42:29 | DEBUG | PIL.TiffImagePlugin | tag: YResolution (283) - type: rational (5) Tag Location: 46 - Data Location: 94 - value: b'H\x00\x00\x00\x01\x00\x00\x00'
2025-11-27 13:42:29 | DEBUG | PIL.TiffImagePlugin | tag: ResolutionUnit (296) - type: short (3) - value: b'\x02\x00'
2025-11-27 13:42:29 | DEBUG | PIL.TiffImagePlugin | tag: YCbCrPositioning (531) - type: short (3) - value: b'\x01\x00'
2025-11-27 13:42:29 | DEBUG | PIL.TiffImagePlugin | tag: ExifIFD (34665) - type: long (4) - value: b'f\x00\x00\x00'
2025-11-27 13:42:29 | ERROR | app.db.session | Database session rolled back due to exception
Traceback (most recent call last):
  File "/Users/ns632@apac.comcast.com/Documents/v0_photo_proof/photo_proof_api/app/routers/upload.py", line 94, in complete_upload
    photo = await upload_service.complete_upload(
            ^^^^^^^^^^^^^^^^^^^^^^^^^^^^^^^^^^^^^
    ...<3 lines>...
    )
    ^
  File "/Users/ns632@apac.comcast.com/Documents/v0_photo_proof/photo_proof_api/app/services/upload_service.py", line 117, in complete_upload
    return await self._complete_new_photo_upload(db, upload_token, file_data)
           ^^^^^^^^^^^^^^^^^^^^^^^^^^^^^^^^^^^^^^^^^^^^^^^^^^^^^^^^^^^^^^^^^^
  File "/Users/ns632@apac.comcast.com/Documents/v0_photo_proof/photo_proof_api/app/services/upload_service.py", line 247, in _complete_new_photo_upload
    raise HTTPException(
    ...<13 lines>...
    )
fastapi.exceptions.HTTPException: 409: {'error': 'duplicate_detected', 'type': 'photo_content', 'message': 'This photo already exists in this project', 'existing_photo': {'id': 6, 'filename': 'IMG_7057 (1).jpg', 'uploaded_at': '2025-11-27T07:56:17.230932', 'folder_id': None, 'thumbnail_url': '/api/photos/6/thumbnail'}}

During handling of the above exception, another exception occurred:

Traceback (most recent call last):
  File "/Users/ns632@apac.comcast.com/Documents/v0_photo_proof/photo_proof_api/app/db/session.py", line 54, in get_db
    yield db
  File "/Users/ns632@apac.comcast.com/Documents/v0_photo_proof/photo_proof_api/venv/lib/python3.13/site-packages/fastapi/concurrency.py", line 27, in contextmanager_in_threadpool
    yield await run_in_threadpool(cm.__enter__)
  File "/Users/ns632@apac.comcast.com/Documents/v0_photo_proof/photo_proof_api/venv/lib/python3.13/site-packages/fastapi/routing.py", line 109, in app
    response = await f(request)
               ^^^^^^^^^^^^^^^^
  File "/Users/ns632@apac.comcast.com/Documents/v0_photo_proof/photo_proof_api/venv/lib/python3.13/site-packages/fastapi/routing.py", line 387, in app
    raw_response = await run_endpoint_function(
                   ^^^^^^^^^^^^^^^^^^^^^^^^^^^^
    ...<3 lines>...
    )
    ^
  File "/Users/ns632@apac.comcast.com/Documents/v0_photo_proof/photo_proof_api/venv/lib/python3.13/site-packages/fastapi/routing.py", line 288, in run_endpoint_function
    return await dependant.call(**values)
           ^^^^^^^^^^^^^^^^^^^^^^^^^^^^^^
  File "/Users/ns632@apac.comcast.com/Documents/v0_photo_proof/photo_proof_api/app/routers/upload.py", line 134, in complete_upload
    raise HTTPException(
    ...<2 lines>...
    )
fastapi.exceptions.HTTPException: 500: Upload failed: 409: {'error': 'duplicate_detected', 'type': 'photo_content', 'message': 'This photo already exists in this project', 'existing_photo': {'id': 6, 'filename': 'IMG_7057 (1).jpg', 'uploaded_at': '2025-11-27T07:56:17.230932', 'folder_id': None, 'thumbnail_url': '/api/photos/6/thumbnail'}}
2025-11-27 13:42:29 | ERROR | app.db.session | Database session rolled back due to exception
Traceback (most recent call last):
  File "/Users/ns632@apac.comcast.com/Documents/v0_photo_proof/photo_proof_api/app/routers/upload.py", line 94, in complete_upload
    photo = await upload_service.complete_upload(
            ^^^^^^^^^^^^^^^^^^^^^^^^^^^^^^^^^^^^^
    ...<3 lines>...
    )
    ^
  File "/Users/ns632@apac.comcast.com/Documents/v0_photo_proof/photo_proof_api/app/services/upload_service.py", line 117, in complete_upload
    return await self._complete_new_photo_upload(db, upload_token, file_data)
           ^^^^^^^^^^^^^^^^^^^^^^^^^^^^^^^^^^^^^^^^^^^^^^^^^^^^^^^^^^^^^^^^^^
  File "/Users/ns632@apac.comcast.com/Documents/v0_photo_proof/photo_proof_api/app/services/upload_service.py", line 247, in _complete_new_photo_upload
    raise HTTPException(
    ...<13 lines>...
    )
fastapi.exceptions.HTTPException: 409: {'error': 'duplicate_detected', 'type': 'photo_content', 'message': 'This photo already exists in this project', 'existing_photo': {'id': 5, 'filename': 'IMG_0070.jpg', 'uploaded_at': '2025-11-27T07:56:17.134748', 'folder_id': None, 'thumbnail_url': '/api/photos/5/thumbnail'}}

During handling of the above exception, another exception occurred:

Traceback (most recent call last):
  File "/Users/ns632@apac.comcast.com/Documents/v0_photo_proof/photo_proof_api/app/db/session.py", line 54, in get_db
    yield db
  File "/Users/ns632@apac.comcast.com/Documents/v0_photo_proof/photo_proof_api/venv/lib/python3.13/site-packages/fastapi/concurrency.py", line 27, in contextmanager_in_threadpool
    yield await run_in_threadpool(cm.__enter__)
  File "/Users/ns632@apac.comcast.com/Documents/v0_photo_proof/photo_proof_api/venv/lib/python3.13/site-packages/fastapi/routing.py", line 109, in app
    response = await f(request)
               ^^^^^^^^^^^^^^^^
  File "/Users/ns632@apac.comcast.com/Documents/v0_photo_proof/photo_proof_api/venv/lib/python3.13/site-packages/fastapi/routing.py", line 387, in app
    raw_response = await run_endpoint_function(
                   ^^^^^^^^^^^^^^^^^^^^^^^^^^^^
    ...<3 lines>...
    )
    ^
  File "/Users/ns632@apac.comcast.com/Documents/v0_photo_proof/photo_proof_api/venv/lib/python3.13/site-packages/fastapi/routing.py", line 288, in run_endpoint_function
    return await dependant.call(**values)
           ^^^^^^^^^^^^^^^^^^^^^^^^^^^^^^
  File "/Users/ns632@apac.comcast.com/Documents/v0_photo_proof/photo_proof_api/app/routers/upload.py", line 134, in complete_upload
    raise HTTPException(
    ...<2 lines>...
    )
fastapi.exceptions.HTTPException: 500: Upload failed: 409: {'error': 'duplicate_detected', 'type': 'photo_content', 'message': 'This photo already exists in this project', 'existing_photo': {'id': 5, 'filename': 'IMG_0070.jpg', 'uploaded_at': '2025-11-27T07:56:17.134748', 'folder_id': None, 'thumbnail_url': '/api/photos/5/thumbnail'}}
2025-11-27 13:42:29 | DEBUG | app.db.session | Database session closed
2025-11-27 13:42:29 | DEBUG | app.db.session | Database session closed
2025-11-27 13:42:29 | INFO | uvicorn.access | 127.0.0.1:50352 - "PUT /v2/upload/ri1eBft66zquWO9JEgw_HMR4mjPrXhMTOG_-auLPvdc HTTP/1.1" 500
2025-11-27 13:42:29 | INFO | uvicorn.access | 127.0.0.1:50354 - "PUT /v2/upload/_YjD-C6RMe8katK942w8-_Pq7g6hnrkk_ezAf3ZJ7y8 HTTP/1.1" 500
2025-11-27 13:42:33 | DEBUG | app.middleware.tenant | Skipping tenant detection for OPTIONS request
2025-11-27 13:42:33 | INFO | uvicorn.access | 127.0.0.1:50354 - "OPTIONS /v2/upload/batch/presigned HTTP/1.1" 200
2025-11-27 13:42:33 | DEBUG | app.middleware.tenant | Detecting studio from host: localhost
2025-11-27 13:42:33 | INFO | app.middleware.tenant | 🔧 Development mode: Using 'demo' studio for localhost
2025-11-27 13:42:33 | INFO | app.middleware.tenant | ✅ Found demo studio for localhost: Demo Photography Studio
2025-11-27 13:42:33 | DEBUG | app.middleware.tenant | 📍 Request for studio: Demo Photography Studio (24cf1e21-d52c-4808-bb8a-bd382f52865b)
2025-11-27 13:42:33 | DEBUG | app.db.session | Database session opened
2025-11-27 13:42:33 | INFO | app.core.dependencies | Auth check - Cookie: False, Header: True
2025-11-27 13:42:33 | INFO | app.core.dependencies | Using token from Authorization header
2025-11-27 13:42:33 | DEBUG | app.core.dependencies | Resolving current user for request
2025-11-27 13:42:33 | DEBUG | app.core.dependencies | Current user resolved
2025-11-27 13:42:33 | INFO | uvicorn.access | 127.0.0.1:50362 - "POST /v2/upload/batch/presigned HTTP/1.1" 200
2025-11-27 13:42:33 | DEBUG | app.db.session | Database session committed
2025-11-27 13:42:33 | DEBUG | app.db.session | Database session closed
2025-11-27 13:42:33 | DEBUG | app.middleware.tenant | Skipping tenant detection for OPTIONS request
2025-11-27 13:42:33 | INFO | uvicorn.access | 127.0.0.1:50354 - "OPTIONS /v2/upload/mSAAKYJY1CnXWvsvo6i52o6CPc6XP-sfSKKlxL-7ReA HTTP/1.1" 200
2025-11-27 13:42:33 | DEBUG | app.middleware.tenant | Skipping tenant detection for OPTIONS request
2025-11-27 13:42:33 | INFO | uvicorn.access | 127.0.0.1:50352 - "OPTIONS /v2/upload/L0ZoaVSPdFnfvMhG0wGr-QqESgphbZdJOkHcQs11iRI HTTP/1.1" 200
2025-11-27 13:42:33 | DEBUG | app.middleware.tenant | Detecting studio from host: localhost
2025-11-27 13:42:33 | INFO | app.middleware.tenant | 🔧 Development mode: Using 'demo' studio for localhost
2025-11-27 13:42:33 | INFO | app.middleware.tenant | ✅ Found demo studio for localhost: Demo Photography Studio
2025-11-27 13:42:33 | DEBUG | app.middleware.tenant | 📍 Request for studio: Demo Photography Studio (24cf1e21-d52c-4808-bb8a-bd382f52865b)
2025-11-27 13:42:33 | DEBUG | app.middleware.tenant | Detecting studio from host: localhost
2025-11-27 13:42:33 | INFO | app.middleware.tenant | 🔧 Development mode: Using 'demo' studio for localhost
2025-11-27 13:42:33 | INFO | app.middleware.tenant | ✅ Found demo studio for localhost: Demo Photography Studio
2025-11-27 13:42:33 | DEBUG | app.middleware.tenant | 📍 Request for studio: Demo Photography Studio (24cf1e21-d52c-4808-bb8a-bd382f52865b)
2025-11-27 13:42:33 | DEBUG | python_multipart.multipart | Calling on_part_begin with no data
2025-11-27 13:42:33 | DEBUG | python_multipart.multipart | Calling on_header_field with data[42:61]
2025-11-27 13:42:33 | DEBUG | python_multipart.multipart | Calling on_header_value with data[63:114]
2025-11-27 13:42:33 | DEBUG | python_multipart.multipart | Calling on_header_end with no data
2025-11-27 13:42:33 | DEBUG | python_multipart.multipart | Calling on_header_field with data[116:128]
2025-11-27 13:42:33 | DEBUG | python_multipart.multipart | Calling on_header_value with data[130:140]
2025-11-27 13:42:33 | DEBUG | python_multipart.multipart | Calling on_header_end with no data
2025-11-27 13:42:33 | DEBUG | python_multipart.multipart | Calling on_headers_finished with no data
2025-11-27 13:42:33 | DEBUG | python_multipart.multipart | Calling on_part_data with data[144:76449]
2025-11-27 13:42:33 | DEBUG | python_multipart.multipart | Calling on_part_end with no data
2025-11-27 13:42:33 | DEBUG | python_multipart.multipart | Calling on_end with no data
2025-11-27 13:42:33 | DEBUG | python_multipart.multipart | Calling on_part_begin with no data
2025-11-27 13:42:33 | DEBUG | python_multipart.multipart | Calling on_header_field with data[42:61]
2025-11-27 13:42:33 | DEBUG | python_multipart.multipart | Calling on_header_value with data[63:118]
2025-11-27 13:42:33 | DEBUG | python_multipart.multipart | Calling on_header_end with no data
2025-11-27 13:42:33 | DEBUG | python_multipart.multipart | Calling on_header_field with data[120:132]
2025-11-27 13:42:33 | DEBUG | python_multipart.multipart | Calling on_header_value with data[134:144]
2025-11-27 13:42:33 | DEBUG | python_multipart.multipart | Calling on_header_end with no data
2025-11-27 13:42:33 | DEBUG | python_multipart.multipart | Calling on_headers_finished with no data
2025-11-27 13:42:33 | DEBUG | python_multipart.multipart | Calling on_part_data with data[148:112336]
2025-11-27 13:42:33 | DEBUG | python_multipart.multipart | Calling on_part_end with no data
2025-11-27 13:42:33 | DEBUG | python_multipart.multipart | Calling on_end with no data
2025-11-27 13:42:33 | DEBUG | app.db.session | Database session opened
2025-11-27 13:42:33 | DEBUG | app.db.session | Database session opened
2025-11-27 13:42:33 | DEBUG | PIL.TiffImagePlugin | tag: Orientation (274) - type: short (3) - value: b'\x01\x00'
2025-11-27 13:42:33 | DEBUG | PIL.TiffImagePlugin | tag: XResolution (282) - type: rational (5) Tag Location: 34 - Data Location: 86 - value: b'H\x00\x00\x00\x01\x00\x00\x00'
2025-11-27 13:42:33 | DEBUG | PIL.TiffImagePlugin | tag: YResolution (283) - type: rational (5) Tag Location: 46 - Data Location: 94 - value: b'H\x00\x00\x00\x01\x00\x00\x00'
2025-11-27 13:42:33 | DEBUG | PIL.TiffImagePlugin | tag: ResolutionUnit (296) - type: short (3) - value: b'\x02\x00'
2025-11-27 13:42:33 | DEBUG | PIL.TiffImagePlugin | tag: YCbCrPositioning (531) - type: short (3) - value: b'\x01\x00'
2025-11-27 13:42:33 | DEBUG | PIL.TiffImagePlugin | tag: ExifIFD (34665) - type: long (4) - value: b'f\x00\x00\x00'
2025-11-27 13:42:33 | DEBUG | PIL.TiffImagePlugin | tag: Orientation (274) - type: short (3) - value: b'\x01\x00'
2025-11-27 13:42:33 | DEBUG | PIL.TiffImagePlugin | tag: XResolution (282) - type: rational (5) Tag Location: 34 - Data Location: 86 - value: b'H\x00\x00\x00\x01\x00\x00\x00'
2025-11-27 13:42:33 | DEBUG | PIL.TiffImagePlugin | tag: YResolution (283) - type: rational (5) Tag Location: 46 - Data Location: 94 - value: b'H\x00\x00\x00\x01\x00\x00\x00'
2025-11-27 13:42:33 | DEBUG | PIL.TiffImagePlugin | tag: ResolutionUnit (296) - type: short (3) - value: b'\x02\x00'
2025-11-27 13:42:33 | DEBUG | PIL.TiffImagePlugin | tag: YCbCrPositioning (531) - type: short (3) - value: b'\x01\x00'
2025-11-27 13:42:33 | DEBUG | PIL.TiffImagePlugin | tag: ExifIFD (34665) - type: long (4) - value: b'f\x00\x00\x00'
2025-11-27 13:42:33 | DEBUG | PIL.TiffImagePlugin | tag: Orientation (274) - type: short (3) - value: b'\x01\x00'
2025-11-27 13:42:33 | DEBUG | PIL.TiffImagePlugin | tag: XResolution (282) - type: rational (5) Tag Location: 34 - Data Location: 86 - value: b'H\x00\x00\x00\x01\x00\x00\x00'
2025-11-27 13:42:33 | DEBUG | PIL.TiffImagePlugin | tag: YResolution (283) - type: rational (5) Tag Location: 46 - Data Location: 94 - value: b'H\x00\x00\x00\x01\x00\x00\x00'
2025-11-27 13:42:33 | DEBUG | PIL.TiffImagePlugin | tag: ResolutionUnit (296) - type: short (3) - value: b'\x02\x00'
2025-11-27 13:42:33 | DEBUG | PIL.TiffImagePlugin | tag: YCbCrPositioning (531) - type: short (3) - value: b'\x01\x00'
2025-11-27 13:42:33 | DEBUG | PIL.TiffImagePlugin | tag: ExifIFD (34665) - type: long (4) - value: b'f\x00\x00\x00'
2025-11-27 13:42:33 | DEBUG | PIL.TiffImagePlugin | tag: Orientation (274) - type: short (3) - value: b'\x01\x00'
2025-11-27 13:42:33 | DEBUG | PIL.TiffImagePlugin | tag: XResolution (282) - type: rational (5) Tag Location: 34 - Data Location: 86 - value: b'H\x00\x00\x00\x01\x00\x00\x00'
2025-11-27 13:42:33 | DEBUG | PIL.TiffImagePlugin | tag: YResolution (283) - type: rational (5) Tag Location: 46 - Data Location: 94 - value: b'H\x00\x00\x00\x01\x00\x00\x00'
2025-11-27 13:42:33 | DEBUG | PIL.TiffImagePlugin | tag: ResolutionUnit (296) - type: short (3) - value: b'\x02\x00'
2025-11-27 13:42:33 | DEBUG | PIL.TiffImagePlugin | tag: YCbCrPositioning (531) - type: short (3) - value: b'\x01\x00'
2025-11-27 13:42:33 | DEBUG | PIL.TiffImagePlugin | tag: ExifIFD (34665) - type: long (4) - value: b'f\x00\x00\x00'
2025-11-27 13:42:33 | ERROR | app.db.session | Database session rolled back due to exception
Traceback (most recent call last):
  File "/Users/ns632@apac.comcast.com/Documents/v0_photo_proof/photo_proof_api/app/routers/upload.py", line 94, in complete_upload
    photo = await upload_service.complete_upload(
            ^^^^^^^^^^^^^^^^^^^^^^^^^^^^^^^^^^^^^
    ...<3 lines>...
    )
    ^
  File "/Users/ns632@apac.comcast.com/Documents/v0_photo_proof/photo_proof_api/app/services/upload_service.py", line 117, in complete_upload
    return await self._complete_new_photo_upload(db, upload_token, file_data)
           ^^^^^^^^^^^^^^^^^^^^^^^^^^^^^^^^^^^^^^^^^^^^^^^^^^^^^^^^^^^^^^^^^^
  File "/Users/ns632@apac.comcast.com/Documents/v0_photo_proof/photo_proof_api/app/services/upload_service.py", line 247, in _complete_new_photo_upload
    raise HTTPException(
    ...<13 lines>...
    )
fastapi.exceptions.HTTPException: 409: {'error': 'duplicate_detected', 'type': 'photo_content', 'message': 'This photo already exists in this project', 'existing_photo': {'id': 6, 'filename': 'IMG_7057 (1).jpg', 'uploaded_at': '2025-11-27T07:56:17.230932', 'folder_id': None, 'thumbnail_url': '/api/photos/6/thumbnail'}}

During handling of the above exception, another exception occurred:

Traceback (most recent call last):
  File "/Users/ns632@apac.comcast.com/Documents/v0_photo_proof/photo_proof_api/app/db/session.py", line 54, in get_db
    yield db
  File "/Users/ns632@apac.comcast.com/Documents/v0_photo_proof/photo_proof_api/venv/lib/python3.13/site-packages/fastapi/concurrency.py", line 27, in contextmanager_in_threadpool
    yield await run_in_threadpool(cm.__enter__)
  File "/Users/ns632@apac.comcast.com/Documents/v0_photo_proof/photo_proof_api/venv/lib/python3.13/site-packages/fastapi/routing.py", line 109, in app
    response = await f(request)
               ^^^^^^^^^^^^^^^^
  File "/Users/ns632@apac.comcast.com/Documents/v0_photo_proof/photo_proof_api/venv/lib/python3.13/site-packages/fastapi/routing.py", line 387, in app
    raw_response = await run_endpoint_function(
                   ^^^^^^^^^^^^^^^^^^^^^^^^^^^^
    ...<3 lines>...
    )
    ^
  File "/Users/ns632@apac.comcast.com/Documents/v0_photo_proof/photo_proof_api/venv/lib/python3.13/site-packages/fastapi/routing.py", line 288, in run_endpoint_function
    return await dependant.call(**values)
           ^^^^^^^^^^^^^^^^^^^^^^^^^^^^^^
  File "/Users/ns632@apac.comcast.com/Documents/v0_photo_proof/photo_proof_api/app/routers/upload.py", line 134, in complete_upload
    raise HTTPException(
    ...<2 lines>...
    )
fastapi.exceptions.HTTPException: 500: Upload failed: 409: {'error': 'duplicate_detected', 'type': 'photo_content', 'message': 'This photo already exists in this project', 'existing_photo': {'id': 6, 'filename': 'IMG_7057 (1).jpg', 'uploaded_at': '2025-11-27T07:56:17.230932', 'folder_id': None, 'thumbnail_url': '/api/photos/6/thumbnail'}}
2025-11-27 13:42:33 | ERROR | app.db.session | Database session rolled back due to exception
Traceback (most recent call last):
  File "/Users/ns632@apac.comcast.com/Documents/v0_photo_proof/photo_proof_api/app/routers/upload.py", line 94, in complete_upload
    photo = await upload_service.complete_upload(
            ^^^^^^^^^^^^^^^^^^^^^^^^^^^^^^^^^^^^^
    ...<3 lines>...
    )
    ^
  File "/Users/ns632@apac.comcast.com/Documents/v0_photo_proof/photo_proof_api/app/services/upload_service.py", line 117, in complete_upload
    return await self._complete_new_photo_upload(db, upload_token, file_data)
           ^^^^^^^^^^^^^^^^^^^^^^^^^^^^^^^^^^^^^^^^^^^^^^^^^^^^^^^^^^^^^^^^^^
  File "/Users/ns632@apac.comcast.com/Documents/v0_photo_proof/photo_proof_api/app/services/upload_service.py", line 247, in _complete_new_photo_upload
    raise HTTPException(
    ...<13 lines>...
    )
fastapi.exceptions.HTTPException: 409: {'error': 'duplicate_detected', 'type': 'photo_content', 'message': 'This photo already exists in this project', 'existing_photo': {'id': 5, 'filename': 'IMG_0070.jpg', 'uploaded_at': '2025-11-27T07:56:17.134748', 'folder_id': None, 'thumbnail_url': '/api/photos/5/thumbnail'}}

During handling of the above exception, another exception occurred:

Traceback (most recent call last):
  File "/Users/ns632@apac.comcast.com/Documents/v0_photo_proof/photo_proof_api/app/db/session.py", line 54, in get_db
    yield db
  File "/Users/ns632@apac.comcast.com/Documents/v0_photo_proof/photo_proof_api/venv/lib/python3.13/site-packages/fastapi/concurrency.py", line 27, in contextmanager_in_threadpool
    yield await run_in_threadpool(cm.__enter__)
  File "/Users/ns632@apac.comcast.com/Documents/v0_photo_proof/photo_proof_api/venv/lib/python3.13/site-packages/fastapi/routing.py", line 109, in app
    response = await f(request)
               ^^^^^^^^^^^^^^^^
  File "/Users/ns632@apac.comcast.com/Documents/v0_photo_proof/photo_proof_api/venv/lib/python3.13/site-packages/fastapi/routing.py", line 387, in app
    raw_response = await run_endpoint_function(
                   ^^^^^^^^^^^^^^^^^^^^^^^^^^^^
    ...<3 lines>...
    )
    ^
  File "/Users/ns632@apac.comcast.com/Documents/v0_photo_proof/photo_proof_api/venv/lib/python3.13/site-packages/fastapi/routing.py", line 288, in run_endpoint_function
    return await dependant.call(**values)
           ^^^^^^^^^^^^^^^^^^^^^^^^^^^^^^
  File "/Users/ns632@apac.comcast.com/Documents/v0_photo_proof/photo_proof_api/app/routers/upload.py", line 134, in complete_upload
    raise HTTPException(
    ...<2 lines>...
    )
fastapi.exceptions.HTTPException: 500: Upload failed: 409: {'error': 'duplicate_detected', 'type': 'photo_content', 'message': 'This photo already exists in this project', 'existing_photo': {'id': 5, 'filename': 'IMG_0070.jpg', 'uploaded_at': '2025-11-27T07:56:17.134748', 'folder_id': None, 'thumbnail_url': '/api/photos/5/thumbnail'}}
2025-11-27 13:42:33 | DEBUG | app.db.session | Database session closed
2025-11-27 13:42:33 | DEBUG | app.db.session | Database session closed
2025-11-27 13:42:33 | INFO | uvicorn.access | 127.0.0.1:50356 - "PUT /v2/upload/L0ZoaVSPdFnfvMhG0wGr-QqESgphbZdJOkHcQs11iRI HTTP/1.1" 500
2025-11-27 13:42:33 | INFO | uvicorn.access | 127.0.0.1:50354 - "PUT /v2/upload/mSAAKYJY1CnXWvsvo6i52o6CPc6XP-sfSKKlxL-7ReA HTTP/1.1" 500
2025-11-27 13:42:37 | DEBUG | app.middleware.tenant | Detecting studio from host: localhost
2025-11-27 13:42:37 | INFO | app.middleware.tenant | 🔧 Development mode: Using 'demo' studio for localhost
2025-11-27 13:42:37 | INFO | app.middleware.tenant | ✅ Found demo studio for localhost: Demo Photography Studio
2025-11-27 13:42:37 | DEBUG | app.middleware.tenant | 📍 Request for studio: Demo Photography Studio (24cf1e21-d52c-4808-bb8a-bd382f52865b)
2025-11-27 13:42:37 | DEBUG | app.api.v1.health | Root endpoint accessed
2025-11-27 13:42:37 | INFO | uvicorn.access | 127.0.0.1:50443 - "GET / HTTP/1.1" 200
2025-11-27 13:45:08 | DEBUG | app.middleware.tenant | Skipping tenant detection for OPTIONS request
2025-11-27 13:45:08 | INFO | uvicorn.access | 127.0.0.1:51197 - "OPTIONS /v2/upload/batch/presigned HTTP/1.1" 200
2025-11-27 13:45:08 | DEBUG | app.middleware.tenant | Detecting studio from host: localhost
2025-11-27 13:45:08 | INFO | app.middleware.tenant | 🔧 Development mode: Using 'demo' studio for localhost
2025-11-27 13:45:08 | INFO | app.middleware.tenant | ✅ Found demo studio for localhost: Demo Photography Studio
2025-11-27 13:45:08 | DEBUG | app.middleware.tenant | 📍 Request for studio: Demo Photography Studio (24cf1e21-d52c-4808-bb8a-bd382f52865b)
2025-11-27 13:45:08 | DEBUG | app.db.session | Database session opened
2025-11-27 13:45:08 | INFO | app.core.dependencies | Auth check - Cookie: False, Header: True
2025-11-27 13:45:08 | INFO | app.core.dependencies | Using token from Authorization header
2025-11-27 13:45:08 | DEBUG | app.core.dependencies | Resolving current user for request
2025-11-27 13:45:08 | DEBUG | app.core.dependencies | Current user resolved
2025-11-27 13:45:08 | INFO | uvicorn.access | 127.0.0.1:51199 - "POST /v2/upload/batch/presigned HTTP/1.1" 200
2025-11-27 13:45:08 | DEBUG | app.db.session | Database session committed
2025-11-27 13:45:08 | DEBUG | app.db.session | Database session closed
2025-11-27 13:45:08 | DEBUG | app.middleware.tenant | Skipping tenant detection for OPTIONS request
2025-11-27 13:45:08 | INFO | uvicorn.access | 127.0.0.1:51197 - "OPTIONS /v2/upload/zgloaZe5FMILgScXmDqMAHYokrrU4Pd0syZq2sHuDdM HTTP/1.1" 200
2025-11-27 13:45:08 | DEBUG | app.middleware.tenant | Detecting studio from host: localhost
2025-11-27 13:45:08 | INFO | app.middleware.tenant | 🔧 Development mode: Using 'demo' studio for localhost
2025-11-27 13:45:08 | INFO | app.middleware.tenant | ✅ Found demo studio for localhost: Demo Photography Studio
2025-11-27 13:45:08 | DEBUG | app.middleware.tenant | 📍 Request for studio: Demo Photography Studio (24cf1e21-d52c-4808-bb8a-bd382f52865b)
2025-11-27 13:45:08 | DEBUG | python_multipart.multipart | Calling on_part_begin with no data
2025-11-27 13:45:08 | DEBUG | python_multipart.multipart | Calling on_header_field with data[42:61]
2025-11-27 13:45:08 | DEBUG | python_multipart.multipart | Calling on_header_value with data[63:118]
2025-11-27 13:45:08 | DEBUG | python_multipart.multipart | Calling on_header_end with no data
2025-11-27 13:45:08 | DEBUG | python_multipart.multipart | Calling on_header_field with data[120:132]
2025-11-27 13:45:08 | DEBUG | python_multipart.multipart | Calling on_header_value with data[134:144]
2025-11-27 13:45:08 | DEBUG | python_multipart.multipart | Calling on_header_end with no data
2025-11-27 13:45:08 | DEBUG | python_multipart.multipart | Calling on_headers_finished with no data
2025-11-27 13:45:08 | DEBUG | python_multipart.multipart | Calling on_part_data with data[148:112336]
2025-11-27 13:45:08 | DEBUG | python_multipart.multipart | Calling on_part_end with no data
2025-11-27 13:45:08 | DEBUG | python_multipart.multipart | Calling on_end with no data
2025-11-27 13:45:08 | DEBUG | app.db.session | Database session opened
2025-11-27 13:45:08 | DEBUG | PIL.TiffImagePlugin | tag: Orientation (274) - type: short (3) - value: b'\x01\x00'
2025-11-27 13:45:08 | DEBUG | PIL.TiffImagePlugin | tag: XResolution (282) - type: rational (5) Tag Location: 34 - Data Location: 86 - value: b'H\x00\x00\x00\x01\x00\x00\x00'
2025-11-27 13:45:08 | DEBUG | PIL.TiffImagePlugin | tag: YResolution (283) - type: rational (5) Tag Location: 46 - Data Location: 94 - value: b'H\x00\x00\x00\x01\x00\x00\x00'
2025-11-27 13:45:08 | DEBUG | PIL.TiffImagePlugin | tag: ResolutionUnit (296) - type: short (3) - value: b'\x02\x00'
2025-11-27 13:45:08 | DEBUG | PIL.TiffImagePlugin | tag: YCbCrPositioning (531) - type: short (3) - value: b'\x01\x00'
2025-11-27 13:45:08 | DEBUG | PIL.TiffImagePlugin | tag: ExifIFD (34665) - type: long (4) - value: b'f\x00\x00\x00'
2025-11-27 13:45:08 | DEBUG | PIL.TiffImagePlugin | tag: Orientation (274) - type: short (3) - value: b'\x01\x00'
2025-11-27 13:45:08 | DEBUG | PIL.TiffImagePlugin | tag: XResolution (282) - type: rational (5) Tag Location: 34 - Data Location: 86 - value: b'H\x00\x00\x00\x01\x00\x00\x00'
2025-11-27 13:45:08 | DEBUG | PIL.TiffImagePlugin | tag: YResolution (283) - type: rational (5) Tag Location: 46 - Data Location: 94 - value: b'H\x00\x00\x00\x01\x00\x00\x00'
2025-11-27 13:45:08 | DEBUG | PIL.TiffImagePlugin | tag: ResolutionUnit (296) - type: short (3) - value: b'\x02\x00'
2025-11-27 13:45:08 | DEBUG | PIL.TiffImagePlugin | tag: YCbCrPositioning (531) - type: short (3) - value: b'\x01\x00'
2025-11-27 13:45:08 | DEBUG | PIL.TiffImagePlugin | tag: ExifIFD (34665) - type: long (4) - value: b'f\x00\x00\x00'
2025-11-27 13:45:08 | ERROR | app.db.session | Database session rolled back due to exception
Traceback (most recent call last):
  File "/Users/ns632@apac.comcast.com/Documents/v0_photo_proof/photo_proof_api/app/routers/upload.py", line 94, in complete_upload
    photo = await upload_service.complete_upload(
            ^^^^^^^^^^^^^^^^^^^^^^^^^^^^^^^^^^^^^
    ...<3 lines>...
    )
    ^
  File "/Users/ns632@apac.comcast.com/Documents/v0_photo_proof/photo_proof_api/app/services/upload_service.py", line 117, in complete_upload
    return await self._complete_new_photo_upload(db, upload_token, file_data)
           ^^^^^^^^^^^^^^^^^^^^^^^^^^^^^^^^^^^^^^^^^^^^^^^^^^^^^^^^^^^^^^^^^^
  File "/Users/ns632@apac.comcast.com/Documents/v0_photo_proof/photo_proof_api/app/services/upload_service.py", line 247, in _complete_new_photo_upload
    raise HTTPException(
    ...<13 lines>...
    )
fastapi.exceptions.HTTPException: 409: {'error': 'duplicate_detected', 'type': 'photo_content', 'message': 'This photo already exists in this project', 'existing_photo': {'id': 6, 'filename': 'IMG_7057 (1).jpg', 'uploaded_at': '2025-11-27T07:56:17.230932', 'folder_id': None, 'thumbnail_url': '/api/photos/6/thumbnail'}}

During handling of the above exception, another exception occurred:

Traceback (most recent call last):
  File "/Users/ns632@apac.comcast.com/Documents/v0_photo_proof/photo_proof_api/app/db/session.py", line 54, in get_db
    yield db
  File "/Users/ns632@apac.comcast.com/Documents/v0_photo_proof/photo_proof_api/venv/lib/python3.13/site-packages/fastapi/concurrency.py", line 27, in contextmanager_in_threadpool
    yield await run_in_threadpool(cm.__enter__)
  File "/Users/ns632@apac.comcast.com/Documents/v0_photo_proof/photo_proof_api/venv/lib/python3.13/site-packages/fastapi/routing.py", line 109, in app
    response = await f(request)
               ^^^^^^^^^^^^^^^^
  File "/Users/ns632@apac.comcast.com/Documents/v0_photo_proof/photo_proof_api/venv/lib/python3.13/site-packages/fastapi/routing.py", line 387, in app
    raw_response = await run_endpoint_function(
                   ^^^^^^^^^^^^^^^^^^^^^^^^^^^^
    ...<3 lines>...
    )
    ^
  File "/Users/ns632@apac.comcast.com/Documents/v0_photo_proof/photo_proof_api/venv/lib/python3.13/site-packages/fastapi/routing.py", line 288, in run_endpoint_function
    return await dependant.call(**values)
           ^^^^^^^^^^^^^^^^^^^^^^^^^^^^^^
  File "/Users/ns632@apac.comcast.com/Documents/v0_photo_proof/photo_proof_api/app/routers/upload.py", line 134, in complete_upload
    raise HTTPException(
    ...<2 lines>...
    )
fastapi.exceptions.HTTPException: 500: Upload failed: 409: {'error': 'duplicate_detected', 'type': 'photo_content', 'message': 'This photo already exists in this project', 'existing_photo': {'id': 6, 'filename': 'IMG_7057 (1).jpg', 'uploaded_at': '2025-11-27T07:56:17.230932', 'folder_id': None, 'thumbnail_url': '/api/photos/6/thumbnail'}}
2025-11-27 13:45:08 | DEBUG | app.db.session | Database session closed
2025-11-27 13:45:08 | INFO | uvicorn.access | 127.0.0.1:51197 - "PUT /v2/upload/zgloaZe5FMILgScXmDqMAHYokrrU4Pd0syZq2sHuDdM HTTP/1.1" 500
2025-11-27 13:45:09 | DEBUG | app.middleware.tenant | Skipping tenant detection for OPTIONS request
2025-11-27 13:45:09 | INFO | uvicorn.access | 127.0.0.1:51197 - "OPTIONS /v2/upload/batch/presigned HTTP/1.1" 200
2025-11-27 13:45:09 | DEBUG | app.middleware.tenant | Detecting studio from host: localhost
2025-11-27 13:45:09 | INFO | app.middleware.tenant | 🔧 Development mode: Using 'demo' studio for localhost
2025-11-27 13:45:09 | INFO | app.middleware.tenant | ✅ Found demo studio for localhost: Demo Photography Studio
2025-11-27 13:45:09 | DEBUG | app.middleware.tenant | 📍 Request for studio: Demo Photography Studio (24cf1e21-d52c-4808-bb8a-bd382f52865b)
2025-11-27 13:45:09 | DEBUG | app.db.session | Database session opened
2025-11-27 13:45:09 | INFO | app.core.dependencies | Auth check - Cookie: False, Header: True
2025-11-27 13:45:09 | INFO | app.core.dependencies | Using token from Authorization header
2025-11-27 13:45:09 | DEBUG | app.core.dependencies | Resolving current user for request
2025-11-27 13:45:09 | DEBUG | app.core.dependencies | Current user resolved
2025-11-27 13:45:09 | INFO | uvicorn.access | 127.0.0.1:51199 - "POST /v2/upload/batch/presigned HTTP/1.1" 200
2025-11-27 13:45:09 | DEBUG | app.db.session | Database session committed
2025-11-27 13:45:09 | DEBUG | app.db.session | Database session closed
2025-11-27 13:45:09 | DEBUG | app.middleware.tenant | Skipping tenant detection for OPTIONS request
2025-11-27 13:45:09 | INFO | uvicorn.access | 127.0.0.1:51197 - "OPTIONS /v2/upload/faVK-93zKCKJEFu_jMuOv3KsOb0iy04lBwMb-VUaBCY HTTP/1.1" 200
2025-11-27 13:45:09 | DEBUG | app.middleware.tenant | Detecting studio from host: localhost
2025-11-27 13:45:09 | INFO | app.middleware.tenant | 🔧 Development mode: Using 'demo' studio for localhost
2025-11-27 13:45:09 | INFO | app.middleware.tenant | ✅ Found demo studio for localhost: Demo Photography Studio
2025-11-27 13:45:09 | DEBUG | app.middleware.tenant | 📍 Request for studio: Demo Photography Studio (24cf1e21-d52c-4808-bb8a-bd382f52865b)
2025-11-27 13:45:09 | DEBUG | python_multipart.multipart | Calling on_part_begin with no data
2025-11-27 13:45:09 | DEBUG | python_multipart.multipart | Calling on_header_field with data[42:61]
2025-11-27 13:45:09 | DEBUG | python_multipart.multipart | Calling on_header_value with data[63:118]
2025-11-27 13:45:09 | DEBUG | python_multipart.multipart | Calling on_header_end with no data
2025-11-27 13:45:09 | DEBUG | python_multipart.multipart | Calling on_header_field with data[120:132]
2025-11-27 13:45:09 | DEBUG | python_multipart.multipart | Calling on_header_value with data[134:144]
2025-11-27 13:45:09 | DEBUG | python_multipart.multipart | Calling on_header_end with no data
2025-11-27 13:45:09 | DEBUG | python_multipart.multipart | Calling on_headers_finished with no data
2025-11-27 13:45:09 | DEBUG | python_multipart.multipart | Calling on_part_data with data[148:112336]
2025-11-27 13:45:09 | DEBUG | python_multipart.multipart | Calling on_part_end with no data
2025-11-27 13:45:09 | DEBUG | python_multipart.multipart | Calling on_end with no data
2025-11-27 13:45:09 | DEBUG | app.db.session | Database session opened
2025-11-27 13:45:09 | DEBUG | PIL.TiffImagePlugin | tag: Orientation (274) - type: short (3) - value: b'\x01\x00'
2025-11-27 13:45:09 | DEBUG | PIL.TiffImagePlugin | tag: XResolution (282) - type: rational (5) Tag Location: 34 - Data Location: 86 - value: b'H\x00\x00\x00\x01\x00\x00\x00'
2025-11-27 13:45:09 | DEBUG | PIL.TiffImagePlugin | tag: YResolution (283) - type: rational (5) Tag Location: 46 - Data Location: 94 - value: b'H\x00\x00\x00\x01\x00\x00\x00'
2025-11-27 13:45:09 | DEBUG | PIL.TiffImagePlugin | tag: ResolutionUnit (296) - type: short (3) - value: b'\x02\x00'
2025-11-27 13:45:09 | DEBUG | PIL.TiffImagePlugin | tag: YCbCrPositioning (531) - type: short (3) - value: b'\x01\x00'
2025-11-27 13:45:09 | DEBUG | PIL.TiffImagePlugin | tag: ExifIFD (34665) - type: long (4) - value: b'f\x00\x00\x00'
2025-11-27 13:45:09 | DEBUG | PIL.TiffImagePlugin | tag: Orientation (274) - type: short (3) - value: b'\x01\x00'
2025-11-27 13:45:09 | DEBUG | PIL.TiffImagePlugin | tag: XResolution (282) - type: rational (5) Tag Location: 34 - Data Location: 86 - value: b'H\x00\x00\x00\x01\x00\x00\x00'
2025-11-27 13:45:09 | DEBUG | PIL.TiffImagePlugin | tag: YResolution (283) - type: rational (5) Tag Location: 46 - Data Location: 94 - value: b'H\x00\x00\x00\x01\x00\x00\x00'
2025-11-27 13:45:09 | DEBUG | PIL.TiffImagePlugin | tag: ResolutionUnit (296) - type: short (3) - value: b'\x02\x00'
2025-11-27 13:45:09 | DEBUG | PIL.TiffImagePlugin | tag: YCbCrPositioning (531) - type: short (3) - value: b'\x01\x00'
2025-11-27 13:45:09 | DEBUG | PIL.TiffImagePlugin | tag: ExifIFD (34665) - type: long (4) - value: b'f\x00\x00\x00'
2025-11-27 13:45:09 | ERROR | app.db.session | Database session rolled back due to exception
Traceback (most recent call last):
  File "/Users/ns632@apac.comcast.com/Documents/v0_photo_proof/photo_proof_api/app/routers/upload.py", line 94, in complete_upload
    photo = await upload_service.complete_upload(
            ^^^^^^^^^^^^^^^^^^^^^^^^^^^^^^^^^^^^^
    ...<3 lines>...
    )
    ^
  File "/Users/ns632@apac.comcast.com/Documents/v0_photo_proof/photo_proof_api/app/services/upload_service.py", line 117, in complete_upload
    return await self._complete_new_photo_upload(db, upload_token, file_data)
           ^^^^^^^^^^^^^^^^^^^^^^^^^^^^^^^^^^^^^^^^^^^^^^^^^^^^^^^^^^^^^^^^^^
  File "/Users/ns632@apac.comcast.com/Documents/v0_photo_proof/photo_proof_api/app/services/upload_service.py", line 247, in _complete_new_photo_upload
    raise HTTPException(
    ...<13 lines>...
    )
fastapi.exceptions.HTTPException: 409: {'error': 'duplicate_detected', 'type': 'photo_content', 'message': 'This photo already exists in this project', 'existing_photo': {'id': 6, 'filename': 'IMG_7057 (1).jpg', 'uploaded_at': '2025-11-27T07:56:17.230932', 'folder_id': None, 'thumbnail_url': '/api/photos/6/thumbnail'}}

During handling of the above exception, another exception occurred:

Traceback (most recent call last):
  File "/Users/ns632@apac.comcast.com/Documents/v0_photo_proof/photo_proof_api/app/db/session.py", line 54, in get_db
    yield db
  File "/Users/ns632@apac.comcast.com/Documents/v0_photo_proof/photo_proof_api/venv/lib/python3.13/site-packages/fastapi/concurrency.py", line 27, in contextmanager_in_threadpool
    yield await run_in_threadpool(cm.__enter__)
  File "/Users/ns632@apac.comcast.com/Documents/v0_photo_proof/photo_proof_api/venv/lib/python3.13/site-packages/fastapi/routing.py", line 109, in app
    response = await f(request)
               ^^^^^^^^^^^^^^^^
  File "/Users/ns632@apac.comcast.com/Documents/v0_photo_proof/photo_proof_api/venv/lib/python3.13/site-packages/fastapi/routing.py", line 387, in app
    raw_response = await run_endpoint_function(
                   ^^^^^^^^^^^^^^^^^^^^^^^^^^^^
    ...<3 lines>...
    )
    ^
  File "/Users/ns632@apac.comcast.com/Documents/v0_photo_proof/photo_proof_api/venv/lib/python3.13/site-packages/fastapi/routing.py", line 288, in run_endpoint_function
    return await dependant.call(**values)
           ^^^^^^^^^^^^^^^^^^^^^^^^^^^^^^
  File "/Users/ns632@apac.comcast.com/Documents/v0_photo_proof/photo_proof_api/app/routers/upload.py", line 134, in complete_upload
    raise HTTPException(
    ...<2 lines>...
    )
fastapi.exceptions.HTTPException: 500: Upload failed: 409: {'error': 'duplicate_detected', 'type': 'photo_content', 'message': 'This photo already exists in this project', 'existing_photo': {'id': 6, 'filename': 'IMG_7057 (1).jpg', 'uploaded_at': '2025-11-27T07:56:17.230932', 'folder_id': None, 'thumbnail_url': '/api/photos/6/thumbnail'}}
2025-11-27 13:45:09 | DEBUG | app.db.session | Database session closed
2025-11-27 13:45:09 | INFO | uvicorn.access | 127.0.0.1:51197 - "PUT /v2/upload/faVK-93zKCKJEFu_jMuOv3KsOb0iy04lBwMb-VUaBCY HTTP/1.1" 500
2025-11-27 13:45:10 | DEBUG | app.middleware.tenant | Skipping tenant detection for OPTIONS request
2025-11-27 13:45:10 | INFO | uvicorn.access | 127.0.0.1:51197 - "OPTIONS /v2/upload/batch/presigned HTTP/1.1" 200
2025-11-27 13:45:10 | DEBUG | app.middleware.tenant | Detecting studio from host: localhost
2025-11-27 13:45:10 | INFO | app.middleware.tenant | 🔧 Development mode: Using 'demo' studio for localhost
2025-11-27 13:45:10 | INFO | app.middleware.tenant | ✅ Found demo studio for localhost: Demo Photography Studio
2025-11-27 13:45:10 | DEBUG | app.middleware.tenant | 📍 Request for studio: Demo Photography Studio (24cf1e21-d52c-4808-bb8a-bd382f52865b)
2025-11-27 13:45:10 | DEBUG | app.db.session | Database session opened
2025-11-27 13:45:10 | INFO | app.core.dependencies | Auth check - Cookie: False, Header: True
2025-11-27 13:45:10 | INFO | app.core.dependencies | Using token from Authorization header
2025-11-27 13:45:10 | DEBUG | app.core.dependencies | Resolving current user for request
2025-11-27 13:45:10 | DEBUG | app.core.dependencies | Current user resolved
2025-11-27 13:45:10 | INFO | uvicorn.access | 127.0.0.1:51199 - "POST /v2/upload/batch/presigned HTTP/1.1" 200
2025-11-27 13:45:10 | DEBUG | app.db.session | Database session committed
2025-11-27 13:45:10 | DEBUG | app.db.session | Database session closed
2025-11-27 13:45:10 | DEBUG | app.middleware.tenant | Skipping tenant detection for OPTIONS request
2025-11-27 13:45:10 | INFO | uvicorn.access | 127.0.0.1:51197 - "OPTIONS /v2/upload/-Y-JNBGQvJxDof6K6NC6owOpdGNjApYLq4lgpPECr04 HTTP/1.1" 200
2025-11-27 13:45:10 | DEBUG | app.middleware.tenant | Detecting studio from host: localhost
2025-11-27 13:45:10 | INFO | app.middleware.tenant | 🔧 Development mode: Using 'demo' studio for localhost
2025-11-27 13:45:10 | INFO | app.middleware.tenant | ✅ Found demo studio for localhost: Demo Photography Studio
2025-11-27 13:45:10 | DEBUG | app.middleware.tenant | 📍 Request for studio: Demo Photography Studio (24cf1e21-d52c-4808-bb8a-bd382f52865b)
2025-11-27 13:45:10 | DEBUG | python_multipart.multipart | Calling on_part_begin with no data
2025-11-27 13:45:10 | DEBUG | python_multipart.multipart | Calling on_header_field with data[42:61]
2025-11-27 13:45:10 | DEBUG | python_multipart.multipart | Calling on_header_value with data[63:118]
2025-11-27 13:45:10 | DEBUG | python_multipart.multipart | Calling on_header_end with no data
2025-11-27 13:45:10 | DEBUG | python_multipart.multipart | Calling on_header_field with data[120:132]
2025-11-27 13:45:10 | DEBUG | python_multipart.multipart | Calling on_header_value with data[134:144]
2025-11-27 13:45:10 | DEBUG | python_multipart.multipart | Calling on_header_end with no data
2025-11-27 13:45:10 | DEBUG | python_multipart.multipart | Calling on_headers_finished with no data
2025-11-27 13:45:10 | DEBUG | python_multipart.multipart | Calling on_part_data with data[148:112336]
2025-11-27 13:45:10 | DEBUG | python_multipart.multipart | Calling on_part_end with no data
2025-11-27 13:45:10 | DEBUG | python_multipart.multipart | Calling on_end with no data
2025-11-27 13:45:10 | DEBUG | app.db.session | Database session opened
2025-11-27 13:45:10 | DEBUG | PIL.TiffImagePlugin | tag: Orientation (274) - type: short (3) - value: b'\x01\x00'
2025-11-27 13:45:10 | DEBUG | PIL.TiffImagePlugin | tag: XResolution (282) - type: rational (5) Tag Location: 34 - Data Location: 86 - value: b'H\x00\x00\x00\x01\x00\x00\x00'
2025-11-27 13:45:10 | DEBUG | PIL.TiffImagePlugin | tag: YResolution (283) - type: rational (5) Tag Location: 46 - Data Location: 94 - value: b'H\x00\x00\x00\x01\x00\x00\x00'
2025-11-27 13:45:10 | DEBUG | PIL.TiffImagePlugin | tag: ResolutionUnit (296) - type: short (3) - value: b'\x02\x00'
2025-11-27 13:45:10 | DEBUG | PIL.TiffImagePlugin | tag: YCbCrPositioning (531) - type: short (3) - value: b'\x01\x00'
2025-11-27 13:45:10 | DEBUG | PIL.TiffImagePlugin | tag: ExifIFD (34665) - type: long (4) - value: b'f\x00\x00\x00'
2025-11-27 13:45:10 | DEBUG | PIL.TiffImagePlugin | tag: Orientation (274) - type: short (3) - value: b'\x01\x00'
2025-11-27 13:45:10 | DEBUG | PIL.TiffImagePlugin | tag: XResolution (282) - type: rational (5) Tag Location: 34 - Data Location: 86 - value: b'H\x00\x00\x00\x01\x00\x00\x00'
2025-11-27 13:45:10 | DEBUG | PIL.TiffImagePlugin | tag: YResolution (283) - type: rational (5) Tag Location: 46 - Data Location: 94 - value: b'H\x00\x00\x00\x01\x00\x00\x00'
2025-11-27 13:45:10 | DEBUG | PIL.TiffImagePlugin | tag: ResolutionUnit (296) - type: short (3) - value: b'\x02\x00'
2025-11-27 13:45:10 | DEBUG | PIL.TiffImagePlugin | tag: YCbCrPositioning (531) - type: short (3) - value: b'\x01\x00'
2025-11-27 13:45:10 | DEBUG | PIL.TiffImagePlugin | tag: ExifIFD (34665) - type: long (4) - value: b'f\x00\x00\x00'
2025-11-27 13:45:10 | ERROR | app.db.session | Database session rolled back due to exception
Traceback (most recent call last):
  File "/Users/ns632@apac.comcast.com/Documents/v0_photo_proof/photo_proof_api/app/routers/upload.py", line 94, in complete_upload
    photo = await upload_service.complete_upload(
            ^^^^^^^^^^^^^^^^^^^^^^^^^^^^^^^^^^^^^
    ...<3 lines>...
    )
    ^
  File "/Users/ns632@apac.comcast.com/Documents/v0_photo_proof/photo_proof_api/app/services/upload_service.py", line 117, in complete_upload
    return await self._complete_new_photo_upload(db, upload_token, file_data)
           ^^^^^^^^^^^^^^^^^^^^^^^^^^^^^^^^^^^^^^^^^^^^^^^^^^^^^^^^^^^^^^^^^^
  File "/Users/ns632@apac.comcast.com/Documents/v0_photo_proof/photo_proof_api/app/services/upload_service.py", line 247, in _complete_new_photo_upload
    raise HTTPException(
    ...<13 lines>...
    )
fastapi.exceptions.HTTPException: 409: {'error': 'duplicate_detected', 'type': 'photo_content', 'message': 'This photo already exists in this project', 'existing_photo': {'id': 6, 'filename': 'IMG_7057 (1).jpg', 'uploaded_at': '2025-11-27T07:56:17.230932', 'folder_id': None, 'thumbnail_url': '/api/photos/6/thumbnail'}}

During handling of the above exception, another exception occurred:

Traceback (most recent call last):
  File "/Users/ns632@apac.comcast.com/Documents/v0_photo_proof/photo_proof_api/app/db/session.py", line 54, in get_db
    yield db
  File "/Users/ns632@apac.comcast.com/Documents/v0_photo_proof/photo_proof_api/venv/lib/python3.13/site-packages/fastapi/concurrency.py", line 27, in contextmanager_in_threadpool
    yield await run_in_threadpool(cm.__enter__)
  File "/Users/ns632@apac.comcast.com/Documents/v0_photo_proof/photo_proof_api/venv/lib/python3.13/site-packages/fastapi/routing.py", line 109, in app
    response = await f(request)
               ^^^^^^^^^^^^^^^^
  File "/Users/ns632@apac.comcast.com/Documents/v0_photo_proof/photo_proof_api/venv/lib/python3.13/site-packages/fastapi/routing.py", line 387, in app
    raw_response = await run_endpoint_function(
                   ^^^^^^^^^^^^^^^^^^^^^^^^^^^^
    ...<3 lines>...
    )
    ^
  File "/Users/ns632@apac.comcast.com/Documents/v0_photo_proof/photo_proof_api/venv/lib/python3.13/site-packages/fastapi/routing.py", line 288, in run_endpoint_function
    return await dependant.call(**values)
           ^^^^^^^^^^^^^^^^^^^^^^^^^^^^^^
  File "/Users/ns632@apac.comcast.com/Documents/v0_photo_proof/photo_proof_api/app/routers/upload.py", line 134, in complete_upload
    raise HTTPException(
    ...<2 lines>...
    )
fastapi.exceptions.HTTPException: 500: Upload failed: 409: {'error': 'duplicate_detected', 'type': 'photo_content', 'message': 'This photo already exists in this project', 'existing_photo': {'id': 6, 'filename': 'IMG_7057 (1).jpg', 'uploaded_at': '2025-11-27T07:56:17.230932', 'folder_id': None, 'thumbnail_url': '/api/photos/6/thumbnail'}}
2025-11-27 13:45:10 | DEBUG | app.db.session | Database session closed
2025-11-27 13:45:10 | INFO | uvicorn.access | 127.0.0.1:51197 - "PUT /v2/upload/-Y-JNBGQvJxDof6K6NC6owOpdGNjApYLq4lgpPECr04 HTTP/1.1" 500
2025-11-27 13:45:12 | DEBUG | app.middleware.tenant | Skipping tenant detection for OPTIONS request
2025-11-27 13:45:12 | INFO | uvicorn.access | 127.0.0.1:51197 - "OPTIONS /v2/upload/batch/presigned HTTP/1.1" 200
2025-11-27 13:45:12 | DEBUG | app.middleware.tenant | Detecting studio from host: localhost
2025-11-27 13:45:12 | INFO | app.middleware.tenant | 🔧 Development mode: Using 'demo' studio for localhost
2025-11-27 13:45:12 | INFO | app.middleware.tenant | ✅ Found demo studio for localhost: Demo Photography Studio
2025-11-27 13:45:12 | DEBUG | app.middleware.tenant | 📍 Request for studio: Demo Photography Studio (24cf1e21-d52c-4808-bb8a-bd382f52865b)
2025-11-27 13:45:12 | DEBUG | app.db.session | Database session opened
2025-11-27 13:45:12 | INFO | app.core.dependencies | Auth check - Cookie: False, Header: True
2025-11-27 13:45:12 | INFO | app.core.dependencies | Using token from Authorization header
2025-11-27 13:45:12 | DEBUG | app.core.dependencies | Resolving current user for request
2025-11-27 13:45:12 | DEBUG | app.core.dependencies | Current user resolved
2025-11-27 13:45:12 | INFO | uvicorn.access | 127.0.0.1:51199 - "POST /v2/upload/batch/presigned HTTP/1.1" 200
2025-11-27 13:45:12 | DEBUG | app.db.session | Database session committed
2025-11-27 13:45:12 | DEBUG | app.db.session | Database session closed
2025-11-27 13:45:12 | DEBUG | app.middleware.tenant | Skipping tenant detection for OPTIONS request
2025-11-27 13:45:12 | INFO | uvicorn.access | 127.0.0.1:51197 - "OPTIONS /v2/upload/f26DGmv9TtRNc_vQNTVbIY7MoACh2nW5fLoWjp5-fhE HTTP/1.1" 200
2025-11-27 13:45:12 | DEBUG | app.middleware.tenant | Detecting studio from host: localhost
2025-11-27 13:45:12 | INFO | app.middleware.tenant | 🔧 Development mode: Using 'demo' studio for localhost
2025-11-27 13:45:12 | INFO | app.middleware.tenant | ✅ Found demo studio for localhost: Demo Photography Studio
2025-11-27 13:45:12 | DEBUG | app.middleware.tenant | 📍 Request for studio: Demo Photography Studio (24cf1e21-d52c-4808-bb8a-bd382f52865b)
2025-11-27 13:45:12 | DEBUG | python_multipart.multipart | Calling on_part_begin with no data
2025-11-27 13:45:12 | DEBUG | python_multipart.multipart | Calling on_header_field with data[42:61]
2025-11-27 13:45:12 | DEBUG | python_multipart.multipart | Calling on_header_value with data[63:118]
2025-11-27 13:45:12 | DEBUG | python_multipart.multipart | Calling on_header_end with no data
2025-11-27 13:45:12 | DEBUG | python_multipart.multipart | Calling on_header_field with data[120:132]
2025-11-27 13:45:12 | DEBUG | python_multipart.multipart | Calling on_header_value with data[134:144]
2025-11-27 13:45:12 | DEBUG | python_multipart.multipart | Calling on_header_end with no data
2025-11-27 13:45:12 | DEBUG | python_multipart.multipart | Calling on_headers_finished with no data
2025-11-27 13:45:12 | DEBUG | python_multipart.multipart | Calling on_part_data with data[148:112336]
2025-11-27 13:45:12 | DEBUG | python_multipart.multipart | Calling on_part_end with no data
2025-11-27 13:45:12 | DEBUG | python_multipart.multipart | Calling on_end with no data
2025-11-27 13:45:12 | DEBUG | app.db.session | Database session opened
2025-11-27 13:45:12 | DEBUG | PIL.TiffImagePlugin | tag: Orientation (274) - type: short (3) - value: b'\x01\x00'
2025-11-27 13:45:12 | DEBUG | PIL.TiffImagePlugin | tag: XResolution (282) - type: rational (5) Tag Location: 34 - Data Location: 86 - value: b'H\x00\x00\x00\x01\x00\x00\x00'
2025-11-27 13:45:12 | DEBUG | PIL.TiffImagePlugin | tag: YResolution (283) - type: rational (5) Tag Location: 46 - Data Location: 94 - value: b'H\x00\x00\x00\x01\x00\x00\x00'
2025-11-27 13:45:12 | DEBUG | PIL.TiffImagePlugin | tag: ResolutionUnit (296) - type: short (3) - value: b'\x02\x00'
2025-11-27 13:45:12 | DEBUG | PIL.TiffImagePlugin | tag: YCbCrPositioning (531) - type: short (3) - value: b'\x01\x00'
2025-11-27 13:45:12 | DEBUG | PIL.TiffImagePlugin | tag: ExifIFD (34665) - type: long (4) - value: b'f\x00\x00\x00'
2025-11-27 13:45:12 | DEBUG | PIL.TiffImagePlugin | tag: Orientation (274) - type: short (3) - value: b'\x01\x00'
2025-11-27 13:45:12 | DEBUG | PIL.TiffImagePlugin | tag: XResolution (282) - type: rational (5) Tag Location: 34 - Data Location: 86 - value: b'H\x00\x00\x00\x01\x00\x00\x00'
2025-11-27 13:45:12 | DEBUG | PIL.TiffImagePlugin | tag: YResolution (283) - type: rational (5) Tag Location: 46 - Data Location: 94 - value: b'H\x00\x00\x00\x01\x00\x00\x00'
2025-11-27 13:45:12 | DEBUG | PIL.TiffImagePlugin | tag: ResolutionUnit (296) - type: short (3) - value: b'\x02\x00'
2025-11-27 13:45:12 | DEBUG | PIL.TiffImagePlugin | tag: YCbCrPositioning (531) - type: short (3) - value: b'\x01\x00'
2025-11-27 13:45:12 | DEBUG | PIL.TiffImagePlugin | tag: ExifIFD (34665) - type: long (4) - value: b'f\x00\x00\x00'
2025-11-27 13:45:12 | ERROR | app.db.session | Database session rolled back due to exception
Traceback (most recent call last):
  File "/Users/ns632@apac.comcast.com/Documents/v0_photo_proof/photo_proof_api/app/routers/upload.py", line 94, in complete_upload
    photo = await upload_service.complete_upload(
            ^^^^^^^^^^^^^^^^^^^^^^^^^^^^^^^^^^^^^
    ...<3 lines>...
    )
    ^
  File "/Users/ns632@apac.comcast.com/Documents/v0_photo_proof/photo_proof_api/app/services/upload_service.py", line 117, in complete_upload
    return await self._complete_new_photo_upload(db, upload_token, file_data)
           ^^^^^^^^^^^^^^^^^^^^^^^^^^^^^^^^^^^^^^^^^^^^^^^^^^^^^^^^^^^^^^^^^^
  File "/Users/ns632@apac.comcast.com/Documents/v0_photo_proof/photo_proof_api/app/services/upload_service.py", line 247, in _complete_new_photo_upload
    raise HTTPException(
    ...<13 lines>...
    )
fastapi.exceptions.HTTPException: 409: {'error': 'duplicate_detected', 'type': 'photo_content', 'message': 'This photo already exists in this project', 'existing_photo': {'id': 6, 'filename': 'IMG_7057 (1).jpg', 'uploaded_at': '2025-11-27T07:56:17.230932', 'folder_id': None, 'thumbnail_url': '/api/photos/6/thumbnail'}}

During handling of the above exception, another exception occurred:

Traceback (most recent call last):
  File "/Users/ns632@apac.comcast.com/Documents/v0_photo_proof/photo_proof_api/app/db/session.py", line 54, in get_db
    yield db
  File "/Users/ns632@apac.comcast.com/Documents/v0_photo_proof/photo_proof_api/venv/lib/python3.13/site-packages/fastapi/concurrency.py", line 27, in contextmanager_in_threadpool
    yield await run_in_threadpool(cm.__enter__)
  File "/Users/ns632@apac.comcast.com/Documents/v0_photo_proof/photo_proof_api/venv/lib/python3.13/site-packages/fastapi/routing.py", line 109, in app
    response = await f(request)
               ^^^^^^^^^^^^^^^^
  File "/Users/ns632@apac.comcast.com/Documents/v0_photo_proof/photo_proof_api/venv/lib/python3.13/site-packages/fastapi/routing.py", line 387, in app
    raw_response = await run_endpoint_function(
                   ^^^^^^^^^^^^^^^^^^^^^^^^^^^^
    ...<3 lines>...
    )
    ^
  File "/Users/ns632@apac.comcast.com/Documents/v0_photo_proof/photo_proof_api/venv/lib/python3.13/site-packages/fastapi/routing.py", line 288, in run_endpoint_function
    return await dependant.call(**values)
           ^^^^^^^^^^^^^^^^^^^^^^^^^^^^^^
  File "/Users/ns632@apac.comcast.com/Documents/v0_photo_proof/photo_proof_api/app/routers/upload.py", line 134, in complete_upload
    raise HTTPException(
    ...<2 lines>...
    )
fastapi.exceptions.HTTPException: 500: Upload failed: 409: {'error': 'duplicate_detected', 'type': 'photo_content', 'message': 'This photo already exists in this project', 'existing_photo': {'id': 6, 'filename': 'IMG_7057 (1).jpg', 'uploaded_at': '2025-11-27T07:56:17.230932', 'folder_id': None, 'thumbnail_url': '/api/photos/6/thumbnail'}}
2025-11-27 13:45:12 | DEBUG | app.db.session | Database session closed
2025-11-27 13:45:12 | INFO | uvicorn.access | 127.0.0.1:51197 - "PUT /v2/upload/f26DGmv9TtRNc_vQNTVbIY7MoACh2nW5fLoWjp5-fhE HTTP/1.1" 500
2025-11-27 13:45:16 | DEBUG | app.middleware.tenant | Skipping tenant detection for OPTIONS request
2025-11-27 13:45:16 | INFO | uvicorn.access | 127.0.0.1:51197 - "OPTIONS /v2/upload/batch/presigned HTTP/1.1" 200
2025-11-27 13:45:16 | DEBUG | app.middleware.tenant | Detecting studio from host: localhost
2025-11-27 13:45:16 | INFO | app.middleware.tenant | 🔧 Development mode: Using 'demo' studio for localhost
2025-11-27 13:45:16 | INFO | app.middleware.tenant | ✅ Found demo studio for localhost: Demo Photography Studio
2025-11-27 13:45:16 | DEBUG | app.middleware.tenant | 📍 Request for studio: Demo Photography Studio (24cf1e21-d52c-4808-bb8a-bd382f52865b)
2025-11-27 13:45:16 | DEBUG | app.db.session | Database session opened
2025-11-27 13:45:16 | INFO | app.core.dependencies | Auth check - Cookie: False, Header: True
2025-11-27 13:45:16 | INFO | app.core.dependencies | Using token from Authorization header
2025-11-27 13:45:16 | DEBUG | app.core.dependencies | Resolving current user for request
2025-11-27 13:45:16 | DEBUG | app.core.dependencies | Current user resolved
2025-11-27 13:45:16 | INFO | uvicorn.access | 127.0.0.1:51199 - "POST /v2/upload/batch/presigned HTTP/1.1" 200
2025-11-27 13:45:16 | DEBUG | app.db.session | Database session committed
2025-11-27 13:45:16 | DEBUG | app.db.session | Database session closed
2025-11-27 13:45:16 | DEBUG | app.middleware.tenant | Skipping tenant detection for OPTIONS request
2025-11-27 13:45:16 | INFO | uvicorn.access | 127.0.0.1:51197 - "OPTIONS /v2/upload/k32YlWU4kR7-YhIR7S7iPsiW4qIu9K6E1DgynRjqdHA HTTP/1.1" 200
2025-11-27 13:45:16 | DEBUG | app.middleware.tenant | Detecting studio from host: localhost
2025-11-27 13:45:16 | INFO | app.middleware.tenant | 🔧 Development mode: Using 'demo' studio for localhost
2025-11-27 13:45:16 | INFO | app.middleware.tenant | ✅ Found demo studio for localhost: Demo Photography Studio
2025-11-27 13:45:16 | DEBUG | app.middleware.tenant | 📍 Request for studio: Demo Photography Studio (24cf1e21-d52c-4808-bb8a-bd382f52865b)
2025-11-27 13:45:16 | DEBUG | python_multipart.multipart | Calling on_part_begin with no data
2025-11-27 13:45:16 | DEBUG | python_multipart.multipart | Calling on_header_field with data[42:61]
2025-11-27 13:45:16 | DEBUG | python_multipart.multipart | Calling on_header_value with data[63:118]
2025-11-27 13:45:16 | DEBUG | python_multipart.multipart | Calling on_header_end with no data
2025-11-27 13:45:16 | DEBUG | python_multipart.multipart | Calling on_header_field with data[120:132]
2025-11-27 13:45:16 | DEBUG | python_multipart.multipart | Calling on_header_value with data[134:144]
2025-11-27 13:45:16 | DEBUG | python_multipart.multipart | Calling on_header_end with no data
2025-11-27 13:45:16 | DEBUG | python_multipart.multipart | Calling on_headers_finished with no data
2025-11-27 13:45:16 | DEBUG | python_multipart.multipart | Calling on_part_data with data[148:112336]
2025-11-27 13:45:16 | DEBUG | python_multipart.multipart | Calling on_part_end with no data
2025-11-27 13:45:16 | DEBUG | python_multipart.multipart | Calling on_end with no data
2025-11-27 13:45:16 | DEBUG | app.db.session | Database session opened
2025-11-27 13:45:16 | DEBUG | PIL.TiffImagePlugin | tag: Orientation (274) - type: short (3) - value: b'\x01\x00'
2025-11-27 13:45:16 | DEBUG | PIL.TiffImagePlugin | tag: XResolution (282) - type: rational (5) Tag Location: 34 - Data Location: 86 - value: b'H\x00\x00\x00\x01\x00\x00\x00'
2025-11-27 13:45:16 | DEBUG | PIL.TiffImagePlugin | tag: YResolution (283) - type: rational (5) Tag Location: 46 - Data Location: 94 - value: b'H\x00\x00\x00\x01\x00\x00\x00'
2025-11-27 13:45:16 | DEBUG | PIL.TiffImagePlugin | tag: ResolutionUnit (296) - type: short (3) - value: b'\x02\x00'
2025-11-27 13:45:16 | DEBUG | PIL.TiffImagePlugin | tag: YCbCrPositioning (531) - type: short (3) - value: b'\x01\x00'
2025-11-27 13:45:16 | DEBUG | PIL.TiffImagePlugin | tag: ExifIFD (34665) - type: long (4) - value: b'f\x00\x00\x00'
2025-11-27 13:45:16 | DEBUG | PIL.TiffImagePlugin | tag: Orientation (274) - type: short (3) - value: b'\x01\x00'
2025-11-27 13:45:16 | DEBUG | PIL.TiffImagePlugin | tag: XResolution (282) - type: rational (5) Tag Location: 34 - Data Location: 86 - value: b'H\x00\x00\x00\x01\x00\x00\x00'
2025-11-27 13:45:16 | DEBUG | PIL.TiffImagePlugin | tag: YResolution (283) - type: rational (5) Tag Location: 46 - Data Location: 94 - value: b'H\x00\x00\x00\x01\x00\x00\x00'
2025-11-27 13:45:16 | DEBUG | PIL.TiffImagePlugin | tag: ResolutionUnit (296) - type: short (3) - value: b'\x02\x00'
2025-11-27 13:45:16 | DEBUG | PIL.TiffImagePlugin | tag: YCbCrPositioning (531) - type: short (3) - value: b'\x01\x00'
2025-11-27 13:45:16 | DEBUG | PIL.TiffImagePlugin | tag: ExifIFD (34665) - type: long (4) - value: b'f\x00\x00\x00'
2025-11-27 13:45:16 | ERROR | app.db.session | Database session rolled back due to exception
Traceback (most recent call last):
  File "/Users/ns632@apac.comcast.com/Documents/v0_photo_proof/photo_proof_api/app/routers/upload.py", line 94, in complete_upload
    photo = await upload_service.complete_upload(
            ^^^^^^^^^^^^^^^^^^^^^^^^^^^^^^^^^^^^^
    ...<3 lines>...
    )
    ^
  File "/Users/ns632@apac.comcast.com/Documents/v0_photo_proof/photo_proof_api/app/services/upload_service.py", line 117, in complete_upload
    return await self._complete_new_photo_upload(db, upload_token, file_data)
           ^^^^^^^^^^^^^^^^^^^^^^^^^^^^^^^^^^^^^^^^^^^^^^^^^^^^^^^^^^^^^^^^^^
  File "/Users/ns632@apac.comcast.com/Documents/v0_photo_proof/photo_proof_api/app/services/upload_service.py", line 247, in _complete_new_photo_upload
    raise HTTPException(
    ...<13 lines>...
    )
fastapi.exceptions.HTTPException: 409: {'error': 'duplicate_detected', 'type': 'photo_content', 'message': 'This photo already exists in this project', 'existing_photo': {'id': 6, 'filename': 'IMG_7057 (1).jpg', 'uploaded_at': '2025-11-27T07:56:17.230932', 'folder_id': None, 'thumbnail_url': '/api/photos/6/thumbnail'}}

During handling of the above exception, another exception occurred:

Traceback (most recent call last):
  File "/Users/ns632@apac.comcast.com/Documents/v0_photo_proof/photo_proof_api/app/db/session.py", line 54, in get_db
    yield db
  File "/Users/ns632@apac.comcast.com/Documents/v0_photo_proof/photo_proof_api/venv/lib/python3.13/site-packages/fastapi/concurrency.py", line 27, in contextmanager_in_threadpool
    yield await run_in_threadpool(cm.__enter__)
  File "/Users/ns632@apac.comcast.com/Documents/v0_photo_proof/photo_proof_api/venv/lib/python3.13/site-packages/fastapi/routing.py", line 109, in app
    response = await f(request)
               ^^^^^^^^^^^^^^^^
  File "/Users/ns632@apac.comcast.com/Documents/v0_photo_proof/photo_proof_api/venv/lib/python3.13/site-packages/fastapi/routing.py", line 387, in app
    raw_response = await run_endpoint_function(
                   ^^^^^^^^^^^^^^^^^^^^^^^^^^^^
    ...<3 lines>...
    )
    ^
  File "/Users/ns632@apac.comcast.com/Documents/v0_photo_proof/photo_proof_api/venv/lib/python3.13/site-packages/fastapi/routing.py", line 288, in run_endpoint_function
    return await dependant.call(**values)
           ^^^^^^^^^^^^^^^^^^^^^^^^^^^^^^
  File "/Users/ns632@apac.comcast.com/Documents/v0_photo_proof/photo_proof_api/app/routers/upload.py", line 134, in complete_upload
    raise HTTPException(
    ...<2 lines>...
    )
fastapi.exceptions.HTTPException: 500: Upload failed: 409: {'error': 'duplicate_detected', 'type': 'photo_content', 'message': 'This photo already exists in this project', 'existing_photo': {'id': 6, 'filename': 'IMG_7057 (1).jpg', 'uploaded_at': '2025-11-27T07:56:17.230932', 'folder_id': None, 'thumbnail_url': '/api/photos/6/thumbnail'}}
2025-11-27 13:45:16 | DEBUG | app.db.session | Database session closed
2025-11-27 13:45:16 | INFO | uvicorn.access | 127.0.0.1:51197 - "PUT /v2/upload/k32YlWU4kR7-YhIR7S7iPsiW4qIu9K6E1DgynRjqdHA HTTP/1.1" 500
WARNING:  WatchFiles detected changes in 'app/services/upload_service.py'. Reloading...
2025-11-27 13:46:02 | INFO | uvicorn.error | Shutting down
2025-11-27 13:46:02 | INFO | uvicorn.error | Waiting for application shutdown.
2025-11-27 13:46:02 | INFO | uvicorn.error | Application shutdown complete.
2025-11-27 13:46:02 | INFO | uvicorn.error | Finished server process [2130]
2025-11-27 13:46:15 | INFO | app.main | ✅ Tenant detection middleware enabled
2025-11-27 13:46:15 | INFO | app.main | Application initialized
2025-11-27 13:46:15 | INFO | uvicorn.error | Started server process [6811]
2025-11-27 13:46:15 | INFO | uvicorn.error | Waiting for application startup.
2025-11-27 13:46:15 | INFO | uvicorn.error | Application startup complete.
WARNING:  WatchFiles detected changes in 'app/services/upload_service.py'. Reloading...
2025-11-27 13:46:25 | INFO | uvicorn.error | Shutting down
2025-11-27 13:46:25 | INFO | uvicorn.error | Waiting for application shutdown.
2025-11-27 13:46:25 | INFO | uvicorn.error | Application shutdown complete.
2025-11-27 13:46:25 | INFO | uvicorn.error | Finished server process [6811]
2025-11-27 13:46:29 | INFO | app.main | ✅ Tenant detection middleware enabled
2025-11-27 13:46:29 | INFO | app.main | Application initialized
2025-11-27 13:46:29 | INFO | uvicorn.error | Started server process [7256]
2025-11-27 13:46:29 | INFO | uvicorn.error | Waiting for application startup.
2025-11-27 13:46:29 | INFO | uvicorn.error | Application startup complete.
2025-11-27 13:46:52 | DEBUG | app.middleware.tenant | Detecting studio from host: localhost
2025-11-27 13:46:52 | INFO | app.middleware.tenant | 🔧 Development mode: Using 'demo' studio for localhost
2025-11-27 13:46:52 | INFO | app.middleware.tenant | ✅ Found demo studio for localhost: Demo Photography Studio
2025-11-27 13:46:52 | DEBUG | app.middleware.tenant | 📍 Request for studio: Demo Photography Studio (24cf1e21-d52c-4808-bb8a-bd382f52865b)
2025-11-27 13:46:52 | DEBUG | app.middleware.tenant | Skipping tenant detection for OPTIONS request
2025-11-27 13:46:52 | DEBUG | app.db.session | Database session opened
2025-11-27 13:46:52 | INFO | uvicorn.access | 127.0.0.1:51807 - "OPTIONS /v2/upload/batch/presigned HTTP/1.1" 200
2025-11-27 13:46:52 | DEBUG | app.api.deps | Optional studio resolved: Demo Photography Studio (24cf1e21-d52c-4808-bb8a-bd382f52865b)
2025-11-27 13:46:52 | DEBUG | app.services.cache_service | Cache MISS: studio:theme:24cf1e21-d52c-4808-bb8a-bd382f52865b
2025-11-27 13:46:52 | DEBUG | app.services.cache_service | Cache SET: studio:theme:24cf1e21-d52c-4808-bb8a-bd382f52865b (TTL: 1800s)
2025-11-27 13:46:52 | INFO | uvicorn.access | 127.0.0.1:51805 - "GET /api/studio/current HTTP/1.1" 200
2025-11-27 13:46:52 | DEBUG | app.middleware.tenant | Detecting studio from host: localhost
2025-11-27 13:46:52 | INFO | app.middleware.tenant | 🔧 Development mode: Using 'demo' studio for localhost
2025-11-27 13:46:52 | INFO | app.middleware.tenant | ✅ Found demo studio for localhost: Demo Photography Studio
2025-11-27 13:46:52 | DEBUG | app.middleware.tenant | 📍 Request for studio: Demo Photography Studio (24cf1e21-d52c-4808-bb8a-bd382f52865b)
2025-11-27 13:46:52 | DEBUG | app.db.session | Database session committed
2025-11-27 13:46:52 | DEBUG | app.db.session | Database session closed
2025-11-27 13:46:52 | DEBUG | app.db.session | Database session opened
2025-11-27 13:46:52 | INFO | app.core.dependencies | Auth check - Cookie: False, Header: True
2025-11-27 13:46:52 | INFO | app.core.dependencies | Using token from Authorization header
2025-11-27 13:46:52 | DEBUG | app.core.dependencies | Resolving current user for request
2025-11-27 13:46:52 | DEBUG | app.core.dependencies | Current user resolved
2025-11-27 13:46:52 | INFO | uvicorn.access | 127.0.0.1:51809 - "POST /v2/upload/batch/presigned HTTP/1.1" 200
2025-11-27 13:46:52 | DEBUG | app.db.session | Database session committed
2025-11-27 13:46:52 | DEBUG | app.db.session | Database session closed
2025-11-27 13:46:52 | DEBUG | app.middleware.tenant | Skipping tenant detection for OPTIONS request
2025-11-27 13:46:52 | INFO | uvicorn.access | 127.0.0.1:51807 - "OPTIONS /v2/upload/faxj9lZP7-qYeRRZcCnIDdqkmfpODYGMRkPrzFiqnyQ HTTP/1.1" 200
2025-11-27 13:46:52 | DEBUG | app.middleware.tenant | Detecting studio from host: localhost
2025-11-27 13:46:52 | INFO | app.middleware.tenant | 🔧 Development mode: Using 'demo' studio for localhost
2025-11-27 13:46:52 | INFO | app.middleware.tenant | ✅ Found demo studio for localhost: Demo Photography Studio
2025-11-27 13:46:52 | DEBUG | app.middleware.tenant | 📍 Request for studio: Demo Photography Studio (24cf1e21-d52c-4808-bb8a-bd382f52865b)
2025-11-27 13:46:52 | DEBUG | python_multipart.multipart | Calling on_part_begin with no data
2025-11-27 13:46:52 | DEBUG | python_multipart.multipart | Calling on_header_field with data[42:61]
2025-11-27 13:46:52 | DEBUG | python_multipart.multipart | Calling on_header_value with data[63:118]
2025-11-27 13:46:52 | DEBUG | python_multipart.multipart | Calling on_header_end with no data
2025-11-27 13:46:52 | DEBUG | python_multipart.multipart | Calling on_header_field with data[120:132]
2025-11-27 13:46:52 | DEBUG | python_multipart.multipart | Calling on_header_value with data[134:144]
2025-11-27 13:46:52 | DEBUG | python_multipart.multipart | Calling on_header_end with no data
2025-11-27 13:46:52 | DEBUG | python_multipart.multipart | Calling on_headers_finished with no data
2025-11-27 13:46:52 | DEBUG | python_multipart.multipart | Calling on_part_data with data[148:112336]
2025-11-27 13:46:52 | DEBUG | python_multipart.multipart | Calling on_part_end with no data
2025-11-27 13:46:52 | DEBUG | python_multipart.multipart | Calling on_end with no data
2025-11-27 13:46:52 | DEBUG | app.db.session | Database session opened
2025-11-27 13:46:52 | DEBUG | PIL.TiffImagePlugin | tag: Orientation (274) - type: short (3) - value: b'\x01\x00'
2025-11-27 13:46:52 | DEBUG | PIL.TiffImagePlugin | tag: XResolution (282) - type: rational (5) Tag Location: 34 - Data Location: 86 - value: b'H\x00\x00\x00\x01\x00\x00\x00'
2025-11-27 13:46:52 | DEBUG | PIL.TiffImagePlugin | tag: YResolution (283) - type: rational (5) Tag Location: 46 - Data Location: 94 - value: b'H\x00\x00\x00\x01\x00\x00\x00'
2025-11-27 13:46:52 | DEBUG | PIL.TiffImagePlugin | tag: ResolutionUnit (296) - type: short (3) - value: b'\x02\x00'
2025-11-27 13:46:52 | DEBUG | PIL.TiffImagePlugin | tag: YCbCrPositioning (531) - type: short (3) - value: b'\x01\x00'
2025-11-27 13:46:52 | DEBUG | PIL.TiffImagePlugin | tag: ExifIFD (34665) - type: long (4) - value: b'f\x00\x00\x00'
2025-11-27 13:46:52 | DEBUG | PIL.TiffImagePlugin | tag: Orientation (274) - type: short (3) - value: b'\x01\x00'
2025-11-27 13:46:52 | DEBUG | PIL.TiffImagePlugin | tag: XResolution (282) - type: rational (5) Tag Location: 34 - Data Location: 86 - value: b'H\x00\x00\x00\x01\x00\x00\x00'
2025-11-27 13:46:52 | DEBUG | PIL.TiffImagePlugin | tag: YResolution (283) - type: rational (5) Tag Location: 46 - Data Location: 94 - value: b'H\x00\x00\x00\x01\x00\x00\x00'
2025-11-27 13:46:52 | DEBUG | PIL.TiffImagePlugin | tag: ResolutionUnit (296) - type: short (3) - value: b'\x02\x00'
2025-11-27 13:46:52 | DEBUG | PIL.TiffImagePlugin | tag: YCbCrPositioning (531) - type: short (3) - value: b'\x01\x00'
2025-11-27 13:46:52 | DEBUG | PIL.TiffImagePlugin | tag: ExifIFD (34665) - type: long (4) - value: b'f\x00\x00\x00'
2025-11-27 13:46:52 | ERROR | app.db.session | Database session rolled back due to exception
Traceback (most recent call last):
  File "/Users/ns632@apac.comcast.com/Documents/v0_photo_proof/photo_proof_api/app/routers/upload.py", line 94, in complete_upload
    photo = await upload_service.complete_upload(
            ^^^^^^^^^^^^^^^^^^^^^^^^^^^^^^^^^^^^^
    ...<3 lines>...
    )
    ^
  File "/Users/ns632@apac.comcast.com/Documents/v0_photo_proof/photo_proof_api/app/services/upload_service.py", line 117, in complete_upload
    return await self._complete_new_photo_upload(db, upload_token, file_data)
           ^^^^^^^^^^^^^^^^^^^^^^^^^^^^^^^^^^^^^^^^^^^^^^^^^^^^^^^^^^^^^^^^^^
  File "/Users/ns632@apac.comcast.com/Documents/v0_photo_proof/photo_proof_api/app/services/upload_service.py", line 247, in _complete_new_photo_upload
    raise HTTPException(
          ^^^^^^^^^^^^^
UnboundLocalError: cannot access local variable 'HTTPException' where it is not associated with a value

During handling of the above exception, another exception occurred:

Traceback (most recent call last):
  File "/Users/ns632@apac.comcast.com/Documents/v0_photo_proof/photo_proof_api/app/db/session.py", line 54, in get_db
    yield db
  File "/Users/ns632@apac.comcast.com/Documents/v0_photo_proof/photo_proof_api/venv/lib/python3.13/site-packages/fastapi/concurrency.py", line 27, in contextmanager_in_threadpool
    yield await run_in_threadpool(cm.__enter__)
  File "/Users/ns632@apac.comcast.com/Documents/v0_photo_proof/photo_proof_api/venv/lib/python3.13/site-packages/fastapi/routing.py", line 109, in app
    response = await f(request)
               ^^^^^^^^^^^^^^^^
  File "/Users/ns632@apac.comcast.com/Documents/v0_photo_proof/photo_proof_api/venv/lib/python3.13/site-packages/fastapi/routing.py", line 387, in app
    raw_response = await run_endpoint_function(
                   ^^^^^^^^^^^^^^^^^^^^^^^^^^^^
    ...<3 lines>...
    )
    ^
  File "/Users/ns632@apac.comcast.com/Documents/v0_photo_proof/photo_proof_api/venv/lib/python3.13/site-packages/fastapi/routing.py", line 288, in run_endpoint_function
    return await dependant.call(**values)
           ^^^^^^^^^^^^^^^^^^^^^^^^^^^^^^
  File "/Users/ns632@apac.comcast.com/Documents/v0_photo_proof/photo_proof_api/app/routers/upload.py", line 134, in complete_upload
    raise HTTPException(
    ...<2 lines>...
    )
fastapi.exceptions.HTTPException: 500: Upload failed: cannot access local variable 'HTTPException' where it is not associated with a value
2025-11-27 13:46:53 | DEBUG | app.db.session | Database session closed
2025-11-27 13:46:53 | INFO | uvicorn.access | 127.0.0.1:51807 - "PUT /v2/upload/faxj9lZP7-qYeRRZcCnIDdqkmfpODYGMRkPrzFiqnyQ HTTP/1.1" 500
2025-11-27 13:46:54 | DEBUG | app.middleware.tenant | Skipping tenant detection for OPTIONS request
2025-11-27 13:46:54 | INFO | uvicorn.access | 127.0.0.1:51807 - "OPTIONS /v2/upload/batch/presigned HTTP/1.1" 200
2025-11-27 13:46:54 | DEBUG | app.middleware.tenant | Detecting studio from host: localhost
2025-11-27 13:46:54 | INFO | app.middleware.tenant | 🔧 Development mode: Using 'demo' studio for localhost
2025-11-27 13:46:54 | INFO | app.middleware.tenant | ✅ Found demo studio for localhost: Demo Photography Studio
2025-11-27 13:46:54 | DEBUG | app.middleware.tenant | 📍 Request for studio: Demo Photography Studio (24cf1e21-d52c-4808-bb8a-bd382f52865b)
2025-11-27 13:46:54 | DEBUG | app.db.session | Database session opened
2025-11-27 13:46:54 | INFO | app.core.dependencies | Auth check - Cookie: False, Header: True
2025-11-27 13:46:54 | INFO | app.core.dependencies | Using token from Authorization header
2025-11-27 13:46:54 | DEBUG | app.core.dependencies | Resolving current user for request
2025-11-27 13:46:54 | DEBUG | app.core.dependencies | Current user resolved
2025-11-27 13:46:54 | INFO | uvicorn.access | 127.0.0.1:51809 - "POST /v2/upload/batch/presigned HTTP/1.1" 200
2025-11-27 13:46:54 | DEBUG | app.db.session | Database session committed
2025-11-27 13:46:54 | DEBUG | app.db.session | Database session closed
2025-11-27 13:46:54 | DEBUG | app.middleware.tenant | Skipping tenant detection for OPTIONS request
2025-11-27 13:46:54 | INFO | uvicorn.access | 127.0.0.1:51807 - "OPTIONS /v2/upload/JJ4WGA0JDxtpGKpmhnBOq2_V6ThoqBq52xYnIl4x27o HTTP/1.1" 200
2025-11-27 13:46:54 | DEBUG | app.middleware.tenant | Detecting studio from host: localhost
2025-11-27 13:46:54 | INFO | app.middleware.tenant | 🔧 Development mode: Using 'demo' studio for localhost
2025-11-27 13:46:54 | INFO | app.middleware.tenant | ✅ Found demo studio for localhost: Demo Photography Studio
2025-11-27 13:46:54 | DEBUG | app.middleware.tenant | 📍 Request for studio: Demo Photography Studio (24cf1e21-d52c-4808-bb8a-bd382f52865b)
2025-11-27 13:46:54 | DEBUG | python_multipart.multipart | Calling on_part_begin with no data
2025-11-27 13:46:54 | DEBUG | python_multipart.multipart | Calling on_header_field with data[42:61]
2025-11-27 13:46:54 | DEBUG | python_multipart.multipart | Calling on_header_value with data[63:118]
2025-11-27 13:46:54 | DEBUG | python_multipart.multipart | Calling on_header_end with no data
2025-11-27 13:46:54 | DEBUG | python_multipart.multipart | Calling on_header_field with data[120:132]
2025-11-27 13:46:54 | DEBUG | python_multipart.multipart | Calling on_header_value with data[134:144]
2025-11-27 13:46:54 | DEBUG | python_multipart.multipart | Calling on_header_end with no data
2025-11-27 13:46:54 | DEBUG | python_multipart.multipart | Calling on_headers_finished with no data
2025-11-27 13:46:54 | DEBUG | python_multipart.multipart | Calling on_part_data with data[148:112336]
2025-11-27 13:46:54 | DEBUG | python_multipart.multipart | Calling on_part_end with no data
2025-11-27 13:46:54 | DEBUG | python_multipart.multipart | Calling on_end with no data
2025-11-27 13:46:54 | DEBUG | app.db.session | Database session opened
2025-11-27 13:46:54 | DEBUG | PIL.TiffImagePlugin | tag: Orientation (274) - type: short (3) - value: b'\x01\x00'
2025-11-27 13:46:54 | DEBUG | PIL.TiffImagePlugin | tag: XResolution (282) - type: rational (5) Tag Location: 34 - Data Location: 86 - value: b'H\x00\x00\x00\x01\x00\x00\x00'
2025-11-27 13:46:54 | DEBUG | PIL.TiffImagePlugin | tag: YResolution (283) - type: rational (5) Tag Location: 46 - Data Location: 94 - value: b'H\x00\x00\x00\x01\x00\x00\x00'
2025-11-27 13:46:54 | DEBUG | PIL.TiffImagePlugin | tag: ResolutionUnit (296) - type: short (3) - value: b'\x02\x00'
2025-11-27 13:46:54 | DEBUG | PIL.TiffImagePlugin | tag: YCbCrPositioning (531) - type: short (3) - value: b'\x01\x00'
2025-11-27 13:46:54 | DEBUG | PIL.TiffImagePlugin | tag: ExifIFD (34665) - type: long (4) - value: b'f\x00\x00\x00'
2025-11-27 13:46:54 | DEBUG | PIL.TiffImagePlugin | tag: Orientation (274) - type: short (3) - value: b'\x01\x00'
2025-11-27 13:46:54 | DEBUG | PIL.TiffImagePlugin | tag: XResolution (282) - type: rational (5) Tag Location: 34 - Data Location: 86 - value: b'H\x00\x00\x00\x01\x00\x00\x00'
2025-11-27 13:46:54 | DEBUG | PIL.TiffImagePlugin | tag: YResolution (283) - type: rational (5) Tag Location: 46 - Data Location: 94 - value: b'H\x00\x00\x00\x01\x00\x00\x00'
2025-11-27 13:46:54 | DEBUG | PIL.TiffImagePlugin | tag: ResolutionUnit (296) - type: short (3) - value: b'\x02\x00'
2025-11-27 13:46:54 | DEBUG | PIL.TiffImagePlugin | tag: YCbCrPositioning (531) - type: short (3) - value: b'\x01\x00'
2025-11-27 13:46:54 | DEBUG | PIL.TiffImagePlugin | tag: ExifIFD (34665) - type: long (4) - value: b'f\x00\x00\x00'
2025-11-27 13:46:54 | ERROR | app.db.session | Database session rolled back due to exception
Traceback (most recent call last):
  File "/Users/ns632@apac.comcast.com/Documents/v0_photo_proof/photo_proof_api/app/routers/upload.py", line 94, in complete_upload
    photo = await upload_service.complete_upload(
            ^^^^^^^^^^^^^^^^^^^^^^^^^^^^^^^^^^^^^
    ...<3 lines>...
    )
    ^
  File "/Users/ns632@apac.comcast.com/Documents/v0_photo_proof/photo_proof_api/app/services/upload_service.py", line 117, in complete_upload
    return await self._complete_new_photo_upload(db, upload_token, file_data)
           ^^^^^^^^^^^^^^^^^^^^^^^^^^^^^^^^^^^^^^^^^^^^^^^^^^^^^^^^^^^^^^^^^^
  File "/Users/ns632@apac.comcast.com/Documents/v0_photo_proof/photo_proof_api/app/services/upload_service.py", line 247, in _complete_new_photo_upload
    raise HTTPException(
          ^^^^^^^^^^^^^
UnboundLocalError: cannot access local variable 'HTTPException' where it is not associated with a value

During handling of the above exception, another exception occurred:

Traceback (most recent call last):
  File "/Users/ns632@apac.comcast.com/Documents/v0_photo_proof/photo_proof_api/app/db/session.py", line 54, in get_db
    yield db
  File "/Users/ns632@apac.comcast.com/Documents/v0_photo_proof/photo_proof_api/venv/lib/python3.13/site-packages/fastapi/concurrency.py", line 27, in contextmanager_in_threadpool
    yield await run_in_threadpool(cm.__enter__)
  File "/Users/ns632@apac.comcast.com/Documents/v0_photo_proof/photo_proof_api/venv/lib/python3.13/site-packages/fastapi/routing.py", line 109, in app
    response = await f(request)
               ^^^^^^^^^^^^^^^^
  File "/Users/ns632@apac.comcast.com/Documents/v0_photo_proof/photo_proof_api/venv/lib/python3.13/site-packages/fastapi/routing.py", line 387, in app
    raw_response = await run_endpoint_function(
                   ^^^^^^^^^^^^^^^^^^^^^^^^^^^^
    ...<3 lines>...
    )
    ^
  File "/Users/ns632@apac.comcast.com/Documents/v0_photo_proof/photo_proof_api/venv/lib/python3.13/site-packages/fastapi/routing.py", line 288, in run_endpoint_function
    return await dependant.call(**values)
           ^^^^^^^^^^^^^^^^^^^^^^^^^^^^^^
  File "/Users/ns632@apac.comcast.com/Documents/v0_photo_proof/photo_proof_api/app/routers/upload.py", line 134, in complete_upload
    raise HTTPException(
    ...<2 lines>...
    )
fastapi.exceptions.HTTPException: 500: Upload failed: cannot access local variable 'HTTPException' where it is not associated with a value
2025-11-27 13:46:54 | DEBUG | app.db.session | Database session closed
2025-11-27 13:46:54 | INFO | uvicorn.access | 127.0.0.1:51807 - "PUT /v2/upload/JJ4WGA0JDxtpGKpmhnBOq2_V6ThoqBq52xYnIl4x27o HTTP/1.1" 500
2025-11-27 13:46:56 | DEBUG | app.middleware.tenant | Skipping tenant detection for OPTIONS request
2025-11-27 13:46:56 | INFO | uvicorn.access | 127.0.0.1:51807 - "OPTIONS /v2/upload/batch/presigned HTTP/1.1" 200
2025-11-27 13:46:56 | DEBUG | app.middleware.tenant | Detecting studio from host: localhost
2025-11-27 13:46:56 | INFO | app.middleware.tenant | 🔧 Development mode: Using 'demo' studio for localhost
2025-11-27 13:46:56 | INFO | app.middleware.tenant | ✅ Found demo studio for localhost: Demo Photography Studio
2025-11-27 13:46:56 | DEBUG | app.middleware.tenant | 📍 Request for studio: Demo Photography Studio (24cf1e21-d52c-4808-bb8a-bd382f52865b)
2025-11-27 13:46:56 | DEBUG | app.db.session | Database session opened
2025-11-27 13:46:56 | INFO | app.core.dependencies | Auth check - Cookie: False, Header: True
2025-11-27 13:46:56 | INFO | app.core.dependencies | Using token from Authorization header
2025-11-27 13:46:56 | DEBUG | app.core.dependencies | Resolving current user for request
2025-11-27 13:46:56 | DEBUG | app.core.dependencies | Current user resolved
2025-11-27 13:46:56 | INFO | uvicorn.access | 127.0.0.1:51809 - "POST /v2/upload/batch/presigned HTTP/1.1" 200
2025-11-27 13:46:56 | DEBUG | app.db.session | Database session committed
2025-11-27 13:46:56 | DEBUG | app.db.session | Database session closed
2025-11-27 13:46:56 | DEBUG | app.middleware.tenant | Skipping tenant detection for OPTIONS request
2025-11-27 13:46:56 | INFO | uvicorn.access | 127.0.0.1:51807 - "OPTIONS /v2/upload/ZiSfvXHKcizQpfqrymICb4Cj86aTI-0UyrcQPtIV_lM HTTP/1.1" 200
2025-11-27 13:46:56 | DEBUG | app.middleware.tenant | Detecting studio from host: localhost
2025-11-27 13:46:56 | INFO | app.middleware.tenant | 🔧 Development mode: Using 'demo' studio for localhost
2025-11-27 13:46:56 | INFO | app.middleware.tenant | ✅ Found demo studio for localhost: Demo Photography Studio
2025-11-27 13:46:56 | DEBUG | app.middleware.tenant | 📍 Request for studio: Demo Photography Studio (24cf1e21-d52c-4808-bb8a-bd382f52865b)
2025-11-27 13:46:56 | DEBUG | python_multipart.multipart | Calling on_part_begin with no data
2025-11-27 13:46:56 | DEBUG | python_multipart.multipart | Calling on_header_field with data[42:61]
2025-11-27 13:46:56 | DEBUG | python_multipart.multipart | Calling on_header_value with data[63:118]
2025-11-27 13:46:56 | DEBUG | python_multipart.multipart | Calling on_header_end with no data
2025-11-27 13:46:56 | DEBUG | python_multipart.multipart | Calling on_header_field with data[120:132]
2025-11-27 13:46:56 | DEBUG | python_multipart.multipart | Calling on_header_value with data[134:144]
2025-11-27 13:46:56 | DEBUG | python_multipart.multipart | Calling on_header_end with no data
2025-11-27 13:46:56 | DEBUG | python_multipart.multipart | Calling on_headers_finished with no data
2025-11-27 13:46:56 | DEBUG | python_multipart.multipart | Calling on_part_data with data[148:112336]
2025-11-27 13:46:56 | DEBUG | python_multipart.multipart | Calling on_part_end with no data
2025-11-27 13:46:56 | DEBUG | python_multipart.multipart | Calling on_end with no data
2025-11-27 13:46:56 | DEBUG | app.db.session | Database session opened
2025-11-27 13:46:56 | DEBUG | PIL.TiffImagePlugin | tag: Orientation (274) - type: short (3) - value: b'\x01\x00'
2025-11-27 13:46:56 | DEBUG | PIL.TiffImagePlugin | tag: XResolution (282) - type: rational (5) Tag Location: 34 - Data Location: 86 - value: b'H\x00\x00\x00\x01\x00\x00\x00'
2025-11-27 13:46:56 | DEBUG | PIL.TiffImagePlugin | tag: YResolution (283) - type: rational (5) Tag Location: 46 - Data Location: 94 - value: b'H\x00\x00\x00\x01\x00\x00\x00'
2025-11-27 13:46:56 | DEBUG | PIL.TiffImagePlugin | tag: ResolutionUnit (296) - type: short (3) - value: b'\x02\x00'
2025-11-27 13:46:56 | DEBUG | PIL.TiffImagePlugin | tag: YCbCrPositioning (531) - type: short (3) - value: b'\x01\x00'
2025-11-27 13:46:56 | DEBUG | PIL.TiffImagePlugin | tag: ExifIFD (34665) - type: long (4) - value: b'f\x00\x00\x00'
2025-11-27 13:46:56 | DEBUG | PIL.TiffImagePlugin | tag: Orientation (274) - type: short (3) - value: b'\x01\x00'
2025-11-27 13:46:56 | DEBUG | PIL.TiffImagePlugin | tag: XResolution (282) - type: rational (5) Tag Location: 34 - Data Location: 86 - value: b'H\x00\x00\x00\x01\x00\x00\x00'
2025-11-27 13:46:56 | DEBUG | PIL.TiffImagePlugin | tag: YResolution (283) - type: rational (5) Tag Location: 46 - Data Location: 94 - value: b'H\x00\x00\x00\x01\x00\x00\x00'
2025-11-27 13:46:56 | DEBUG | PIL.TiffImagePlugin | tag: ResolutionUnit (296) - type: short (3) - value: b'\x02\x00'
2025-11-27 13:46:56 | DEBUG | PIL.TiffImagePlugin | tag: YCbCrPositioning (531) - type: short (3) - value: b'\x01\x00'
2025-11-27 13:46:56 | DEBUG | PIL.TiffImagePlugin | tag: ExifIFD (34665) - type: long (4) - value: b'f\x00\x00\x00'
2025-11-27 13:46:56 | ERROR | app.db.session | Database session rolled back due to exception
Traceback (most recent call last):
  File "/Users/ns632@apac.comcast.com/Documents/v0_photo_proof/photo_proof_api/app/routers/upload.py", line 94, in complete_upload
    photo = await upload_service.complete_upload(
            ^^^^^^^^^^^^^^^^^^^^^^^^^^^^^^^^^^^^^
    ...<3 lines>...
    )
    ^
  File "/Users/ns632@apac.comcast.com/Documents/v0_photo_proof/photo_proof_api/app/services/upload_service.py", line 117, in complete_upload
    return await self._complete_new_photo_upload(db, upload_token, file_data)
           ^^^^^^^^^^^^^^^^^^^^^^^^^^^^^^^^^^^^^^^^^^^^^^^^^^^^^^^^^^^^^^^^^^
  File "/Users/ns632@apac.comcast.com/Documents/v0_photo_proof/photo_proof_api/app/services/upload_service.py", line 247, in _complete_new_photo_upload
    raise HTTPException(
          ^^^^^^^^^^^^^
UnboundLocalError: cannot access local variable 'HTTPException' where it is not associated with a value

During handling of the above exception, another exception occurred:

Traceback (most recent call last):
  File "/Users/ns632@apac.comcast.com/Documents/v0_photo_proof/photo_proof_api/app/db/session.py", line 54, in get_db
    yield db
  File "/Users/ns632@apac.comcast.com/Documents/v0_photo_proof/photo_proof_api/venv/lib/python3.13/site-packages/fastapi/concurrency.py", line 27, in contextmanager_in_threadpool
    yield await run_in_threadpool(cm.__enter__)
  File "/Users/ns632@apac.comcast.com/Documents/v0_photo_proof/photo_proof_api/venv/lib/python3.13/site-packages/fastapi/routing.py", line 109, in app
    response = await f(request)
               ^^^^^^^^^^^^^^^^
  File "/Users/ns632@apac.comcast.com/Documents/v0_photo_proof/photo_proof_api/venv/lib/python3.13/site-packages/fastapi/routing.py", line 387, in app
    raw_response = await run_endpoint_function(
                   ^^^^^^^^^^^^^^^^^^^^^^^^^^^^
    ...<3 lines>...
    )
    ^
  File "/Users/ns632@apac.comcast.com/Documents/v0_photo_proof/photo_proof_api/venv/lib/python3.13/site-packages/fastapi/routing.py", line 288, in run_endpoint_function
    return await dependant.call(**values)
           ^^^^^^^^^^^^^^^^^^^^^^^^^^^^^^
  File "/Users/ns632@apac.comcast.com/Documents/v0_photo_proof/photo_proof_api/app/routers/upload.py", line 134, in complete_upload
    raise HTTPException(
    ...<2 lines>...
    )
fastapi.exceptions.HTTPException: 500: Upload failed: cannot access local variable 'HTTPException' where it is not associated with a value
2025-11-27 13:46:56 | DEBUG | app.db.session | Database session closed
2025-11-27 13:46:56 | INFO | uvicorn.access | 127.0.0.1:51807 - "PUT /v2/upload/ZiSfvXHKcizQpfqrymICb4Cj86aTI-0UyrcQPtIV_lM HTTP/1.1" 500
2025-11-27 13:47:00 | DEBUG | app.middleware.tenant | Skipping tenant detection for OPTIONS request
2025-11-27 13:47:00 | INFO | uvicorn.access | 127.0.0.1:51807 - "OPTIONS /v2/upload/batch/presigned HTTP/1.1" 200
2025-11-27 13:47:00 | DEBUG | app.middleware.tenant | Detecting studio from host: localhost
2025-11-27 13:47:00 | INFO | app.middleware.tenant | 🔧 Development mode: Using 'demo' studio for localhost
2025-11-27 13:47:00 | INFO | app.middleware.tenant | ✅ Found demo studio for localhost: Demo Photography Studio
2025-11-27 13:47:00 | DEBUG | app.middleware.tenant | 📍 Request for studio: Demo Photography Studio (24cf1e21-d52c-4808-bb8a-bd382f52865b)
2025-11-27 13:47:00 | DEBUG | app.db.session | Database session opened
2025-11-27 13:47:00 | INFO | app.core.dependencies | Auth check - Cookie: False, Header: True
2025-11-27 13:47:00 | INFO | app.core.dependencies | Using token from Authorization header
2025-11-27 13:47:00 | DEBUG | app.core.dependencies | Resolving current user for request
2025-11-27 13:47:00 | DEBUG | app.core.dependencies | Current user resolved
2025-11-27 13:47:00 | INFO | uvicorn.access | 127.0.0.1:51809 - "POST /v2/upload/batch/presigned HTTP/1.1" 200
2025-11-27 13:47:00 | DEBUG | app.db.session | Database session committed
2025-11-27 13:47:00 | DEBUG | app.db.session | Database session closed
2025-11-27 13:47:00 | DEBUG | app.middleware.tenant | Skipping tenant detection for OPTIONS request
2025-11-27 13:47:00 | INFO | uvicorn.access | 127.0.0.1:51807 - "OPTIONS /v2/upload/F5eO5jv2UCImL8ggicN3kXPAazREvWbDyRQOKXKy5TQ HTTP/1.1" 200
2025-11-27 13:47:00 | DEBUG | app.middleware.tenant | Detecting studio from host: localhost
2025-11-27 13:47:00 | INFO | app.middleware.tenant | 🔧 Development mode: Using 'demo' studio for localhost
2025-11-27 13:47:00 | INFO | app.middleware.tenant | ✅ Found demo studio for localhost: Demo Photography Studio
2025-11-27 13:47:00 | DEBUG | app.middleware.tenant | 📍 Request for studio: Demo Photography Studio (24cf1e21-d52c-4808-bb8a-bd382f52865b)
2025-11-27 13:47:00 | DEBUG | python_multipart.multipart | Calling on_part_begin with no data
2025-11-27 13:47:00 | DEBUG | python_multipart.multipart | Calling on_header_field with data[42:61]
2025-11-27 13:47:00 | DEBUG | python_multipart.multipart | Calling on_header_value with data[63:118]
2025-11-27 13:47:00 | DEBUG | python_multipart.multipart | Calling on_header_end with no data
2025-11-27 13:47:00 | DEBUG | python_multipart.multipart | Calling on_header_field with data[120:132]
2025-11-27 13:47:00 | DEBUG | python_multipart.multipart | Calling on_header_value with data[134:144]
2025-11-27 13:47:00 | DEBUG | python_multipart.multipart | Calling on_header_end with no data
2025-11-27 13:47:00 | DEBUG | python_multipart.multipart | Calling on_headers_finished with no data
2025-11-27 13:47:00 | DEBUG | python_multipart.multipart | Calling on_part_data with data[148:112336]
2025-11-27 13:47:00 | DEBUG | python_multipart.multipart | Calling on_part_end with no data
2025-11-27 13:47:00 | DEBUG | python_multipart.multipart | Calling on_end with no data
2025-11-27 13:47:00 | DEBUG | app.db.session | Database session opened
2025-11-27 13:47:00 | DEBUG | PIL.TiffImagePlugin | tag: Orientation (274) - type: short (3) - value: b'\x01\x00'
2025-11-27 13:47:00 | DEBUG | PIL.TiffImagePlugin | tag: XResolution (282) - type: rational (5) Tag Location: 34 - Data Location: 86 - value: b'H\x00\x00\x00\x01\x00\x00\x00'
2025-11-27 13:47:00 | DEBUG | PIL.TiffImagePlugin | tag: YResolution (283) - type: rational (5) Tag Location: 46 - Data Location: 94 - value: b'H\x00\x00\x00\x01\x00\x00\x00'
2025-11-27 13:47:00 | DEBUG | PIL.TiffImagePlugin | tag: ResolutionUnit (296) - type: short (3) - value: b'\x02\x00'
2025-11-27 13:47:00 | DEBUG | PIL.TiffImagePlugin | tag: YCbCrPositioning (531) - type: short (3) - value: b'\x01\x00'
2025-11-27 13:47:00 | DEBUG | PIL.TiffImagePlugin | tag: ExifIFD (34665) - type: long (4) - value: b'f\x00\x00\x00'
2025-11-27 13:47:00 | DEBUG | PIL.TiffImagePlugin | tag: Orientation (274) - type: short (3) - value: b'\x01\x00'
2025-11-27 13:47:00 | DEBUG | PIL.TiffImagePlugin | tag: XResolution (282) - type: rational (5) Tag Location: 34 - Data Location: 86 - value: b'H\x00\x00\x00\x01\x00\x00\x00'
2025-11-27 13:47:00 | DEBUG | PIL.TiffImagePlugin | tag: YResolution (283) - type: rational (5) Tag Location: 46 - Data Location: 94 - value: b'H\x00\x00\x00\x01\x00\x00\x00'
2025-11-27 13:47:00 | DEBUG | PIL.TiffImagePlugin | tag: ResolutionUnit (296) - type: short (3) - value: b'\x02\x00'
2025-11-27 13:47:00 | DEBUG | PIL.TiffImagePlugin | tag: YCbCrPositioning (531) - type: short (3) - value: b'\x01\x00'
2025-11-27 13:47:00 | DEBUG | PIL.TiffImagePlugin | tag: ExifIFD (34665) - type: long (4) - value: b'f\x00\x00\x00'
2025-11-27 13:47:00 | ERROR | app.db.session | Database session rolled back due to exception
Traceback (most recent call last):
  File "/Users/ns632@apac.comcast.com/Documents/v0_photo_proof/photo_proof_api/app/routers/upload.py", line 94, in complete_upload
    photo = await upload_service.complete_upload(
            ^^^^^^^^^^^^^^^^^^^^^^^^^^^^^^^^^^^^^
    ...<3 lines>...
    )
    ^
  File "/Users/ns632@apac.comcast.com/Documents/v0_photo_proof/photo_proof_api/app/services/upload_service.py", line 117, in complete_upload
    return await self._complete_new_photo_upload(db, upload_token, file_data)
           ^^^^^^^^^^^^^^^^^^^^^^^^^^^^^^^^^^^^^^^^^^^^^^^^^^^^^^^^^^^^^^^^^^
  File "/Users/ns632@apac.comcast.com/Documents/v0_photo_proof/photo_proof_api/app/services/upload_service.py", line 247, in _complete_new_photo_upload
    raise HTTPException(
          ^^^^^^^^^^^^^
UnboundLocalError: cannot access local variable 'HTTPException' where it is not associated with a value

During handling of the above exception, another exception occurred:

Traceback (most recent call last):
  File "/Users/ns632@apac.comcast.com/Documents/v0_photo_proof/photo_proof_api/app/db/session.py", line 54, in get_db
    yield db
  File "/Users/ns632@apac.comcast.com/Documents/v0_photo_proof/photo_proof_api/venv/lib/python3.13/site-packages/fastapi/concurrency.py", line 27, in contextmanager_in_threadpool
    yield await run_in_threadpool(cm.__enter__)
  File "/Users/ns632@apac.comcast.com/Documents/v0_photo_proof/photo_proof_api/venv/lib/python3.13/site-packages/fastapi/routing.py", line 109, in app
    response = await f(request)
               ^^^^^^^^^^^^^^^^
  File "/Users/ns632@apac.comcast.com/Documents/v0_photo_proof/photo_proof_api/venv/lib/python3.13/site-packages/fastapi/routing.py", line 387, in app
    raw_response = await run_endpoint_function(
                   ^^^^^^^^^^^^^^^^^^^^^^^^^^^^
    ...<3 lines>...
    )
    ^
  File "/Users/ns632@apac.comcast.com/Documents/v0_photo_proof/photo_proof_api/venv/lib/python3.13/site-packages/fastapi/routing.py", line 288, in run_endpoint_function
    return await dependant.call(**values)
           ^^^^^^^^^^^^^^^^^^^^^^^^^^^^^^
  File "/Users/ns632@apac.comcast.com/Documents/v0_photo_proof/photo_proof_api/app/routers/upload.py", line 134, in complete_upload
    raise HTTPException(
    ...<2 lines>...
    )
fastapi.exceptions.HTTPException: 500: Upload failed: cannot access local variable 'HTTPException' where it is not associated with a value
2025-11-27 13:47:00 | DEBUG | app.db.session | Database session closed
2025-11-27 13:47:00 | INFO | uvicorn.access | 127.0.0.1:51807 - "PUT /v2/upload/F5eO5jv2UCImL8ggicN3kXPAazREvWbDyRQOKXKy5TQ HTTP/1.1" 500
