2025-12-02 12:17:01 | INFO | uvicorn.error | Shutting down
2025-12-02 12:17:01 | INFO | uvicorn.error | Waiting for application shutdown.
2025-12-02 12:17:01 | INFO | uvicorn.error | Application shutdown complete.
2025-12-02 12:17:01 | INFO | uvicorn.error | Finished server process [60035]
2025-12-02 12:17:05 | INFO | app.main | ✅ Tenant detection middleware enabled
2025-12-02 12:17:05 | INFO | app.main | ✅ Security headers middleware enabled
2025-12-02 12:17:05 | INFO | app.main | ✅ CORS preflight middleware enabled
2025-12-02 12:17:08 | DEBUG | app.db.session | Session scope opened
2025-12-02 12:17:08 | DEBUG | app.db.session | Session scope committed
2025-12-02 12:17:08 | DEBUG | app.db.session | Session scope closed
2025-12-02 12:17:09 | INFO | app.main | Application initialized
2025-12-02 12:17:09 | INFO | uvicorn.error | Started server process [64179]
2025-12-02 12:17:09 | INFO | uvicorn.error | Waiting for application startup.
2025-12-02 12:17:09 | INFO | uvicorn.error | Application startup complete.
2025-12-02 12:17:58 | DEBUG | app.middleware.tenant | Detecting studio from host: localhost
2025-12-02 12:17:58 | INFO | app.middleware.tenant | 🔧 Development mode: Using 'demo' studio for localhost
2025-12-02 12:17:58 | INFO | app.middleware.tenant | ✅ Found demo studio for localhost: Demo Photography Studio
2025-12-02 12:17:58 | DEBUG | app.middleware.tenant | 📍 Request for studio: Demo Photography Studio (24cf1e21-d52c-4808-bb8a-bd382f52865b)
2025-12-02 12:17:58 | DEBUG | app.db.session | Database session opened
2025-12-02 12:17:58 | DEBUG | app.api.deps | Optional studio resolved: Demo Photography Studio (24cf1e21-d52c-4808-bb8a-bd382f52865b)
2025-12-02 12:17:58 | DEBUG | app.services.cache_service | Cache MISS: studio:theme:24cf1e21-d52c-4808-bb8a-bd382f52865b
2025-12-02 12:17:58 | DEBUG | app.services.cache_service | Cache SET: studio:theme:24cf1e21-d52c-4808-bb8a-bd382f52865b (TTL: 1800s)
2025-12-02 12:17:58 | INFO | uvicorn.access | 127.0.0.1:60930 - "GET /api/studio/current HTTP/1.1" 200
2025-12-02 12:17:58 | DEBUG | app.db.session | Database session committed
2025-12-02 12:17:58 | DEBUG | app.db.session | Database session closed
2025-12-02 12:17:58 | DEBUG | app.middleware.tenant | Detecting studio from host: localhost
2025-12-02 12:17:58 | INFO | app.middleware.tenant | 🔧 Development mode: Using 'demo' studio for localhost
2025-12-02 12:17:58 | INFO | app.middleware.tenant | ✅ Found demo studio for localhost: Demo Photography Studio
2025-12-02 12:17:58 | DEBUG | app.middleware.tenant | 📍 Request for studio: Demo Photography Studio (24cf1e21-d52c-4808-bb8a-bd382f52865b)
2025-12-02 12:17:58 | DEBUG | app.db.session | Database session opened
2025-12-02 12:17:58 | DEBUG | app.api.deps | Optional studio resolved: Demo Photography Studio (24cf1e21-d52c-4808-bb8a-bd382f52865b)
2025-12-02 12:17:58 | DEBUG | app.services.cache_service | Cache HIT: studio:theme:24cf1e21-d52c-4808-bb8a-bd382f52865b
2025-12-02 12:17:58 | INFO | uvicorn.access | 127.0.0.1:60934 - "GET /api/studio/current HTTP/1.1" 200
2025-12-02 12:17:58 | DEBUG | app.db.session | Database session committed
2025-12-02 12:17:58 | DEBUG | app.db.session | Database session closed
2025-12-02 12:18:29 | DEBUG | app.middleware.dynamic_cors | Loaded 8 custom domains from database
2025-12-02 12:18:29 | INFO | app.middleware.dynamic_cors | CORS cache refreshed: 32 custom domains
2025-12-02 12:18:29 | INFO | uvicorn.access | 127.0.0.1:60983 - "OPTIONS /api/auth/reset-password HTTP/1.1" 200
2025-12-02 12:18:29 | DEBUG | app.middleware.tenant | Skipping tenant detection for path: /api/auth/reset-password
2025-12-02 12:18:29 | DEBUG | app.db.session | Database session opened
2025-12-02 12:18:29 | INFO | uvicorn.access | 127.0.0.1:60985 - "POST /api/auth/reset-password HTTP/1.1" 200
2025-12-02 12:18:29 | DEBUG | app.db.session | Database session committed
2025-12-02 12:18:29 | DEBUG | app.db.session | Database session closed
2025-12-02 12:18:32 | INFO | uvicorn.access | 127.0.0.1:60983 - "OPTIONS /api/auth/me HTTP/1.1" 200
2025-12-02 12:18:32 | DEBUG | app.middleware.tenant | Detecting studio from host: localhost
2025-12-02 12:18:32 | INFO | app.middleware.tenant | 🔧 Development mode: Using 'demo' studio for localhost
2025-12-02 12:18:32 | INFO | app.middleware.tenant | ✅ Found demo studio for localhost: Demo Photography Studio
2025-12-02 12:18:32 | DEBUG | app.middleware.tenant | 📍 Request for studio: Demo Photography Studio (24cf1e21-d52c-4808-bb8a-bd382f52865b)
2025-12-02 12:18:32 | DEBUG | app.middleware.tenant | Skipping tenant detection for path: /api/auth/me
2025-12-02 12:18:32 | DEBUG | app.db.session | Database session opened
2025-12-02 12:18:32 | DEBUG | app.api.deps | Optional studio resolved: Demo Photography Studio (24cf1e21-d52c-4808-bb8a-bd382f52865b)
2025-12-02 12:18:32 | DEBUG | app.db.session | Database session opened
2025-12-02 12:18:32 | DEBUG | app.services.cache_service | Cache HIT: studio:theme:24cf1e21-d52c-4808-bb8a-bd382f52865b
2025-12-02 12:18:32 | INFO | app.core.dependencies | Auth check - Cookie: False, Header: True
2025-12-02 12:18:32 | INFO | app.core.dependencies | Using token from Authorization header
2025-12-02 12:18:32 | INFO | uvicorn.access | 127.0.0.1:60996 - "GET /api/studio/current HTTP/1.1" 200
2025-12-02 12:18:32 | DEBUG | app.core.dependencies | Resolving current user for request
2025-12-02 12:18:32 | DEBUG | app.db.session | Database session committed
2025-12-02 12:18:32 | DEBUG | app.db.session | Database session closed
2025-12-02 12:18:32 | DEBUG | app.core.dependencies | Current user resolved
2025-12-02 12:18:32 | DEBUG | app.middleware.tenant | Detecting studio from host: localhost
2025-12-02 12:18:32 | INFO | app.middleware.tenant | 🔧 Development mode: Using 'demo' studio for localhost
2025-12-02 12:18:34 | INFO | app.middleware.tenant | ✅ Found demo studio for localhost: Demo Photography Studio
2025-12-02 12:18:34 | DEBUG | app.middleware.tenant | 📍 Request for studio: Demo Photography Studio (24cf1e21-d52c-4808-bb8a-bd382f52865b)
2025-12-02 12:18:34 | DEBUG | app.db.session | Database session opened
2025-12-02 12:18:34 | DEBUG | app.api.deps | Optional studio resolved: Demo Photography Studio (24cf1e21-d52c-4808-bb8a-bd382f52865b)
2025-12-02 12:18:34 | DEBUG | app.services.cache_service | Cache HIT: studio:theme:24cf1e21-d52c-4808-bb8a-bd382f52865b
2025-12-02 12:18:34 | INFO | uvicorn.access | 127.0.0.1:60998 - "GET /api/studio/current HTTP/1.1" 200
2025-12-02 12:18:34 | DEBUG | app.db.session | Database session committed
2025-12-02 12:18:34 | DEBUG | app.db.session | Database session closed
2025-12-02 12:18:34 | INFO | uvicorn.access | 127.0.0.1:60985 - "GET /api/auth/me HTTP/1.1" 200
2025-12-02 12:18:34 | DEBUG | app.middleware.tenant | Skipping tenant detection for path: /api/auth/me
2025-12-02 12:18:34 | DEBUG | app.db.session | Database session opened
2025-12-02 12:18:34 | INFO | app.core.dependencies | Auth check - Cookie: False, Header: True
2025-12-02 12:18:34 | INFO | app.core.dependencies | Using token from Authorization header
2025-12-02 12:18:34 | DEBUG | app.core.dependencies | Resolving current user for request
2025-12-02 12:18:34 | INFO | uvicorn.access | 127.0.0.1:60983 - "OPTIONS /v2/data-rights/consent HTTP/1.1" 200
2025-12-02 12:18:34 | INFO | uvicorn.access | 127.0.0.1:61009 - "OPTIONS /api/projects HTTP/1.1" 200
2025-12-02 12:18:34 | DEBUG | app.db.session | Database session committed
2025-12-02 12:18:34 | DEBUG | app.db.session | Database session closed
2025-12-02 12:18:34 | DEBUG | app.core.dependencies | Current user resolved
2025-12-02 12:18:34 | DEBUG | app.middleware.tenant | Detecting studio from host: localhost
2025-12-02 12:18:34 | INFO | app.middleware.tenant | 🔧 Development mode: Using 'demo' studio for localhost
2025-12-02 12:18:34 | INFO | app.middleware.tenant | ✅ Found demo studio for localhost: Demo Photography Studio
2025-12-02 12:18:34 | DEBUG | app.middleware.tenant | 📍 Request for studio: Demo Photography Studio (24cf1e21-d52c-4808-bb8a-bd382f52865b)
2025-12-02 12:18:34 | DEBUG | app.middleware.tenant | Detecting studio from host: localhost
2025-12-02 12:18:34 | INFO | app.middleware.tenant | 🔧 Development mode: Using 'demo' studio for localhost
2025-12-02 12:18:36 | INFO | app.middleware.tenant | ✅ Found demo studio for localhost: Demo Photography Studio
2025-12-02 12:18:36 | DEBUG | app.middleware.tenant | 📍 Request for studio: Demo Photography Studio (24cf1e21-d52c-4808-bb8a-bd382f52865b)
2025-12-02 12:18:36 | INFO | uvicorn.access | 127.0.0.1:60983 - "OPTIONS /api/notifications/count HTTP/1.1" 200
2025-12-02 12:18:36 | INFO | uvicorn.access | 127.0.0.1:61015 - "OPTIONS /api/notifications HTTP/1.1" 200
2025-12-02 12:18:36 | DEBUG | app.db.session | Database session opened
2025-12-02 12:18:36 | INFO | uvicorn.access | 127.0.0.1:61017 - "OPTIONS /api/notifications/count HTTP/1.1" 200
2025-12-02 12:18:36 | INFO | uvicorn.access | 127.0.0.1:61018 - "OPTIONS /api/notifications HTTP/1.1" 200
2025-12-02 12:18:36 | INFO | app.core.dependencies | Auth check - Cookie: False, Header: True
2025-12-02 12:18:36 | INFO | uvicorn.access | 127.0.0.1:61007 - "GET /api/projects HTTP/1.1" 307
2025-12-02 12:18:36 | INFO | app.core.dependencies | Using token from Authorization header
2025-12-02 12:18:36 | DEBUG | app.middleware.tenant | Detecting studio from host: localhost
2025-12-02 12:18:36 | DEBUG | app.core.dependencies | Resolving current user for request
2025-12-02 12:18:36 | INFO | app.middleware.tenant | 🔧 Development mode: Using 'demo' studio for localhost
2025-12-02 12:18:36 | DEBUG | app.core.dependencies | Current user resolved
2025-12-02 12:18:39 | INFO | app.middleware.tenant | ✅ Found demo studio for localhost: Demo Photography Studio
2025-12-02 12:18:39 | DEBUG | app.middleware.tenant | 📍 Request for studio: Demo Photography Studio (24cf1e21-d52c-4808-bb8a-bd382f52865b)
2025-12-02 12:18:39 | DEBUG | app.middleware.tenant | Detecting studio from host: localhost
2025-12-02 12:18:39 | INFO | app.middleware.tenant | 🔧 Development mode: Using 'demo' studio for localhost
2025-12-02 12:18:41 | INFO | app.middleware.tenant | ✅ Found demo studio for localhost: Demo Photography Studio
2025-12-02 12:18:41 | DEBUG | app.middleware.tenant | 📍 Request for studio: Demo Photography Studio (24cf1e21-d52c-4808-bb8a-bd382f52865b)
2025-12-02 12:18:41 | INFO | uvicorn.access | 127.0.0.1:61015 - "OPTIONS /api/projects/ HTTP/1.1" 200
2025-12-02 12:18:41 | DEBUG | app.db.session | Database session opened
2025-12-02 12:18:41 | DEBUG | app.db.session | Database session opened
2025-12-02 12:18:41 | INFO | uvicorn.access | 127.0.0.1:60985 - "GET /api/auth/me HTTP/1.1" 200
2025-12-02 12:18:41 | DEBUG | app.middleware.tenant | Detecting studio from host: localhost
2025-12-02 12:18:41 | INFO | app.middleware.tenant | 🔧 Development mode: Using 'demo' studio for localhost
2025-12-02 12:18:41 | INFO | app.middleware.tenant | ✅ Found demo studio for localhost: Demo Photography Studio
2025-12-02 12:18:41 | DEBUG | app.middleware.tenant | 📍 Request for studio: Demo Photography Studio (24cf1e21-d52c-4808-bb8a-bd382f52865b)
2025-12-02 12:18:41 | DEBUG | app.db.session | Database session committed
2025-12-02 12:18:41 | INFO | app.core.dependencies | Auth check - Cookie: False, Header: True
2025-12-02 12:18:41 | INFO | uvicorn.access | 127.0.0.1:61009 - "GET /v2/data-rights/consent HTTP/1.1" 200
2025-12-02 12:18:41 | DEBUG | app.db.session | Database session closed
2025-12-02 12:18:41 | INFO | app.core.dependencies | Auth check - Cookie: False, Header: True
2025-12-02 12:18:41 | INFO | app.core.dependencies | Using token from Authorization header
2025-12-02 12:18:41 | DEBUG | app.db.session | Database session opened
2025-12-02 12:18:41 | INFO | app.core.dependencies | Using token from Authorization header
2025-12-02 12:18:41 | DEBUG | app.core.dependencies | Resolving current user for request
2025-12-02 12:18:41 | DEBUG | app.core.dependencies | Resolving current user for request
2025-12-02 12:18:41 | DEBUG | app.db.session | Database session committed
2025-12-02 12:18:41 | INFO | app.core.dependencies | Auth check - Cookie: False, Header: True
2025-12-02 12:18:41 | DEBUG | app.db.session | Database session closed
2025-12-02 12:18:41 | INFO | app.core.dependencies | Using token from Authorization header
2025-12-02 12:18:41 | DEBUG | app.core.dependencies | Current user resolved
2025-12-02 12:18:41 | DEBUG | app.core.dependencies | Resolving current user for request
2025-12-02 12:18:41 | DEBUG | app.core.dependencies | Current user resolved
2025-12-02 12:18:41 | DEBUG | app.middleware.tenant | Detecting studio from host: localhost
2025-12-02 12:18:41 | INFO | app.middleware.tenant | 🔧 Development mode: Using 'demo' studio for localhost
2025-12-02 12:18:41 | INFO | app.middleware.tenant | ✅ Found demo studio for localhost: Demo Photography Studio
2025-12-02 12:18:41 | DEBUG | app.middleware.tenant | 📍 Request for studio: Demo Photography Studio (24cf1e21-d52c-4808-bb8a-bd382f52865b)
2025-12-02 12:18:41 | INFO | uvicorn.access | 127.0.0.1:61018 - "GET /api/notifications/count HTTP/1.1" 200
2025-12-02 12:18:41 | DEBUG | app.db.session | Database session opened
2025-12-02 12:18:41 | INFO | uvicorn.access | 127.0.0.1:61017 - "GET /api/notifications HTTP/1.1" 200
2025-12-02 12:18:41 | INFO | app.core.dependencies | Auth check - Cookie: False, Header: True
2025-12-02 12:18:41 | DEBUG | app.middleware.tenant | Detecting studio from host: localhost
2025-12-02 12:18:41 | INFO | app.core.dependencies | Using token from Authorization header
2025-12-02 12:18:41 | INFO | app.middleware.tenant | 🔧 Development mode: Using 'demo' studio for localhost
2025-12-02 12:18:41 | DEBUG | app.core.dependencies | Resolving current user for request
2025-12-02 12:18:41 | DEBUG | app.db.session | Database session committed
2025-12-02 12:18:41 | DEBUG | app.db.session | Database session closed
2025-12-02 12:18:41 | INFO | app.middleware.tenant | ✅ Found demo studio for localhost: Demo Photography Studio
2025-12-02 12:18:41 | DEBUG | app.middleware.tenant | 📍 Request for studio: Demo Photography Studio (24cf1e21-d52c-4808-bb8a-bd382f52865b)
2025-12-02 12:18:41 | DEBUG | app.middleware.tenant | Detecting studio from host: localhost
2025-12-02 12:18:41 | INFO | app.middleware.tenant | 🔧 Development mode: Using 'demo' studio for localhost
2025-12-02 12:18:41 | INFO | app.middleware.tenant | ✅ Found demo studio for localhost: Demo Photography Studio
2025-12-02 12:18:41 | DEBUG | app.middleware.tenant | 📍 Request for studio: Demo Photography Studio (24cf1e21-d52c-4808-bb8a-bd382f52865b)
2025-12-02 12:18:41 | DEBUG | app.db.session | Database session opened
2025-12-02 12:18:41 | DEBUG | app.db.session | Database session opened
2025-12-02 12:18:41 | INFO | app.core.dependencies | Auth check - Cookie: False, Header: True
2025-12-02 12:18:41 | INFO | app.core.dependencies | Using token from Authorization header
2025-12-02 12:18:41 | INFO | app.core.dependencies | Auth check - Cookie: False, Header: True
2025-12-02 12:18:41 | DEBUG | app.core.dependencies | Resolving current user for request
2025-12-02 12:18:41 | INFO | app.core.dependencies | Using token from Authorization header
2025-12-02 12:18:41 | DEBUG | app.core.dependencies | Resolving current user for request
2025-12-02 12:18:41 | DEBUG | app.db.session | Database session committed
2025-12-02 12:18:41 | DEBUG | app.db.session | Database session closed
2025-12-02 12:18:43 | DEBUG | app.middleware.tenant | Detecting studio from host: test.photoapp.local
2025-12-02 12:18:43 | INFO | app.middleware.tenant | ✅ Found studio via custom domain: 255ce81f-a9aa-48eb-a8ee-13cbc6bc0656
2025-12-02 12:18:43 | DEBUG | app.middleware.tenant | 📍 Request for studio: Test Studio (255ce81f-a9aa-48eb-a8ee-13cbc6bc0656)
2025-12-02 12:18:43 | DEBUG | app.db.session | Database session opened
2025-12-02 12:18:43 | DEBUG | app.api.deps | Optional studio resolved: Test Studio (255ce81f-a9aa-48eb-a8ee-13cbc6bc0656)
2025-12-02 12:18:43 | DEBUG | app.services.cache_service | Cache MISS: studio:theme:255ce81f-a9aa-48eb-a8ee-13cbc6bc0656
2025-12-02 12:18:43 | DEBUG | app.services.cache_service | Cache SET: studio:theme:255ce81f-a9aa-48eb-a8ee-13cbc6bc0656 (TTL: 1800s)
2025-12-02 12:18:43 | INFO | uvicorn.access | 127.0.0.1:61054 - "GET /api/studio/current HTTP/1.1" 200
2025-12-02 12:18:43 | DEBUG | app.db.session | Database session committed
2025-12-02 12:18:43 | DEBUG | app.db.session | Database session closed
2025-12-02 12:18:44 | DEBUG | app.core.dependencies | Current user resolved
2025-12-02 12:18:44 | DEBUG | app.core.dependencies | Current user resolved
2025-12-02 12:18:44 | DEBUG | app.core.dependencies | Current user resolved
2025-12-02 12:18:44 | DEBUG | app.api.v1.projects | [COVER DEBUG] list_projects endpoint called!
2025-12-02 12:18:44 | DEBUG | app.api.v1.projects | [COVER DEBUG] User: studio@admin.com, Role: UserRole.STUDIO_OWNER
2025-12-02 12:18:44 | DEBUG | app.api.v1.projects | Listing projects
2025-12-02 12:18:44 | DEBUG | app.api.v1.projects | [COVER DEBUG] Executing query with joinedload for cover_photo relationship
2025-12-02 12:18:44 | DEBUG | app.core.dependencies | Current user resolved
2025-12-02 12:18:44 | INFO | uvicorn.access | 127.0.0.1:61009 - "GET /v2/data-rights/consent HTTP/1.1" 200
2025-12-02 12:18:44 | INFO | uvicorn.access | 127.0.0.1:61015 - "GET /api/notifications/count HTTP/1.1" 200
2025-12-02 12:18:44 | DEBUG | app.db.session | Database session committed
2025-12-02 12:18:44 | DEBUG | app.db.session | Database session closed
2025-12-02 12:18:44 | DEBUG | app.db.session | Database session committed
2025-12-02 12:18:44 | INFO | uvicorn.access | 127.0.0.1:61018 - "GET /api/notifications HTTP/1.1" 200
2025-12-02 12:18:44 | DEBUG | app.db.session | Database session closed
2025-12-02 12:18:44 | DEBUG | app.db.session | Database session committed
2025-12-02 12:18:44 | DEBUG | app.db.session | Database session closed
2025-12-02 12:18:44 | DEBUG | app.api.v1.projects | [COVER DEBUG] Project 109 (Night) - Has cover_photo, src: /uploads/projects/109/originals/20251130_171525_yaC4Dk4C_IMG_7057_(1).jpg
2025-12-02 12:18:44 | DEBUG | app.api.v1.projects | [COVER DEBUG] Project 109 response dict: cover_photo_src=/uploads/projects/109/originals/20251130_171525_yaC4Dk4C_IMG_7057_(1).jpg
2025-12-02 12:18:44 | DEBUG | app.api.v1.projects | [COVER DEBUG] Project 108 (Dummy) - Has cover_photo, src: /uploads/projects/108/originals/20251130_171401_WymiOYWz_IMG_7057_(1).jpg
2025-12-02 12:18:44 | DEBUG | app.api.v1.projects | [COVER DEBUG] Project 108 response dict: cover_photo_src=/uploads/projects/108/originals/20251130_171401_WymiOYWz_IMG_7057_(1).jpg
2025-12-02 12:18:44 | DEBUG | app.api.v1.projects | [COVER DEBUG] Project 107 (Dummy) - Has cover_photo, src: /uploads/projects/107/originals/20251130_171046_eLv6xvAC_IMG_0070.jpg
2025-12-02 12:18:44 | DEBUG | app.api.v1.projects | [COVER DEBUG] Project 107 response dict: cover_photo_src=/uploads/projects/107/originals/20251130_171046_eLv6xvAC_IMG_0070.jpg
2025-12-02 12:18:44 | DEBUG | app.api.v1.projects | [COVER DEBUG] Project 104 (Naga dharani) - Has cover_photo, src: /uploads/projects/104/originals/20251130_170257_chVZgnmm_IMG_2986.jpg
2025-12-02 12:18:44 | DEBUG | app.api.v1.projects | [COVER DEBUG] Project 104 response dict: cover_photo_src=/uploads/projects/104/originals/20251130_170257_chVZgnmm_IMG_2986.jpg
2025-12-02 12:18:44 | DEBUG | app.api.v1.projects | [COVER DEBUG] Project 103 (Dharani) - Has cover_photo, src: /uploads/projects/103/originals/20251130_165820_AXK0AhXl_IMG_2986.jpg
2025-12-02 12:18:44 | DEBUG | app.api.v1.projects | [COVER DEBUG] Project 103 response dict: cover_photo_src=/uploads/projects/103/originals/20251130_165820_AXK0AhXl_IMG_2986.jpg
2025-12-02 12:18:44 | DEBUG | app.api.v1.projects | [COVER DEBUG] Project 102 (Test Upload failed photos) - Has cover_photo, src: /uploads/projects/102/originals/20251130_165308_Exhjuw-A_IMG_0039.jpg
2025-12-02 12:18:44 | DEBUG | app.api.v1.projects | [COVER DEBUG] Project 102 response dict: cover_photo_src=/uploads/projects/102/originals/20251130_165308_Exhjuw-A_IMG_0039.jpg
2025-12-02 12:18:44 | DEBUG | app.api.v1.projects | [COVER DEBUG] Project 101 (Test Upload) - Has cover_photo, src: /uploads/projects/101/originals/20251130_165229_WTxfVJvQ_IMG_7057_(1).jpg
2025-12-02 12:18:44 | DEBUG | app.api.v1.projects | [COVER DEBUG] Project 101 response dict: cover_photo_src=/uploads/projects/101/originals/20251130_165229_WTxfVJvQ_IMG_7057_(1).jpg
2025-12-02 12:18:44 | DEBUG | app.api.v1.projects | [COVER DEBUG] Project 100 (New Test from firefox) - Has cover_photo, src: /uploads/projects/100/originals/20251130_163746_zfAJvbRW_IMG_7057_(1).jpg
2025-12-02 12:18:44 | DEBUG | app.api.v1.projects | [COVER DEBUG] Project 100 response dict: cover_photo_src=/uploads/projects/100/originals/20251130_163746_zfAJvbRW_IMG_7057_(1).jpg
2025-12-02 12:18:44 | DEBUG | app.api.v1.projects | [COVER DEBUG] Project 99 (Test2) - Has cover_photo, src: /uploads/projects/99/originals/20251130_154210_YZU5y4Dp_IMG_7057_(1).jpg
2025-12-02 12:18:44 | DEBUG | app.api.v1.projects | [COVER DEBUG] Project 99 response dict: cover_photo_src=/uploads/projects/99/originals/20251130_154210_YZU5y4Dp_IMG_7057_(1).jpg
2025-12-02 12:18:44 | DEBUG | app.api.v1.projects | [COVER DEBUG] Project 98 (New ttes) - Has cover_photo, src: /uploads/projects/98/originals/20251130_154107_TniYX2An_IMG_7057_(1).jpg
2025-12-02 12:18:44 | DEBUG | app.api.v1.projects | [COVER DEBUG] Project 98 response dict: cover_photo_src=/uploads/projects/98/originals/20251130_154107_TniYX2An_IMG_7057_(1).jpg
2025-12-02 12:18:44 | DEBUG | app.api.v1.projects | [COVER DEBUG] Project 97 (Hari Wedding) - Has cover_photo, src: /uploads/projects/97/originals/20251130_153440_zIoAkX95_IMG_0070.jpg
2025-12-02 12:18:44 | DEBUG | app.api.v1.projects | [COVER DEBUG] Project 97 response dict: cover_photo_src=/uploads/projects/97/originals/20251130_153440_zIoAkX95_IMG_0070.jpg
2025-12-02 12:18:44 | DEBUG | app.api.v1.projects | [COVER DEBUG] Project 96 (VIGNESH Wedding) - Has cover_photo, src: /uploads/projects/96/originals/20251130_152636_DHSwkYXh_IMG_7057_(1).jpg
2025-12-02 12:18:44 | DEBUG | app.api.v1.projects | [COVER DEBUG] Project 96 response dict: cover_photo_src=/uploads/projects/96/originals/20251130_152636_DHSwkYXh_IMG_7057_(1).jpg
2025-12-02 12:18:44 | DEBUG | app.api.v1.projects | [COVER DEBUG] Project 95 (NAGARAJ & DHARANI'S Wedding) - Has cover_photo, src: /uploads/projects/95/originals/20251130_151910_aq6CWm7w_IMG_2986.jpg
2025-12-02 12:18:44 | DEBUG | app.api.v1.projects | [COVER DEBUG] Project 95 response dict: cover_photo_src=/uploads/projects/95/originals/20251130_151910_aq6CWm7w_IMG_2986.jpg
2025-12-02 12:18:44 | DEBUG | app.api.v1.projects | [COVER DEBUG] Project 94 (nap) - Has cover_photo, src: /uploads/projects/94/originals/20251129_170823_dmKTI-pb_IMG_0014.jpg
2025-12-02 12:18:44 | DEBUG | app.api.v1.projects | [COVER DEBUG] Project 94 response dict: cover_photo_src=/uploads/projects/94/originals/20251129_170823_dmKTI-pb_IMG_0014.jpg
2025-12-02 12:18:44 | DEBUG | app.api.v1.projects | [COVER DEBUG] Project 93 (test) - Has cover_photo, src: /uploads/projects/93/originals/20251129_162004_xVxhjty9_IMG_0070.jpg
2025-12-02 12:18:44 | DEBUG | app.api.v1.projects | [COVER DEBUG] Project 93 response dict: cover_photo_src=/uploads/projects/93/originals/20251129_162004_xVxhjty9_IMG_0070.jpg
2025-12-02 12:18:44 | DEBUG | app.api.v1.projects | [COVER DEBUG] Project 92 (Samantha) - Has cover_photo, src: /uploads/projects/92/originals/20251129_101719_lEDjUdN1_IMG_0006.jpg
2025-12-02 12:18:44 | DEBUG | app.api.v1.projects | [COVER DEBUG] Project 92 response dict: cover_photo_src=/uploads/projects/92/originals/20251129_101719_lEDjUdN1_IMG_0006.jpg
2025-12-02 12:18:44 | DEBUG | app.api.v1.projects | [COVER DEBUG] Project 91 (New one 1) - Has cover_photo, src: /uploads/projects/91/originals/20251129_101246_rYu4Rpke_IMG_2986.jpg
2025-12-02 12:18:44 | DEBUG | app.api.v1.projects | [COVER DEBUG] Project 91 response dict: cover_photo_src=/uploads/projects/91/originals/20251129_101246_rYu4Rpke_IMG_2986.jpg
2025-12-02 12:18:44 | DEBUG | app.api.v1.projects | [COVER DEBUG] Project 90 (value) - Has cover_photo, src: /uploads/projects/90/originals/20251129_100855_e-7c2u4d_IMG_0014.jpg
2025-12-02 12:18:44 | DEBUG | app.api.v1.projects | [COVER DEBUG] Project 90 response dict: cover_photo_src=/uploads/projects/90/originals/20251129_100855_e-7c2u4d_IMG_0014.jpg
2025-12-02 12:18:44 | DEBUG | app.api.v1.projects | [COVER DEBUG] Project 89 (andrew) - Has cover_photo, src: /uploads/projects/89/originals/20251129_100223_O93KH8Fk_IMG_0012.jpg
2025-12-02 12:18:44 | DEBUG | app.api.v1.projects | [COVER DEBUG] Project 89 response dict: cover_photo_src=/uploads/projects/89/originals/20251129_100223_O93KH8Fk_IMG_0012.jpg
2025-12-02 12:18:44 | DEBUG | app.api.v1.projects | [COVER DEBUG] Project 88 (New One) - Has cover_photo, src: /uploads/projects/88/originals/20251129_072758_U3l0aVfZ_IMG_0014.jpg
2025-12-02 12:18:44 | DEBUG | app.api.v1.projects | [COVER DEBUG] Project 88 response dict: cover_photo_src=/uploads/projects/88/originals/20251129_072758_U3l0aVfZ_IMG_0014.jpg
2025-12-02 12:18:44 | DEBUG | app.api.v1.projects | [COVER DEBUG] Project 87 (WIN2) - Has cover_photo, src: /uploads/projects/87/originals/20251129_053242_oTk7_6Nm_IMG_0070.jpg
2025-12-02 12:18:44 | DEBUG | app.api.v1.projects | [COVER DEBUG] Project 87 response dict: cover_photo_src=/uploads/projects/87/originals/20251129_053242_oTk7_6Nm_IMG_0070.jpg
2025-12-02 12:18:44 | DEBUG | app.api.v1.projects | [COVER DEBUG] Project 86 (WIN) - Has cover_photo, src: /uploads/projects/86/originals/20251129_053117_VE7DRGI1_IMG_0028.jpg
2025-12-02 12:18:44 | DEBUG | app.api.v1.projects | [COVER DEBUG] Project 86 response dict: cover_photo_src=/uploads/projects/86/originals/20251129_053117_VE7DRGI1_IMG_0028.jpg
2025-12-02 12:18:44 | DEBUG | app.api.v1.projects | [COVER DEBUG] Project 84 (win2) - Has cover_photo, src: /uploads/projects/84/originals/20251129_052726_W0MIBfvg_IMG_0070.jpg
2025-12-02 12:18:44 | DEBUG | app.api.v1.projects | [COVER DEBUG] Project 84 response dict: cover_photo_src=/uploads/projects/84/originals/20251129_052726_W0MIBfvg_IMG_0070.jpg
2025-12-02 12:18:44 | DEBUG | app.api.v1.projects | [COVER DEBUG] Project 82 (New) - Has cover_photo, src: /uploads/projects/82/originals/20251129_052148_d-CSxkiZ_IMG_7057_(1).jpg
2025-12-02 12:18:44 | DEBUG | app.api.v1.projects | [COVER DEBUG] Project 82 response dict: cover_photo_src=/uploads/projects/82/originals/20251129_052148_d-CSxkiZ_IMG_7057_(1).jpg
2025-12-02 12:18:44 | DEBUG | app.api.v1.projects | [COVER DEBUG] Project 81 (naga) - Has cover_photo, src: /uploads/projects/81/originals/20251129_052117_9t3HJEOH_IMG_0014.jpg
2025-12-02 12:18:44 | DEBUG | app.api.v1.projects | [COVER DEBUG] Project 81 response dict: cover_photo_src=/uploads/projects/81/originals/20251129_052117_9t3HJEOH_IMG_0014.jpg
2025-12-02 12:18:44 | DEBUG | app.api.v1.projects | [COVER DEBUG] Project 6 (Samantha) - Has cover_photo, src: /uploads/projects/6/originals/20251127_125857_L9KDGGwK_IMG_0070.jpg
2025-12-02 12:18:44 | DEBUG | app.api.v1.projects | [COVER DEBUG] Project 6 response dict: cover_photo_src=/uploads/projects/6/originals/20251127_125857_L9KDGGwK_IMG_0070.jpg
2025-12-02 12:18:44 | DEBUG | app.api.v1.projects | 
[COVER DEBUG] Returning 26 projects
2025-12-02 12:18:44 | DEBUG | app.api.v1.projects | [COVER DEBUG] Sample response: {'id': '109', 'studio_id': '24cf1e21-d52c-4808-bb8a-bd382f52865b', 'client_id': '5', 'title': 'Night', 'shoot_date': '2025-11-14', 'cover_photo_id': 5212, 'cover_photo_src': '/uploads/projects/109/originals/20251130_171525_yaC4Dk4C_IMG_7057_(1).jpg', 'photo_count': 1, 'is_locked': False, 'layout': 'layout1', 'payment_status': None, 'price': None, 'package_id': '904a443e-a5d3-48f3-b240-fd11618c7b3a', 'status': 'draft', 'has_folders': True, 'total_comments': 0, 'created_at': '2025-11-30T17:15:24.572607', 'updated_at': '2025-11-30T17:15:31.691808'}
2025-12-02 12:18:44 | INFO | app.api.v1.projects | Returned 26 complete projects
2025-12-02 12:18:44 | INFO | uvicorn.access | 127.0.0.1:61007 - "GET /api/projects/ HTTP/1.1" 200
2025-12-02 12:18:44 | DEBUG | app.db.session | Database session committed
2025-12-02 12:18:44 | DEBUG | app.db.session | Database session closed
2025-12-02 12:18:44 | INFO | uvicorn.access | 127.0.0.1:61018 - "OPTIONS /v2/clients HTTP/1.1" 200
2025-12-02 12:18:44 | DEBUG | app.middleware.tenant | Detecting studio from host: localhost
2025-12-02 12:18:44 | INFO | app.middleware.tenant | 🔧 Development mode: Using 'demo' studio for localhost
2025-12-02 12:18:44 | INFO | app.middleware.tenant | ✅ Found demo studio for localhost: Demo Photography Studio
2025-12-02 12:18:44 | DEBUG | app.middleware.tenant | 📍 Request for studio: Demo Photography Studio (24cf1e21-d52c-4808-bb8a-bd382f52865b)
2025-12-02 12:18:44 | INFO | uvicorn.access | 127.0.0.1:61018 - "OPTIONS /v2/photos/5212/variant/thumbnail HTTP/1.1" 200
2025-12-02 12:18:44 | INFO | uvicorn.access | 127.0.0.1:61015 - "OPTIONS /v2/photos/5209/variant/thumbnail HTTP/1.1" 200
2025-12-02 12:18:44 | INFO | uvicorn.access | 127.0.0.1:61009 - "OPTIONS /v2/photos/5207/variant/thumbnail HTTP/1.1" 200
2025-12-02 12:18:44 | INFO | uvicorn.access | 127.0.0.1:61007 - "GET /v2/clients HTTP/1.1" 307
2025-12-02 12:18:44 | INFO | uvicorn.access | 127.0.0.1:61009 - "OPTIONS /v2/clients/ HTTP/1.1" 200
2025-12-02 12:18:44 | DEBUG | app.middleware.tenant | Detecting studio from host: localhost
2025-12-02 12:18:44 | INFO | app.middleware.tenant | 🔧 Development mode: Using 'demo' studio for localhost
2025-12-02 12:18:44 | INFO | app.middleware.tenant | ✅ Found demo studio for localhost: Demo Photography Studio
2025-12-02 12:18:44 | DEBUG | app.middleware.tenant | 📍 Request for studio: Demo Photography Studio (24cf1e21-d52c-4808-bb8a-bd382f52865b)
2025-12-02 12:18:44 | DEBUG | app.db.session | Database session opened
2025-12-02 12:18:44 | INFO | app.core.dependencies | Auth check - Cookie: False, Header: True
2025-12-02 12:18:44 | INFO | app.core.dependencies | Using token from Authorization header
2025-12-02 12:18:44 | DEBUG | app.core.dependencies | Resolving current user for request
2025-12-02 12:18:44 | DEBUG | app.core.dependencies | Current user resolved
2025-12-02 12:18:44 | DEBUG | app.routers.clients | [CLIENTS DEBUG] list_clients endpoint called
2025-12-02 12:18:44 | DEBUG | app.routers.clients | [CLIENTS DEBUG] Client 7 (Nagaraj Seenivasan): 4 projects
2025-12-02 12:18:44 | DEBUG | app.routers.clients | [CLIENTS DEBUG] Client 6 (James Brown): 4 projects
2025-12-02 12:18:44 | DEBUG | app.routers.clients | [CLIENTS DEBUG] Client 5 (Emma Davis): 11 projects
2025-12-02 12:18:44 | DEBUG | app.routers.clients | [CLIENTS DEBUG] Client 4 (Mike Williams): 2 projects
2025-12-02 12:18:44 | DEBUG | app.routers.clients | [CLIENTS DEBUG] Client 3 (Sarah Johnson): 4 projects
2025-12-02 12:18:44 | DEBUG | app.routers.clients | [CLIENTS DEBUG] Client 2 (John Smith): 1 projects
2025-12-02 12:18:44 | DEBUG | app.routers.clients | [CLIENTS DEBUG] Client 1 (Emily James): 0 projects
2025-12-02 12:18:44 | DEBUG | app.routers.clients | [CLIENTS DEBUG] Returning 7 clients with project counts

2025-12-02 12:18:44 | INFO | uvicorn.access | 127.0.0.1:61007 - "GET /v2/clients/ HTTP/1.1" 200
2025-12-02 12:18:44 | DEBUG | app.db.session | Database session committed
2025-12-02 12:18:44 | DEBUG | app.db.session | Database session closed
2025-12-02 12:18:44 | INFO | uvicorn.access | 127.0.0.1:61009 - "OPTIONS /v2/packages HTTP/1.1" 200
2025-12-02 12:18:44 | DEBUG | app.middleware.tenant | Detecting studio from host: localhost
2025-12-02 12:18:44 | INFO | app.middleware.tenant | 🔧 Development mode: Using 'demo' studio for localhost
2025-12-02 12:18:44 | INFO | app.middleware.tenant | ✅ Found demo studio for localhost: Demo Photography Studio
2025-12-02 12:18:44 | DEBUG | app.middleware.tenant | 📍 Request for studio: Demo Photography Studio (24cf1e21-d52c-4808-bb8a-bd382f52865b)
2025-12-02 12:18:44 | INFO | uvicorn.access | 127.0.0.1:61007 - "GET /v2/packages HTTP/1.1" 307
2025-12-02 12:18:44 | INFO | uvicorn.access | 127.0.0.1:61009 - "OPTIONS /v2/packages/ HTTP/1.1" 200
2025-12-02 12:18:44 | DEBUG | app.middleware.tenant | Detecting studio from host: localhost
2025-12-02 12:18:44 | INFO | app.middleware.tenant | 🔧 Development mode: Using 'demo' studio for localhost
2025-12-02 12:18:44 | INFO | app.middleware.tenant | ✅ Found demo studio for localhost: Demo Photography Studio
2025-12-02 12:18:44 | DEBUG | app.middleware.tenant | 📍 Request for studio: Demo Photography Studio (24cf1e21-d52c-4808-bb8a-bd382f52865b)
2025-12-02 12:18:44 | DEBUG | app.db.session | Database session opened
2025-12-02 12:18:44 | INFO | app.core.dependencies | Auth check - Cookie: False, Header: True
2025-12-02 12:18:44 | INFO | app.core.dependencies | Using token from Authorization header
2025-12-02 12:18:44 | DEBUG | app.core.dependencies | Resolving current user for request
2025-12-02 12:18:44 | DEBUG | app.core.dependencies | Current user resolved
2025-12-02 12:18:44 | INFO | uvicorn.access | 127.0.0.1:61007 - "GET /v2/packages/ HTTP/1.1" 200
2025-12-02 12:18:44 | DEBUG | app.db.session | Database session committed
2025-12-02 12:18:44 | DEBUG | app.db.session | Database session closed
2025-12-02 12:18:44 | INFO | uvicorn.access | 127.0.0.1:61009 - "OPTIONS /v2/invoices HTTP/1.1" 200
2025-12-02 12:18:44 | DEBUG | app.middleware.tenant | Detecting studio from host: localhost
2025-12-02 12:18:44 | INFO | app.middleware.tenant | 🔧 Development mode: Using 'demo' studio for localhost
2025-12-02 12:18:44 | INFO | app.middleware.tenant | ✅ Found demo studio for localhost: Demo Photography Studio
2025-12-02 12:18:44 | DEBUG | app.middleware.tenant | 📍 Request for studio: Demo Photography Studio (24cf1e21-d52c-4808-bb8a-bd382f52865b)
2025-12-02 12:18:44 | INFO | uvicorn.access | 127.0.0.1:61007 - "GET /v2/invoices HTTP/1.1" 307
2025-12-02 12:18:44 | INFO | uvicorn.access | 127.0.0.1:61009 - "OPTIONS /v2/invoices/ HTTP/1.1" 200
2025-12-02 12:18:44 | DEBUG | app.middleware.tenant | Detecting studio from host: localhost
2025-12-02 12:18:44 | INFO | app.middleware.tenant | 🔧 Development mode: Using 'demo' studio for localhost
2025-12-02 12:18:44 | INFO | app.middleware.tenant | ✅ Found demo studio for localhost: Demo Photography Studio
2025-12-02 12:18:44 | DEBUG | app.middleware.tenant | 📍 Request for studio: Demo Photography Studio (24cf1e21-d52c-4808-bb8a-bd382f52865b)
2025-12-02 12:18:44 | DEBUG | app.db.session | Database session opened
2025-12-02 12:18:44 | INFO | app.core.dependencies | Auth check - Cookie: False, Header: True
2025-12-02 12:18:44 | INFO | app.core.dependencies | Using token from Authorization header
2025-12-02 12:18:44 | DEBUG | app.core.dependencies | Resolving current user for request
2025-12-02 12:18:44 | DEBUG | app.core.dependencies | Current user resolved
2025-12-02 12:18:44 | INFO | uvicorn.access | 127.0.0.1:61007 - "GET /v2/invoices/ HTTP/1.1" 200
2025-12-02 12:18:44 | DEBUG | app.db.session | Database session committed
2025-12-02 12:18:44 | DEBUG | app.db.session | Database session closed
2025-12-02 12:18:45 | DEBUG | app.middleware.tenant | Detecting studio from host: test.photoapp.local
2025-12-02 12:18:45 | INFO | app.middleware.tenant | ✅ Found studio via custom domain: 255ce81f-a9aa-48eb-a8ee-13cbc6bc0656
2025-12-02 12:18:45 | DEBUG | app.middleware.tenant | 📍 Request for studio: Test Studio (255ce81f-a9aa-48eb-a8ee-13cbc6bc0656)
2025-12-02 12:18:45 | DEBUG | app.db.session | Database session opened
2025-12-02 12:18:45 | DEBUG | app.api.deps | Optional studio resolved: Test Studio (255ce81f-a9aa-48eb-a8ee-13cbc6bc0656)
2025-12-02 12:18:45 | DEBUG | app.services.cache_service | Cache HIT: studio:theme:255ce81f-a9aa-48eb-a8ee-13cbc6bc0656
2025-12-02 12:18:45 | INFO | uvicorn.access | 127.0.0.1:61065 - "GET /api/studio/current HTTP/1.1" 200
2025-12-02 12:18:45 | DEBUG | app.db.session | Database session committed
2025-12-02 12:18:45 | DEBUG | app.db.session | Database session closed
2025-12-02 12:18:45 | DEBUG | app.middleware.tenant | Detecting studio from host: test.photoapp.local
2025-12-02 12:18:45 | INFO | app.middleware.tenant | ✅ Found studio via custom domain: 255ce81f-a9aa-48eb-a8ee-13cbc6bc0656
2025-12-02 12:18:45 | DEBUG | app.middleware.tenant | 📍 Request for studio: Test Studio (255ce81f-a9aa-48eb-a8ee-13cbc6bc0656)
2025-12-02 12:18:45 | DEBUG | app.db.session | Database session opened
2025-12-02 12:18:45 | DEBUG | app.api.deps | Optional studio resolved: Test Studio (255ce81f-a9aa-48eb-a8ee-13cbc6bc0656)
2025-12-02 12:18:45 | DEBUG | app.services.cache_service | Cache HIT: studio:theme:255ce81f-a9aa-48eb-a8ee-13cbc6bc0656
2025-12-02 12:18:45 | INFO | uvicorn.access | 127.0.0.1:61068 - "GET /api/studio/current HTTP/1.1" 200
2025-12-02 12:18:45 | DEBUG | app.db.session | Database session committed
2025-12-02 12:18:45 | DEBUG | app.db.session | Database session closed
2025-12-02 12:19:02 | DEBUG | app.middleware.tenant | Skipping tenant detection for path: /api/auth/client/login
2025-12-02 12:19:02 | DEBUG | app.db.session | Database session opened
2025-12-02 12:19:03 | INFO | uvicorn.access | 127.0.0.1:61100 - "POST /api/auth/client/login HTTP/1.1" 200
2025-12-02 12:19:03 | INFO | uvicorn.access | 127.0.0.1:61102 - "OPTIONS /api/projects HTTP/1.1" 200
2025-12-02 12:19:03 | DEBUG | app.middleware.tenant | Detecting studio from host: localhost
2025-12-02 12:19:03 | INFO | app.middleware.tenant | 🔧 Development mode: Using 'demo' studio for localhost
2025-12-02 12:19:03 | DEBUG | app.db.session | Database session committed
2025-12-02 12:19:03 | DEBUG | app.db.session | Database session closed
2025-12-02 12:19:03 | INFO | app.middleware.tenant | ✅ Found demo studio for localhost: Demo Photography Studio
2025-12-02 12:19:03 | DEBUG | app.middleware.tenant | 📍 Request for studio: Demo Photography Studio (24cf1e21-d52c-4808-bb8a-bd382f52865b)
2025-12-02 12:19:03 | INFO | uvicorn.access | 127.0.0.1:61102 - "OPTIONS /v2/data-rights/consent HTTP/1.1" 200
2025-12-02 12:19:03 | INFO | uvicorn.access | 127.0.0.1:61100 - "GET /api/projects HTTP/1.1" 307
2025-12-02 12:19:03 | DEBUG | app.middleware.tenant | Detecting studio from host: localhost
2025-12-02 12:19:03 | INFO | app.middleware.tenant | 🔧 Development mode: Using 'demo' studio for localhost
2025-12-02 12:19:03 | INFO | app.middleware.tenant | ✅ Found demo studio for localhost: Demo Photography Studio
2025-12-02 12:19:03 | DEBUG | app.middleware.tenant | 📍 Request for studio: Demo Photography Studio (24cf1e21-d52c-4808-bb8a-bd382f52865b)
2025-12-02 12:19:03 | DEBUG | app.db.session | Database session opened
2025-12-02 12:19:03 | INFO | app.core.dependencies | Auth check - Cookie: False, Header: True
2025-12-02 12:19:03 | INFO | app.core.dependencies | Using token from Authorization header
2025-12-02 12:19:03 | DEBUG | app.core.dependencies | Resolving current user for request
2025-12-02 12:19:03 | ERROR | app.db.session | Database session rolled back due to exception
Traceback (most recent call last):
  File "/Users/ns632@apac.comcast.com/Documents/v0_photo_proof/photo_proof_api/app/db/session.py", line 54, in get_db
    yield db
  File "/Users/ns632@apac.comcast.com/Documents/v0_photo_proof/photo_proof_api/venv/lib/python3.13/site-packages/fastapi/concurrency.py", line 27, in contextmanager_in_threadpool
    yield await run_in_threadpool(cm.__enter__)
  File "/Users/ns632@apac.comcast.com/Documents/v0_photo_proof/photo_proof_api/venv/lib/python3.13/site-packages/fastapi/routing.py", line 109, in app
    response = await f(request)
               ^^^^^^^^^^^^^^^^
  File "/Users/ns632@apac.comcast.com/Documents/v0_photo_proof/photo_proof_api/venv/lib/python3.13/site-packages/fastapi/routing.py", line 377, in app
    solved_result = await solve_dependencies(
                    ^^^^^^^^^^^^^^^^^^^^^^^^^
    ...<6 lines>...
    )
    ^
  File "/Users/ns632@apac.comcast.com/Documents/v0_photo_proof/photo_proof_api/venv/lib/python3.13/site-packages/fastapi/dependencies/utils.py", line 648, in solve_dependencies
    solved = await run_in_threadpool(call, **solved_result.values)
             ^^^^^^^^^^^^^^^^^^^^^^^^^^^^^^^^^^^^^^^^^^^^^^^^^^^^^
  File "/Users/ns632@apac.comcast.com/Documents/v0_photo_proof/photo_proof_api/venv/lib/python3.13/site-packages/starlette/concurrency.py", line 38, in run_in_threadpool
    return await anyio.to_thread.run_sync(func)
           ^^^^^^^^^^^^^^^^^^^^^^^^^^^^^^^^^^^^
  File "/Users/ns632@apac.comcast.com/Documents/v0_photo_proof/photo_proof_api/venv/lib/python3.13/site-packages/anyio/to_thread.py", line 56, in run_sync
    return await get_async_backend().run_sync_in_worker_thread(
           ^^^^^^^^^^^^^^^^^^^^^^^^^^^^^^^^^^^^^^^^^^^^^^^^^^^^
        func, args, abandon_on_cancel=abandon_on_cancel, limiter=limiter
        ^^^^^^^^^^^^^^^^^^^^^^^^^^^^^^^^^^^^^^^^^^^^^^^^^^^^^^^^^^^^^^^^
    )
    ^
  File "/Users/ns632@apac.comcast.com/Documents/v0_photo_proof/photo_proof_api/venv/lib/python3.13/site-packages/anyio/_backends/_asyncio.py", line 2485, in run_sync_in_worker_thread
    return await future
           ^^^^^^^^^^^^
  File "/Users/ns632@apac.comcast.com/Documents/v0_photo_proof/photo_proof_api/venv/lib/python3.13/site-packages/anyio/_backends/_asyncio.py", line 976, in run
    result = context.run(func, *args)
  File "/Users/ns632@apac.comcast.com/Documents/v0_photo_proof/photo_proof_api/app/core/dependencies.py", line 101, in get_current_user
    raise HTTPException(
    ...<2 lines>...
    )
fastapi.exceptions.HTTPException: 401: Client ID not found in token
2025-12-02 12:19:03 | DEBUG | app.middleware.tenant | Detecting studio from host: localhost
2025-12-02 12:19:03 | DEBUG | app.db.session | Database session closed
2025-12-02 12:19:03 | INFO | app.middleware.tenant | 🔧 Development mode: Using 'demo' studio for localhost
2025-12-02 12:19:03 | INFO | app.middleware.tenant | ✅ Found demo studio for localhost: Demo Photography Studio
2025-12-02 12:19:03 | DEBUG | app.middleware.tenant | 📍 Request for studio: Demo Photography Studio (24cf1e21-d52c-4808-bb8a-bd382f52865b)
2025-12-02 12:19:03 | INFO | uvicorn.access | 127.0.0.1:61104 - "OPTIONS /api/projects/ HTTP/1.1" 200
2025-12-02 12:19:03 | INFO | uvicorn.access | 127.0.0.1:61103 - "GET /api/projects HTTP/1.1" 307
2025-12-02 12:19:03 | DEBUG | app.middleware.tenant | Detecting studio from host: localhost
2025-12-02 12:19:03 | INFO | app.middleware.tenant | 🔧 Development mode: Using 'demo' studio for localhost
2025-12-02 12:19:03 | INFO | app.middleware.tenant | ✅ Found demo studio for localhost: Demo Photography Studio
2025-12-02 12:19:03 | DEBUG | app.middleware.tenant | 📍 Request for studio: Demo Photography Studio (24cf1e21-d52c-4808-bb8a-bd382f52865b)
2025-12-02 12:19:03 | INFO | uvicorn.access | 127.0.0.1:61102 - "GET /v2/data-rights/consent HTTP/1.1" 401
2025-12-02 12:19:03 | DEBUG | app.db.session | Database session opened
2025-12-02 12:19:03 | INFO | app.core.dependencies | Auth check - Cookie: False, Header: True
2025-12-02 12:19:03 | INFO | app.core.dependencies | Using token from Authorization header
2025-12-02 12:19:03 | DEBUG | app.core.dependencies | Resolving current user for request
2025-12-02 12:19:03 | ERROR | app.db.session | Database session rolled back due to exception
Traceback (most recent call last):
  File "/Users/ns632@apac.comcast.com/Documents/v0_photo_proof/photo_proof_api/app/db/session.py", line 54, in get_db
    yield db
  File "/Users/ns632@apac.comcast.com/Documents/v0_photo_proof/photo_proof_api/venv/lib/python3.13/site-packages/fastapi/concurrency.py", line 27, in contextmanager_in_threadpool
    yield await run_in_threadpool(cm.__enter__)
  File "/Users/ns632@apac.comcast.com/Documents/v0_photo_proof/photo_proof_api/venv/lib/python3.13/site-packages/fastapi/routing.py", line 109, in app
    response = await f(request)
               ^^^^^^^^^^^^^^^^
  File "/Users/ns632@apac.comcast.com/Documents/v0_photo_proof/photo_proof_api/venv/lib/python3.13/site-packages/fastapi/routing.py", line 377, in app
    solved_result = await solve_dependencies(
                    ^^^^^^^^^^^^^^^^^^^^^^^^^
    ...<6 lines>...
    )
    ^
  File "/Users/ns632@apac.comcast.com/Documents/v0_photo_proof/photo_proof_api/venv/lib/python3.13/site-packages/fastapi/dependencies/utils.py", line 648, in solve_dependencies
    solved = await run_in_threadpool(call, **solved_result.values)
             ^^^^^^^^^^^^^^^^^^^^^^^^^^^^^^^^^^^^^^^^^^^^^^^^^^^^^
  File "/Users/ns632@apac.comcast.com/Documents/v0_photo_proof/photo_proof_api/venv/lib/python3.13/site-packages/starlette/concurrency.py", line 38, in run_in_threadpool
    return await anyio.to_thread.run_sync(func)
           ^^^^^^^^^^^^^^^^^^^^^^^^^^^^^^^^^^^^
  File "/Users/ns632@apac.comcast.com/Documents/v0_photo_proof/photo_proof_api/venv/lib/python3.13/site-packages/anyio/to_thread.py", line 56, in run_sync
    return await get_async_backend().run_sync_in_worker_thread(
           ^^^^^^^^^^^^^^^^^^^^^^^^^^^^^^^^^^^^^^^^^^^^^^^^^^^^
        func, args, abandon_on_cancel=abandon_on_cancel, limiter=limiter
        ^^^^^^^^^^^^^^^^^^^^^^^^^^^^^^^^^^^^^^^^^^^^^^^^^^^^^^^^^^^^^^^^
    )
    ^
  File "/Users/ns632@apac.comcast.com/Documents/v0_photo_proof/photo_proof_api/venv/lib/python3.13/site-packages/anyio/_backends/_asyncio.py", line 2485, in run_sync_in_worker_thread
    return await future
           ^^^^^^^^^^^^
  File "/Users/ns632@apac.comcast.com/Documents/v0_photo_proof/photo_proof_api/venv/lib/python3.13/site-packages/anyio/_backends/_asyncio.py", line 976, in run
    result = context.run(func, *args)
  File "/Users/ns632@apac.comcast.com/Documents/v0_photo_proof/photo_proof_api/app/core/dependencies.py", line 101, in get_current_user
    raise HTTPException(
    ...<2 lines>...
    )
fastapi.exceptions.HTTPException: 401: Client ID not found in token
2025-12-02 12:19:03 | DEBUG | app.db.session | Database session closed
2025-12-02 12:19:03 | INFO | uvicorn.access | 127.0.0.1:61100 - "GET /api/projects/ HTTP/1.1" 401
2025-12-02 12:19:03 | DEBUG | app.middleware.tenant | Detecting studio from host: localhost
2025-12-02 12:19:03 | INFO | app.middleware.tenant | 🔧 Development mode: Using 'demo' studio for localhost
2025-12-02 12:19:03 | INFO | app.middleware.tenant | ✅ Found demo studio for localhost: Demo Photography Studio
2025-12-02 12:19:03 | DEBUG | app.middleware.tenant | 📍 Request for studio: Demo Photography Studio (24cf1e21-d52c-4808-bb8a-bd382f52865b)
2025-12-02 12:19:03 | DEBUG | app.db.session | Database session opened
2025-12-02 12:19:03 | INFO | app.core.dependencies | Auth check - Cookie: False, Header: True
2025-12-02 12:19:03 | INFO | app.core.dependencies | Using token from Authorization header
2025-12-02 12:19:03 | DEBUG | app.core.dependencies | Resolving current user for request
2025-12-02 12:19:03 | ERROR | app.db.session | Database session rolled back due to exception
Traceback (most recent call last):
  File "/Users/ns632@apac.comcast.com/Documents/v0_photo_proof/photo_proof_api/app/db/session.py", line 54, in get_db
    yield db
  File "/Users/ns632@apac.comcast.com/Documents/v0_photo_proof/photo_proof_api/venv/lib/python3.13/site-packages/fastapi/concurrency.py", line 27, in contextmanager_in_threadpool
    yield await run_in_threadpool(cm.__enter__)
  File "/Users/ns632@apac.comcast.com/Documents/v0_photo_proof/photo_proof_api/venv/lib/python3.13/site-packages/fastapi/routing.py", line 109, in app
    response = await f(request)
               ^^^^^^^^^^^^^^^^
  File "/Users/ns632@apac.comcast.com/Documents/v0_photo_proof/photo_proof_api/venv/lib/python3.13/site-packages/fastapi/routing.py", line 377, in app
    solved_result = await solve_dependencies(
                    ^^^^^^^^^^^^^^^^^^^^^^^^^
    ...<6 lines>...
    )
    ^
  File "/Users/ns632@apac.comcast.com/Documents/v0_photo_proof/photo_proof_api/venv/lib/python3.13/site-packages/fastapi/dependencies/utils.py", line 648, in solve_dependencies
    solved = await run_in_threadpool(call, **solved_result.values)
             ^^^^^^^^^^^^^^^^^^^^^^^^^^^^^^^^^^^^^^^^^^^^^^^^^^^^^
  File "/Users/ns632@apac.comcast.com/Documents/v0_photo_proof/photo_proof_api/venv/lib/python3.13/site-packages/starlette/concurrency.py", line 38, in run_in_threadpool
    return await anyio.to_thread.run_sync(func)
           ^^^^^^^^^^^^^^^^^^^^^^^^^^^^^^^^^^^^
  File "/Users/ns632@apac.comcast.com/Documents/v0_photo_proof/photo_proof_api/venv/lib/python3.13/site-packages/anyio/to_thread.py", line 56, in run_sync
    return await get_async_backend().run_sync_in_worker_thread(
           ^^^^^^^^^^^^^^^^^^^^^^^^^^^^^^^^^^^^^^^^^^^^^^^^^^^^
        func, args, abandon_on_cancel=abandon_on_cancel, limiter=limiter
        ^^^^^^^^^^^^^^^^^^^^^^^^^^^^^^^^^^^^^^^^^^^^^^^^^^^^^^^^^^^^^^^^
    )
    ^
  File "/Users/ns632@apac.comcast.com/Documents/v0_photo_proof/photo_proof_api/venv/lib/python3.13/site-packages/anyio/_backends/_asyncio.py", line 2485, in run_sync_in_worker_thread
    return await future
           ^^^^^^^^^^^^
  File "/Users/ns632@apac.comcast.com/Documents/v0_photo_proof/photo_proof_api/venv/lib/python3.13/site-packages/anyio/_backends/_asyncio.py", line 976, in run
    result = context.run(func, *args)
  File "/Users/ns632@apac.comcast.com/Documents/v0_photo_proof/photo_proof_api/app/core/dependencies.py", line 101, in get_current_user
    raise HTTPException(
    ...<2 lines>...
    )
fastapi.exceptions.HTTPException: 401: Client ID not found in token
2025-12-02 12:19:03 | DEBUG | app.db.session | Database session closed
2025-12-02 12:19:03 | INFO | uvicorn.access | 127.0.0.1:61103 - "GET /api/projects/ HTTP/1.1" 401
2025-12-02 12:19:03 | DEBUG | app.middleware.tenant | Skipping tenant detection for path: /api/auth/refresh
2025-12-02 12:19:03 | DEBUG | app.db.session | Database session opened
2025-12-02 12:19:03 | ERROR | app.db.session | Database session rolled back due to exception
Traceback (most recent call last):
  File "/Users/ns632@apac.comcast.com/Documents/v0_photo_proof/photo_proof_api/app/db/session.py", line 54, in get_db
    yield db
  File "/Users/ns632@apac.comcast.com/Documents/v0_photo_proof/photo_proof_api/venv/lib/python3.13/site-packages/fastapi/concurrency.py", line 27, in contextmanager_in_threadpool
    yield await run_in_threadpool(cm.__enter__)
  File "/Users/ns632@apac.comcast.com/Documents/v0_photo_proof/photo_proof_api/venv/lib/python3.13/site-packages/fastapi/routing.py", line 109, in app
    response = await f(request)
               ^^^^^^^^^^^^^^^^
  File "/Users/ns632@apac.comcast.com/Documents/v0_photo_proof/photo_proof_api/venv/lib/python3.13/site-packages/fastapi/routing.py", line 387, in app
    raw_response = await run_endpoint_function(
                   ^^^^^^^^^^^^^^^^^^^^^^^^^^^^
    ...<3 lines>...
    )
    ^
  File "/Users/ns632@apac.comcast.com/Documents/v0_photo_proof/photo_proof_api/venv/lib/python3.13/site-packages/fastapi/routing.py", line 290, in run_endpoint_function
    return await run_in_threadpool(dependant.call, **values)
           ^^^^^^^^^^^^^^^^^^^^^^^^^^^^^^^^^^^^^^^^^^^^^^^^^
  File "/Users/ns632@apac.comcast.com/Documents/v0_photo_proof/photo_proof_api/venv/lib/python3.13/site-packages/starlette/concurrency.py", line 38, in run_in_threadpool
    return await anyio.to_thread.run_sync(func)
           ^^^^^^^^^^^^^^^^^^^^^^^^^^^^^^^^^^^^
  File "/Users/ns632@apac.comcast.com/Documents/v0_photo_proof/photo_proof_api/venv/lib/python3.13/site-packages/anyio/to_thread.py", line 56, in run_sync
    return await get_async_backend().run_sync_in_worker_thread(
           ^^^^^^^^^^^^^^^^^^^^^^^^^^^^^^^^^^^^^^^^^^^^^^^^^^^^
        func, args, abandon_on_cancel=abandon_on_cancel, limiter=limiter
        ^^^^^^^^^^^^^^^^^^^^^^^^^^^^^^^^^^^^^^^^^^^^^^^^^^^^^^^^^^^^^^^^
    )
    ^
  File "/Users/ns632@apac.comcast.com/Documents/v0_photo_proof/photo_proof_api/venv/lib/python3.13/site-packages/anyio/_backends/_asyncio.py", line 2485, in run_sync_in_worker_thread
    return await future
           ^^^^^^^^^^^^
  File "/Users/ns632@apac.comcast.com/Documents/v0_photo_proof/photo_proof_api/venv/lib/python3.13/site-packages/anyio/_backends/_asyncio.py", line 976, in run
    result = context.run(func, *args)
  File "/Users/ns632@apac.comcast.com/Documents/v0_photo_proof/photo_proof_api/app/routers/auth.py", line 261, in refresh_token
    raise HTTPException(
    ...<2 lines>...
    )
fastapi.exceptions.HTTPException: 401: Refresh token not provided
2025-12-02 12:19:03 | DEBUG | app.db.session | Database session closed
2025-12-02 12:19:03 | INFO | uvicorn.access | 127.0.0.1:61103 - "POST /api/auth/refresh HTTP/1.1" 401
2025-12-02 12:19:03 | INFO | uvicorn.access | 127.0.0.1:61102 - "OPTIONS /api/auth/logout HTTP/1.1" 200
2025-12-02 12:19:03 | DEBUG | app.middleware.tenant | Skipping tenant detection for path: /api/auth/logout
2025-12-02 12:19:03 | INFO | uvicorn.access | 127.0.0.1:61103 - "POST /api/auth/logout HTTP/1.1" 200
2025-12-02 12:19:26 | DEBUG | app.middleware.tenant | Skipping tenant detection for path: /api/auth/client/login
2025-12-02 12:19:26 | DEBUG | app.db.session | Database session opened
2025-12-02 12:19:27 | INFO | uvicorn.access | 127.0.0.1:61143 - "POST /api/auth/client/login HTTP/1.1" 200
2025-12-02 12:19:27 | DEBUG | app.db.session | Database session committed
2025-12-02 12:19:27 | DEBUG | app.db.session | Database session closed
2025-12-02 12:19:27 | DEBUG | app.middleware.tenant | Detecting studio from host: localhost
2025-12-02 12:19:27 | INFO | app.middleware.tenant | 🔧 Development mode: Using 'demo' studio for localhost
2025-12-02 12:19:27 | INFO | app.middleware.tenant | ✅ Found demo studio for localhost: Demo Photography Studio
2025-12-02 12:19:27 | DEBUG | app.middleware.tenant | 📍 Request for studio: Demo Photography Studio (24cf1e21-d52c-4808-bb8a-bd382f52865b)
2025-12-02 12:19:27 | DEBUG | app.middleware.tenant | Detecting studio from host: localhost
2025-12-02 12:19:27 | INFO | app.middleware.tenant | 🔧 Development mode: Using 'demo' studio for localhost
2025-12-02 12:19:27 | INFO | app.middleware.tenant | ✅ Found demo studio for localhost: Demo Photography Studio
2025-12-02 12:19:27 | DEBUG | app.middleware.tenant | 📍 Request for studio: Demo Photography Studio (24cf1e21-d52c-4808-bb8a-bd382f52865b)
2025-12-02 12:19:27 | DEBUG | app.middleware.tenant | Detecting studio from host: localhost
2025-12-02 12:19:27 | INFO | app.middleware.tenant | 🔧 Development mode: Using 'demo' studio for localhost
2025-12-02 12:19:27 | INFO | app.middleware.tenant | ✅ Found demo studio for localhost: Demo Photography Studio
2025-12-02 12:19:27 | DEBUG | app.middleware.tenant | 📍 Request for studio: Demo Photography Studio (24cf1e21-d52c-4808-bb8a-bd382f52865b)
2025-12-02 12:19:27 | INFO | uvicorn.access | 127.0.0.1:61143 - "GET /api/projects HTTP/1.1" 307
2025-12-02 12:19:27 | DEBUG | app.db.session | Database session opened
2025-12-02 12:19:27 | INFO | uvicorn.access | 127.0.0.1:61146 - "GET /api/projects HTTP/1.1" 307
2025-12-02 12:19:27 | INFO | app.core.dependencies | Auth check - Cookie: False, Header: True
2025-12-02 12:19:27 | INFO | app.core.dependencies | Using token from Authorization header
2025-12-02 12:19:27 | DEBUG | app.core.dependencies | Resolving current user for request
2025-12-02 12:19:27 | ERROR | app.db.session | Database session rolled back due to exception
Traceback (most recent call last):
  File "/Users/ns632@apac.comcast.com/Documents/v0_photo_proof/photo_proof_api/app/db/session.py", line 54, in get_db
    yield db
  File "/Users/ns632@apac.comcast.com/Documents/v0_photo_proof/photo_proof_api/venv/lib/python3.13/site-packages/fastapi/concurrency.py", line 27, in contextmanager_in_threadpool
    yield await run_in_threadpool(cm.__enter__)
  File "/Users/ns632@apac.comcast.com/Documents/v0_photo_proof/photo_proof_api/venv/lib/python3.13/site-packages/fastapi/routing.py", line 109, in app
    response = await f(request)
               ^^^^^^^^^^^^^^^^
  File "/Users/ns632@apac.comcast.com/Documents/v0_photo_proof/photo_proof_api/venv/lib/python3.13/site-packages/fastapi/routing.py", line 377, in app
    solved_result = await solve_dependencies(
                    ^^^^^^^^^^^^^^^^^^^^^^^^^
    ...<6 lines>...
    )
    ^
  File "/Users/ns632@apac.comcast.com/Documents/v0_photo_proof/photo_proof_api/venv/lib/python3.13/site-packages/fastapi/dependencies/utils.py", line 648, in solve_dependencies
    solved = await run_in_threadpool(call, **solved_result.values)
             ^^^^^^^^^^^^^^^^^^^^^^^^^^^^^^^^^^^^^^^^^^^^^^^^^^^^^
  File "/Users/ns632@apac.comcast.com/Documents/v0_photo_proof/photo_proof_api/venv/lib/python3.13/site-packages/starlette/concurrency.py", line 38, in run_in_threadpool
    return await anyio.to_thread.run_sync(func)
           ^^^^^^^^^^^^^^^^^^^^^^^^^^^^^^^^^^^^
  File "/Users/ns632@apac.comcast.com/Documents/v0_photo_proof/photo_proof_api/venv/lib/python3.13/site-packages/anyio/to_thread.py", line 56, in run_sync
    return await get_async_backend().run_sync_in_worker_thread(
           ^^^^^^^^^^^^^^^^^^^^^^^^^^^^^^^^^^^^^^^^^^^^^^^^^^^^
        func, args, abandon_on_cancel=abandon_on_cancel, limiter=limiter
        ^^^^^^^^^^^^^^^^^^^^^^^^^^^^^^^^^^^^^^^^^^^^^^^^^^^^^^^^^^^^^^^^
    )
    ^
  File "/Users/ns632@apac.comcast.com/Documents/v0_photo_proof/photo_proof_api/venv/lib/python3.13/site-packages/anyio/_backends/_asyncio.py", line 2485, in run_sync_in_worker_thread
    return await future
           ^^^^^^^^^^^^
  File "/Users/ns632@apac.comcast.com/Documents/v0_photo_proof/photo_proof_api/venv/lib/python3.13/site-packages/anyio/_backends/_asyncio.py", line 976, in run
    result = context.run(func, *args)
  File "/Users/ns632@apac.comcast.com/Documents/v0_photo_proof/photo_proof_api/app/core/dependencies.py", line 101, in get_current_user
    raise HTTPException(
    ...<2 lines>...
    )
fastapi.exceptions.HTTPException: 401: Client ID not found in token
2025-12-02 12:19:27 | DEBUG | app.middleware.tenant | Detecting studio from host: localhost
2025-12-02 12:19:27 | DEBUG | app.db.session | Database session closed
2025-12-02 12:19:27 | INFO | app.middleware.tenant | 🔧 Development mode: Using 'demo' studio for localhost
2025-12-02 12:19:27 | INFO | app.middleware.tenant | ✅ Found demo studio for localhost: Demo Photography Studio
2025-12-02 12:19:27 | DEBUG | app.middleware.tenant | 📍 Request for studio: Demo Photography Studio (24cf1e21-d52c-4808-bb8a-bd382f52865b)
2025-12-02 12:19:27 | DEBUG | app.middleware.tenant | Detecting studio from host: localhost
2025-12-02 12:19:27 | DEBUG | app.db.session | Database session opened
2025-12-02 12:19:27 | INFO | app.middleware.tenant | 🔧 Development mode: Using 'demo' studio for localhost
2025-12-02 12:19:27 | INFO | app.middleware.tenant | ✅ Found demo studio for localhost: Demo Photography Studio
2025-12-02 12:19:27 | DEBUG | app.middleware.tenant | 📍 Request for studio: Demo Photography Studio (24cf1e21-d52c-4808-bb8a-bd382f52865b)
2025-12-02 12:19:27 | DEBUG | app.db.session | Database session opened
2025-12-02 12:19:27 | INFO | uvicorn.access | 127.0.0.1:61145 - "GET /v2/data-rights/consent HTTP/1.1" 401
2025-12-02 12:19:27 | INFO | app.core.dependencies | Auth check - Cookie: False, Header: True
2025-12-02 12:19:27 | INFO | app.core.dependencies | Using token from Authorization header
2025-12-02 12:19:27 | INFO | app.core.dependencies | Auth check - Cookie: False, Header: True
2025-12-02 12:19:27 | DEBUG | app.core.dependencies | Resolving current user for request
2025-12-02 12:19:27 | INFO | app.core.dependencies | Using token from Authorization header
2025-12-02 12:19:27 | DEBUG | app.core.dependencies | Resolving current user for request
2025-12-02 12:19:27 | ERROR | app.db.session | Database session rolled back due to exception
Traceback (most recent call last):
  File "/Users/ns632@apac.comcast.com/Documents/v0_photo_proof/photo_proof_api/app/db/session.py", line 54, in get_db
    yield db
  File "/Users/ns632@apac.comcast.com/Documents/v0_photo_proof/photo_proof_api/venv/lib/python3.13/site-packages/fastapi/concurrency.py", line 27, in contextmanager_in_threadpool
    yield await run_in_threadpool(cm.__enter__)
  File "/Users/ns632@apac.comcast.com/Documents/v0_photo_proof/photo_proof_api/venv/lib/python3.13/site-packages/fastapi/routing.py", line 109, in app
    response = await f(request)
               ^^^^^^^^^^^^^^^^
  File "/Users/ns632@apac.comcast.com/Documents/v0_photo_proof/photo_proof_api/venv/lib/python3.13/site-packages/fastapi/routing.py", line 377, in app
    solved_result = await solve_dependencies(
                    ^^^^^^^^^^^^^^^^^^^^^^^^^
    ...<6 lines>...
    )
    ^
  File "/Users/ns632@apac.comcast.com/Documents/v0_photo_proof/photo_proof_api/venv/lib/python3.13/site-packages/fastapi/dependencies/utils.py", line 648, in solve_dependencies
    solved = await run_in_threadpool(call, **solved_result.values)
             ^^^^^^^^^^^^^^^^^^^^^^^^^^^^^^^^^^^^^^^^^^^^^^^^^^^^^
  File "/Users/ns632@apac.comcast.com/Documents/v0_photo_proof/photo_proof_api/venv/lib/python3.13/site-packages/starlette/concurrency.py", line 38, in run_in_threadpool
    return await anyio.to_thread.run_sync(func)
           ^^^^^^^^^^^^^^^^^^^^^^^^^^^^^^^^^^^^
  File "/Users/ns632@apac.comcast.com/Documents/v0_photo_proof/photo_proof_api/venv/lib/python3.13/site-packages/anyio/to_thread.py", line 56, in run_sync
    return await get_async_backend().run_sync_in_worker_thread(
           ^^^^^^^^^^^^^^^^^^^^^^^^^^^^^^^^^^^^^^^^^^^^^^^^^^^^
        func, args, abandon_on_cancel=abandon_on_cancel, limiter=limiter
        ^^^^^^^^^^^^^^^^^^^^^^^^^^^^^^^^^^^^^^^^^^^^^^^^^^^^^^^^^^^^^^^^
    )
    ^
  File "/Users/ns632@apac.comcast.com/Documents/v0_photo_proof/photo_proof_api/venv/lib/python3.13/site-packages/anyio/_backends/_asyncio.py", line 2485, in run_sync_in_worker_thread
    return await future
           ^^^^^^^^^^^^
  File "/Users/ns632@apac.comcast.com/Documents/v0_photo_proof/photo_proof_api/venv/lib/python3.13/site-packages/anyio/_backends/_asyncio.py", line 976, in run
    result = context.run(func, *args)
  File "/Users/ns632@apac.comcast.com/Documents/v0_photo_proof/photo_proof_api/app/core/dependencies.py", line 101, in get_current_user
    raise HTTPException(
    ...<2 lines>...
    )
fastapi.exceptions.HTTPException: 401: Client ID not found in token
2025-12-02 12:19:27 | ERROR | app.db.session | Database session rolled back due to exception
Traceback (most recent call last):
  File "/Users/ns632@apac.comcast.com/Documents/v0_photo_proof/photo_proof_api/app/db/session.py", line 54, in get_db
    yield db
  File "/Users/ns632@apac.comcast.com/Documents/v0_photo_proof/photo_proof_api/venv/lib/python3.13/site-packages/fastapi/concurrency.py", line 27, in contextmanager_in_threadpool
    yield await run_in_threadpool(cm.__enter__)
  File "/Users/ns632@apac.comcast.com/Documents/v0_photo_proof/photo_proof_api/venv/lib/python3.13/site-packages/fastapi/routing.py", line 109, in app
    response = await f(request)
               ^^^^^^^^^^^^^^^^
  File "/Users/ns632@apac.comcast.com/Documents/v0_photo_proof/photo_proof_api/venv/lib/python3.13/site-packages/fastapi/routing.py", line 377, in app
    solved_result = await solve_dependencies(
                    ^^^^^^^^^^^^^^^^^^^^^^^^^
    ...<6 lines>...
    )
    ^
  File "/Users/ns632@apac.comcast.com/Documents/v0_photo_proof/photo_proof_api/venv/lib/python3.13/site-packages/fastapi/dependencies/utils.py", line 648, in solve_dependencies
    solved = await run_in_threadpool(call, **solved_result.values)
             ^^^^^^^^^^^^^^^^^^^^^^^^^^^^^^^^^^^^^^^^^^^^^^^^^^^^^
  File "/Users/ns632@apac.comcast.com/Documents/v0_photo_proof/photo_proof_api/venv/lib/python3.13/site-packages/starlette/concurrency.py", line 38, in run_in_threadpool
    return await anyio.to_thread.run_sync(func)
           ^^^^^^^^^^^^^^^^^^^^^^^^^^^^^^^^^^^^
  File "/Users/ns632@apac.comcast.com/Documents/v0_photo_proof/photo_proof_api/venv/lib/python3.13/site-packages/anyio/to_thread.py", line 56, in run_sync
    return await get_async_backend().run_sync_in_worker_thread(
           ^^^^^^^^^^^^^^^^^^^^^^^^^^^^^^^^^^^^^^^^^^^^^^^^^^^^
        func, args, abandon_on_cancel=abandon_on_cancel, limiter=limiter
        ^^^^^^^^^^^^^^^^^^^^^^^^^^^^^^^^^^^^^^^^^^^^^^^^^^^^^^^^^^^^^^^^
    )
    ^
  File "/Users/ns632@apac.comcast.com/Documents/v0_photo_proof/photo_proof_api/venv/lib/python3.13/site-packages/anyio/_backends/_asyncio.py", line 2485, in run_sync_in_worker_thread
    return await future
           ^^^^^^^^^^^^
  File "/Users/ns632@apac.comcast.com/Documents/v0_photo_proof/photo_proof_api/venv/lib/python3.13/site-packages/anyio/_backends/_asyncio.py", line 976, in run
    result = context.run(func, *args)
  File "/Users/ns632@apac.comcast.com/Documents/v0_photo_proof/photo_proof_api/app/core/dependencies.py", line 101, in get_current_user
    raise HTTPException(
    ...<2 lines>...
    )
fastapi.exceptions.HTTPException: 401: Client ID not found in token
2025-12-02 12:19:27 | DEBUG | app.db.session | Database session closed
2025-12-02 12:19:27 | DEBUG | app.db.session | Database session closed
2025-12-02 12:19:27 | INFO | uvicorn.access | 127.0.0.1:61146 - "GET /api/projects/ HTTP/1.1" 401
2025-12-02 12:19:27 | INFO | uvicorn.access | 127.0.0.1:61143 - "GET /api/projects/ HTTP/1.1" 401
2025-12-02 12:19:27 | DEBUG | app.middleware.tenant | Skipping tenant detection for path: /api/auth/refresh
2025-12-02 12:19:27 | DEBUG | app.db.session | Database session opened
2025-12-02 12:19:27 | ERROR | app.db.session | Database session rolled back due to exception
Traceback (most recent call last):
  File "/Users/ns632@apac.comcast.com/Documents/v0_photo_proof/photo_proof_api/app/db/session.py", line 54, in get_db
    yield db
  File "/Users/ns632@apac.comcast.com/Documents/v0_photo_proof/photo_proof_api/venv/lib/python3.13/site-packages/fastapi/concurrency.py", line 27, in contextmanager_in_threadpool
    yield await run_in_threadpool(cm.__enter__)
  File "/Users/ns632@apac.comcast.com/Documents/v0_photo_proof/photo_proof_api/venv/lib/python3.13/site-packages/fastapi/routing.py", line 109, in app
    response = await f(request)
               ^^^^^^^^^^^^^^^^
  File "/Users/ns632@apac.comcast.com/Documents/v0_photo_proof/photo_proof_api/venv/lib/python3.13/site-packages/fastapi/routing.py", line 387, in app
    raw_response = await run_endpoint_function(
                   ^^^^^^^^^^^^^^^^^^^^^^^^^^^^
    ...<3 lines>...
    )
    ^
  File "/Users/ns632@apac.comcast.com/Documents/v0_photo_proof/photo_proof_api/venv/lib/python3.13/site-packages/fastapi/routing.py", line 290, in run_endpoint_function
    return await run_in_threadpool(dependant.call, **values)
           ^^^^^^^^^^^^^^^^^^^^^^^^^^^^^^^^^^^^^^^^^^^^^^^^^
  File "/Users/ns632@apac.comcast.com/Documents/v0_photo_proof/photo_proof_api/venv/lib/python3.13/site-packages/starlette/concurrency.py", line 38, in run_in_threadpool
    return await anyio.to_thread.run_sync(func)
           ^^^^^^^^^^^^^^^^^^^^^^^^^^^^^^^^^^^^
  File "/Users/ns632@apac.comcast.com/Documents/v0_photo_proof/photo_proof_api/venv/lib/python3.13/site-packages/anyio/to_thread.py", line 56, in run_sync
    return await get_async_backend().run_sync_in_worker_thread(
           ^^^^^^^^^^^^^^^^^^^^^^^^^^^^^^^^^^^^^^^^^^^^^^^^^^^^
        func, args, abandon_on_cancel=abandon_on_cancel, limiter=limiter
        ^^^^^^^^^^^^^^^^^^^^^^^^^^^^^^^^^^^^^^^^^^^^^^^^^^^^^^^^^^^^^^^^
    )
    ^
  File "/Users/ns632@apac.comcast.com/Documents/v0_photo_proof/photo_proof_api/venv/lib/python3.13/site-packages/anyio/_backends/_asyncio.py", line 2485, in run_sync_in_worker_thread
    return await future
           ^^^^^^^^^^^^
  File "/Users/ns632@apac.comcast.com/Documents/v0_photo_proof/photo_proof_api/venv/lib/python3.13/site-packages/anyio/_backends/_asyncio.py", line 976, in run
    result = context.run(func, *args)
  File "/Users/ns632@apac.comcast.com/Documents/v0_photo_proof/photo_proof_api/app/routers/auth.py", line 261, in refresh_token
    raise HTTPException(
    ...<2 lines>...
    )
fastapi.exceptions.HTTPException: 401: Refresh token not provided
2025-12-02 12:19:27 | DEBUG | app.db.session | Database session closed
2025-12-02 12:19:27 | INFO | uvicorn.access | 127.0.0.1:61146 - "POST /api/auth/refresh HTTP/1.1" 401
2025-12-02 12:19:27 | DEBUG | app.middleware.tenant | Skipping tenant detection for path: /api/auth/logout
2025-12-02 12:19:27 | INFO | uvicorn.access | 127.0.0.1:61146 - "POST /api/auth/logout HTTP/1.1" 200
2025-12-02 12:19:35 | DEBUG | app.middleware.tenant | Detecting studio from host: localhost
2025-12-02 12:19:35 | INFO | app.middleware.tenant | 🔧 Development mode: Using 'demo' studio for localhost
2025-12-02 12:19:35 | INFO | app.middleware.tenant | ✅ Found demo studio for localhost: Demo Photography Studio
2025-12-02 12:19:35 | DEBUG | app.middleware.tenant | 📍 Request for studio: Demo Photography Studio (24cf1e21-d52c-4808-bb8a-bd382f52865b)
2025-12-02 12:19:35 | DEBUG | app.db.session | Database session opened
2025-12-02 12:19:35 | INFO | app.core.dependencies | Auth check - Cookie: False, Header: True
2025-12-02 12:19:35 | INFO | app.core.dependencies | Using token from Authorization header
2025-12-02 12:19:35 | DEBUG | app.core.dependencies | Resolving current user for request
2025-12-02 12:19:35 | DEBUG | app.core.dependencies | Current user resolved
2025-12-02 12:19:35 | INFO | uvicorn.access | 127.0.0.1:61159 - "GET /api/notifications/count HTTP/1.1" 200
2025-12-02 12:19:35 | DEBUG | app.db.session | Database session committed
2025-12-02 12:19:35 | DEBUG | app.db.session | Database session closed
2025-12-02 12:20:31 | INFO | app.main | ✅ Tenant detection middleware enabled
2025-12-02 12:20:31 | INFO | app.main | ✅ Security headers middleware enabled
2025-12-02 12:20:31 | INFO | app.main | ✅ CORS preflight middleware enabled
2025-12-02 12:20:34 | DEBUG | app.db.session | Session scope opened
2025-12-02 12:20:34 | DEBUG | app.db.session | Session scope committed
2025-12-02 12:20:34 | DEBUG | app.db.session | Session scope closed
2025-12-02 12:20:34 | INFO | app.main | Application initialized
2025-12-02 12:20:35 | DEBUG | app.middleware.tenant | Detecting studio from host: localhost
2025-12-02 12:20:35 | INFO | app.middleware.tenant | 🔧 Development mode: Using 'demo' studio for localhost
2025-12-02 12:20:35 | INFO | app.middleware.tenant | ✅ Found demo studio for localhost: Demo Photography Studio
2025-12-02 12:20:35 | DEBUG | app.middleware.tenant | 📍 Request for studio: Demo Photography Studio (24cf1e21-d52c-4808-bb8a-bd382f52865b)
2025-12-02 12:20:35 | DEBUG | app.db.session | Database session opened
2025-12-02 12:20:35 | INFO | app.core.dependencies | Auth check - Cookie: False, Header: True
2025-12-02 12:20:35 | INFO | app.core.dependencies | Using token from Authorization header
2025-12-02 12:20:35 | DEBUG | app.core.dependencies | Resolving current user for request
2025-12-02 12:20:35 | DEBUG | app.core.dependencies | Current user resolved
2025-12-02 12:20:35 | INFO | uvicorn.access | 127.0.0.1:61277 - "GET /api/notifications/count HTTP/1.1" 200
2025-12-02 12:20:35 | DEBUG | app.db.session | Database session committed
2025-12-02 12:20:35 | DEBUG | app.db.session | Database session closed
2025-12-02 12:21:35 | DEBUG | app.middleware.tenant | Detecting studio from host: localhost
2025-12-02 12:21:35 | INFO | app.middleware.tenant | 🔧 Development mode: Using 'demo' studio for localhost
2025-12-02 12:21:35 | INFO | app.middleware.tenant | ✅ Found demo studio for localhost: Demo Photography Studio
2025-12-02 12:21:35 | DEBUG | app.middleware.tenant | 📍 Request for studio: Demo Photography Studio (24cf1e21-d52c-4808-bb8a-bd382f52865b)
2025-12-02 12:21:35 | DEBUG | app.db.session | Database session opened
2025-12-02 12:21:35 | INFO | app.core.dependencies | Auth check - Cookie: False, Header: True
2025-12-02 12:21:35 | INFO | app.core.dependencies | Using token from Authorization header
2025-12-02 12:21:35 | DEBUG | app.core.dependencies | Resolving current user for request
2025-12-02 12:21:35 | DEBUG | app.core.dependencies | Current user resolved
2025-12-02 12:21:35 | INFO | uvicorn.access | 127.0.0.1:61420 - "GET /api/notifications/count HTTP/1.1" 200
2025-12-02 12:21:35 | DEBUG | app.db.session | Database session committed
2025-12-02 12:21:35 | DEBUG | app.db.session | Database session closed
2025-12-02 12:22:09 | DEBUG | app.middleware.tenant | Skipping tenant detection for path: /api/auth/client/login
2025-12-02 12:22:09 | DEBUG | app.db.session | Database session opened
2025-12-02 12:22:09 | ERROR | app.db.session | Database session rolled back due to exception
Traceback (most recent call last):
  File "/Users/ns632@apac.comcast.com/Documents/v0_photo_proof/photo_proof_api/app/db/session.py", line 54, in get_db
    yield db
  File "/Users/ns632@apac.comcast.com/Documents/v0_photo_proof/photo_proof_api/venv/lib/python3.13/site-packages/fastapi/concurrency.py", line 27, in contextmanager_in_threadpool
    yield await run_in_threadpool(cm.__enter__)
  File "/Users/ns632@apac.comcast.com/Documents/v0_photo_proof/photo_proof_api/venv/lib/python3.13/site-packages/fastapi/routing.py", line 109, in app
    response = await f(request)
               ^^^^^^^^^^^^^^^^
  File "/Users/ns632@apac.comcast.com/Documents/v0_photo_proof/photo_proof_api/venv/lib/python3.13/site-packages/fastapi/routing.py", line 387, in app
    raw_response = await run_endpoint_function(
                   ^^^^^^^^^^^^^^^^^^^^^^^^^^^^
    ...<3 lines>...
    )
    ^
  File "/Users/ns632@apac.comcast.com/Documents/v0_photo_proof/photo_proof_api/venv/lib/python3.13/site-packages/fastapi/routing.py", line 290, in run_endpoint_function
    return await run_in_threadpool(dependant.call, **values)
           ^^^^^^^^^^^^^^^^^^^^^^^^^^^^^^^^^^^^^^^^^^^^^^^^^
  File "/Users/ns632@apac.comcast.com/Documents/v0_photo_proof/photo_proof_api/venv/lib/python3.13/site-packages/starlette/concurrency.py", line 38, in run_in_threadpool
    return await anyio.to_thread.run_sync(func)
           ^^^^^^^^^^^^^^^^^^^^^^^^^^^^^^^^^^^^
  File "/Users/ns632@apac.comcast.com/Documents/v0_photo_proof/photo_proof_api/venv/lib/python3.13/site-packages/anyio/to_thread.py", line 56, in run_sync
    return await get_async_backend().run_sync_in_worker_thread(
           ^^^^^^^^^^^^^^^^^^^^^^^^^^^^^^^^^^^^^^^^^^^^^^^^^^^^
        func, args, abandon_on_cancel=abandon_on_cancel, limiter=limiter
        ^^^^^^^^^^^^^^^^^^^^^^^^^^^^^^^^^^^^^^^^^^^^^^^^^^^^^^^^^^^^^^^^
    )
    ^
  File "/Users/ns632@apac.comcast.com/Documents/v0_photo_proof/photo_proof_api/venv/lib/python3.13/site-packages/anyio/_backends/_asyncio.py", line 2485, in run_sync_in_worker_thread
    return await future
           ^^^^^^^^^^^^
  File "/Users/ns632@apac.comcast.com/Documents/v0_photo_proof/photo_proof_api/venv/lib/python3.13/site-packages/anyio/_backends/_asyncio.py", line 976, in run
    result = context.run(func, *args)
  File "/Users/ns632@apac.comcast.com/Documents/v0_photo_proof/photo_proof_api/app/routers/auth.py", line 112, in client_login
    raise HTTPException(
    ...<2 lines>...
    )
fastapi.exceptions.HTTPException: 401: Invalid username or password
2025-12-02 12:22:09 | DEBUG | app.db.session | Database session closed
2025-12-02 12:22:09 | INFO | uvicorn.access | 127.0.0.1:61485 - "POST /api/auth/client/login HTTP/1.1" 401
2025-12-02 12:22:32 | INFO | app.main | ✅ Tenant detection middleware enabled
2025-12-02 12:22:32 | INFO | app.main | ✅ Security headers middleware enabled
2025-12-02 12:22:32 | INFO | app.main | ✅ CORS preflight middleware enabled
2025-12-02 12:22:35 | DEBUG | app.db.session | Session scope opened
2025-12-02 12:22:35 | DEBUG | app.db.session | Session scope committed
2025-12-02 12:22:35 | DEBUG | app.db.session | Session scope closed
2025-12-02 12:22:35 | INFO | app.main | Application initialized
2025-12-02 12:22:35 | DEBUG | app.middleware.tenant | Detecting studio from host: localhost
2025-12-02 12:22:35 | INFO | app.middleware.tenant | 🔧 Development mode: Using 'demo' studio for localhost
2025-12-02 12:22:35 | INFO | app.middleware.tenant | ✅ Found demo studio for localhost: Demo Photography Studio
2025-12-02 12:22:35 | DEBUG | app.middleware.tenant | 📍 Request for studio: Demo Photography Studio (24cf1e21-d52c-4808-bb8a-bd382f52865b)
2025-12-02 12:22:35 | DEBUG | app.db.session | Database session opened
2025-12-02 12:22:35 | INFO | app.core.dependencies | Auth check - Cookie: False, Header: True
2025-12-02 12:22:35 | INFO | app.core.dependencies | Using token from Authorization header
2025-12-02 12:22:35 | DEBUG | app.core.dependencies | Resolving current user for request
2025-12-02 12:22:35 | DEBUG | app.core.dependencies | Current user resolved
2025-12-02 12:22:35 | INFO | uvicorn.access | 127.0.0.1:61554 - "GET /api/notifications/count HTTP/1.1" 200
2025-12-02 12:22:35 | DEBUG | app.db.session | Database session committed
2025-12-02 12:22:35 | DEBUG | app.db.session | Database session closed
2025-12-02 12:23:25 | INFO | app.main | ✅ Tenant detection middleware enabled
2025-12-02 12:23:25 | INFO | app.main | ✅ Security headers middleware enabled
2025-12-02 12:23:25 | INFO | app.main | ✅ CORS preflight middleware enabled
2025-12-02 12:23:27 | DEBUG | app.db.session | Session scope opened
2025-12-02 12:23:27 | DEBUG | app.db.session | Session scope committed
2025-12-02 12:23:27 | DEBUG | app.db.session | Session scope closed
2025-12-02 12:23:28 | INFO | app.main | Application initialized
2025-12-02 12:23:35 | DEBUG | app.middleware.tenant | Detecting studio from host: localhost
2025-12-02 12:23:35 | INFO | app.middleware.tenant | 🔧 Development mode: Using 'demo' studio for localhost
2025-12-02 12:23:35 | INFO | app.middleware.tenant | ✅ Found demo studio for localhost: Demo Photography Studio
2025-12-02 12:23:35 | DEBUG | app.middleware.tenant | 📍 Request for studio: Demo Photography Studio (24cf1e21-d52c-4808-bb8a-bd382f52865b)
2025-12-02 12:23:35 | DEBUG | app.db.session | Database session opened
2025-12-02 12:23:35 | INFO | app.core.dependencies | Auth check - Cookie: False, Header: True
2025-12-02 12:23:35 | INFO | app.core.dependencies | Using token from Authorization header
2025-12-02 12:23:35 | DEBUG | app.core.dependencies | Resolving current user for request
2025-12-02 12:23:35 | DEBUG | app.core.dependencies | Current user resolved
2025-12-02 12:23:35 | INFO | uvicorn.access | 127.0.0.1:61733 - "GET /api/notifications/count HTTP/1.1" 200
2025-12-02 12:23:35 | DEBUG | app.db.session | Database session committed
2025-12-02 12:23:35 | DEBUG | app.db.session | Database session closed
2025-12-02 12:23:45 | DEBUG | app.middleware.tenant | Skipping tenant detection for path: /api/auth/client/login
2025-12-02 12:23:45 | DEBUG | app.db.session | Database session opened
2025-12-02 12:23:45 | INFO | uvicorn.access | 127.0.0.1:61765 - "POST /api/auth/client/login HTTP/1.1" 200
2025-12-02 12:23:45 | DEBUG | app.db.session | Database session committed
2025-12-02 12:23:45 | DEBUG | app.db.session | Database session closed
2025-12-02 12:24:35 | DEBUG | app.middleware.tenant | Detecting studio from host: localhost
2025-12-02 12:24:35 | INFO | app.middleware.tenant | 🔧 Development mode: Using 'demo' studio for localhost
2025-12-02 12:24:35 | INFO | app.middleware.tenant | ✅ Found demo studio for localhost: Demo Photography Studio
2025-12-02 12:24:35 | DEBUG | app.middleware.tenant | 📍 Request for studio: Demo Photography Studio (24cf1e21-d52c-4808-bb8a-bd382f52865b)
2025-12-02 12:24:35 | DEBUG | app.db.session | Database session opened
2025-12-02 12:24:35 | INFO | app.core.dependencies | Auth check - Cookie: False, Header: True
2025-12-02 12:24:35 | INFO | app.core.dependencies | Using token from Authorization header
2025-12-02 12:24:35 | DEBUG | app.core.dependencies | Resolving current user for request
2025-12-02 12:24:35 | DEBUG | app.core.dependencies | Current user resolved
2025-12-02 12:24:35 | INFO | uvicorn.access | 127.0.0.1:61876 - "GET /api/notifications/count HTTP/1.1" 200
2025-12-02 12:24:35 | DEBUG | app.db.session | Database session committed
2025-12-02 12:24:35 | DEBUG | app.db.session | Database session closed
2025-12-02 12:26:29 | DEBUG | app.middleware.tenant | Detecting studio from host: localhost
2025-12-02 12:26:29 | INFO | app.middleware.tenant | 🔧 Development mode: Using 'demo' studio for localhost
2025-12-02 12:26:29 | INFO | app.middleware.tenant | ✅ Found demo studio for localhost: Demo Photography Studio
2025-12-02 12:26:29 | DEBUG | app.middleware.tenant | 📍 Request for studio: Demo Photography Studio (24cf1e21-d52c-4808-bb8a-bd382f52865b)
2025-12-02 12:26:29 | DEBUG | app.db.session | Database session opened
2025-12-02 12:26:29 | INFO | app.core.dependencies | Auth check - Cookie: False, Header: True
2025-12-02 12:26:29 | INFO | app.core.dependencies | Using token from Authorization header
2025-12-02 12:26:29 | DEBUG | app.core.dependencies | Resolving current user for request
2025-12-02 12:26:29 | DEBUG | app.core.dependencies | Current user resolved
2025-12-02 12:26:29 | INFO | uvicorn.access | 127.0.0.1:62054 - "GET /api/notifications/count HTTP/1.1" 200
2025-12-02 12:26:29 | DEBUG | app.db.session | Database session committed
2025-12-02 12:26:29 | DEBUG | app.db.session | Database session closed
2025-12-02 12:27:29 | DEBUG | app.middleware.tenant | Detecting studio from host: localhost
2025-12-02 12:27:29 | INFO | app.middleware.tenant | 🔧 Development mode: Using 'demo' studio for localhost
2025-12-02 12:27:29 | INFO | app.middleware.tenant | ✅ Found demo studio for localhost: Demo Photography Studio
2025-12-02 12:27:29 | DEBUG | app.middleware.tenant | 📍 Request for studio: Demo Photography Studio (24cf1e21-d52c-4808-bb8a-bd382f52865b)
2025-12-02 12:27:29 | DEBUG | app.db.session | Database session opened
2025-12-02 12:27:29 | INFO | app.core.dependencies | Auth check - Cookie: False, Header: True
2025-12-02 12:27:29 | INFO | app.core.dependencies | Using token from Authorization header
2025-12-02 12:27:29 | DEBUG | app.core.dependencies | Resolving current user for request
2025-12-02 12:27:29 | DEBUG | app.core.dependencies | Current user resolved
2025-12-02 12:27:29 | INFO | uvicorn.access | 127.0.0.1:62160 - "GET /api/notifications/count HTTP/1.1" 200
2025-12-02 12:27:29 | DEBUG | app.db.session | Database session committed
2025-12-02 12:27:29 | DEBUG | app.db.session | Database session closed
2025-12-02 12:28:29 | DEBUG | app.middleware.tenant | Detecting studio from host: localhost
2025-12-02 12:28:29 | INFO | app.middleware.tenant | 🔧 Development mode: Using 'demo' studio for localhost
2025-12-02 12:28:29 | INFO | app.middleware.tenant | ✅ Found demo studio for localhost: Demo Photography Studio
2025-12-02 12:28:29 | DEBUG | app.middleware.tenant | 📍 Request for studio: Demo Photography Studio (24cf1e21-d52c-4808-bb8a-bd382f52865b)
2025-12-02 12:28:29 | DEBUG | app.db.session | Database session opened
2025-12-02 12:28:29 | INFO | app.core.dependencies | Auth check - Cookie: False, Header: True
2025-12-02 12:28:29 | INFO | app.core.dependencies | Using token from Authorization header
2025-12-02 12:28:29 | DEBUG | app.core.dependencies | Resolving current user for request
2025-12-02 12:28:29 | DEBUG | app.core.dependencies | Current user resolved
2025-12-02 12:28:29 | INFO | uvicorn.access | 127.0.0.1:62257 - "GET /api/notifications/count HTTP/1.1" 200
2025-12-02 12:28:29 | DEBUG | app.db.session | Database session committed
2025-12-02 12:28:29 | DEBUG | app.db.session | Database session closed
2025-12-02 12:29:29 | DEBUG | app.middleware.tenant | Detecting studio from host: localhost
2025-12-02 12:29:29 | INFO | app.middleware.tenant | 🔧 Development mode: Using 'demo' studio for localhost
2025-12-02 12:29:29 | INFO | app.middleware.tenant | ✅ Found demo studio for localhost: Demo Photography Studio
2025-12-02 12:29:29 | DEBUG | app.middleware.tenant | 📍 Request for studio: Demo Photography Studio (24cf1e21-d52c-4808-bb8a-bd382f52865b)
2025-12-02 12:29:29 | DEBUG | app.db.session | Database session opened
2025-12-02 12:29:29 | INFO | app.core.dependencies | Auth check - Cookie: False, Header: True
2025-12-02 12:29:29 | INFO | app.core.dependencies | Using token from Authorization header
2025-12-02 12:29:29 | DEBUG | app.core.dependencies | Resolving current user for request
2025-12-02 12:29:29 | DEBUG | app.core.dependencies | Current user resolved
2025-12-02 12:29:29 | INFO | uvicorn.access | 127.0.0.1:62353 - "GET /api/notifications/count HTTP/1.1" 200
2025-12-02 12:29:29 | DEBUG | app.db.session | Database session committed
2025-12-02 12:29:29 | DEBUG | app.db.session | Database session closed
2025-12-02 12:30:29 | DEBUG | app.middleware.tenant | Detecting studio from host: localhost
2025-12-02 12:30:29 | INFO | app.middleware.tenant | 🔧 Development mode: Using 'demo' studio for localhost
2025-12-02 12:30:29 | INFO | app.middleware.tenant | ✅ Found demo studio for localhost: Demo Photography Studio
2025-12-02 12:30:29 | DEBUG | app.middleware.tenant | 📍 Request for studio: Demo Photography Studio (24cf1e21-d52c-4808-bb8a-bd382f52865b)
2025-12-02 12:30:29 | DEBUG | app.db.session | Database session opened
2025-12-02 12:30:29 | INFO | app.core.dependencies | Auth check - Cookie: False, Header: True
2025-12-02 12:30:29 | INFO | app.core.dependencies | Using token from Authorization header
2025-12-02 12:30:29 | DEBUG | app.core.dependencies | Resolving current user for request
2025-12-02 12:30:29 | DEBUG | app.core.dependencies | Current user resolved
2025-12-02 12:30:29 | INFO | uvicorn.access | 127.0.0.1:62451 - "GET /api/notifications/count HTTP/1.1" 200
2025-12-02 12:30:29 | DEBUG | app.db.session | Database session committed
2025-12-02 12:30:29 | DEBUG | app.db.session | Database session closed
2025-12-02 12:31:29 | DEBUG | app.middleware.tenant | Detecting studio from host: localhost
2025-12-02 12:31:29 | INFO | app.middleware.tenant | 🔧 Development mode: Using 'demo' studio for localhost
2025-12-02 12:31:29 | INFO | app.middleware.tenant | ✅ Found demo studio for localhost: Demo Photography Studio
2025-12-02 12:31:29 | DEBUG | app.middleware.tenant | 📍 Request for studio: Demo Photography Studio (24cf1e21-d52c-4808-bb8a-bd382f52865b)
2025-12-02 12:31:29 | DEBUG | app.db.session | Database session opened
2025-12-02 12:31:29 | INFO | app.core.dependencies | Auth check - Cookie: False, Header: True
2025-12-02 12:31:29 | INFO | app.core.dependencies | Using token from Authorization header
2025-12-02 12:31:29 | DEBUG | app.core.dependencies | Resolving current user for request
2025-12-02 12:31:29 | DEBUG | app.core.dependencies | Current user resolved
2025-12-02 12:31:29 | INFO | uvicorn.access | 127.0.0.1:62549 - "GET /api/notifications/count HTTP/1.1" 200
2025-12-02 12:31:29 | DEBUG | app.db.session | Database session committed
2025-12-02 12:31:29 | DEBUG | app.db.session | Database session closed
2025-12-02 12:32:29 | DEBUG | app.middleware.tenant | Detecting studio from host: localhost
2025-12-02 12:32:29 | INFO | app.middleware.tenant | 🔧 Development mode: Using 'demo' studio for localhost
2025-12-02 12:32:29 | INFO | app.middleware.tenant | ✅ Found demo studio for localhost: Demo Photography Studio
2025-12-02 12:32:29 | DEBUG | app.middleware.tenant | 📍 Request for studio: Demo Photography Studio (24cf1e21-d52c-4808-bb8a-bd382f52865b)
2025-12-02 12:32:29 | DEBUG | app.db.session | Database session opened
2025-12-02 12:32:29 | INFO | app.core.dependencies | Auth check - Cookie: False, Header: True
2025-12-02 12:32:29 | INFO | app.core.dependencies | Using token from Authorization header
2025-12-02 12:32:29 | DEBUG | app.core.dependencies | Resolving current user for request
2025-12-02 12:32:29 | DEBUG | app.core.dependencies | Current user resolved
2025-12-02 12:32:29 | INFO | uvicorn.access | 127.0.0.1:62659 - "GET /api/notifications/count HTTP/1.1" 200
2025-12-02 12:32:29 | DEBUG | app.db.session | Database session committed
2025-12-02 12:32:29 | DEBUG | app.db.session | Database session closed
2025-12-02 12:33:29 | DEBUG | app.middleware.tenant | Detecting studio from host: localhost
2025-12-02 12:33:29 | INFO | app.middleware.tenant | 🔧 Development mode: Using 'demo' studio for localhost
2025-12-02 12:33:29 | INFO | app.middleware.tenant | ✅ Found demo studio for localhost: Demo Photography Studio
2025-12-02 12:33:29 | DEBUG | app.middleware.tenant | 📍 Request for studio: Demo Photography Studio (24cf1e21-d52c-4808-bb8a-bd382f52865b)
2025-12-02 12:33:29 | DEBUG | app.db.session | Database session opened
2025-12-02 12:33:29 | INFO | app.core.dependencies | Auth check - Cookie: False, Header: True
2025-12-02 12:33:29 | INFO | app.core.dependencies | Using token from Authorization header
2025-12-02 12:33:29 | DEBUG | app.core.dependencies | Resolving current user for request
2025-12-02 12:33:29 | DEBUG | app.core.dependencies | Current user resolved
2025-12-02 12:33:29 | INFO | uvicorn.access | 127.0.0.1:62761 - "GET /api/notifications/count HTTP/1.1" 200
2025-12-02 12:33:29 | DEBUG | app.db.session | Database session committed
2025-12-02 12:33:29 | DEBUG | app.db.session | Database session closed
2025-12-02 12:34:29 | DEBUG | app.middleware.tenant | Detecting studio from host: localhost
2025-12-02 12:34:29 | INFO | app.middleware.tenant | 🔧 Development mode: Using 'demo' studio for localhost
2025-12-02 12:34:29 | INFO | app.middleware.tenant | ✅ Found demo studio for localhost: Demo Photography Studio
2025-12-02 12:34:29 | DEBUG | app.middleware.tenant | 📍 Request for studio: Demo Photography Studio (24cf1e21-d52c-4808-bb8a-bd382f52865b)
2025-12-02 12:34:29 | DEBUG | app.db.session | Database session opened
2025-12-02 12:34:29 | INFO | app.core.dependencies | Auth check - Cookie: False, Header: True
2025-12-02 12:34:29 | INFO | app.core.dependencies | Using token from Authorization header
2025-12-02 12:34:29 | DEBUG | app.core.dependencies | Resolving current user for request
2025-12-02 12:34:29 | DEBUG | app.core.dependencies | Current user resolved
2025-12-02 12:34:29 | INFO | uvicorn.access | 127.0.0.1:62858 - "GET /api/notifications/count HTTP/1.1" 200
2025-12-02 12:34:29 | DEBUG | app.db.session | Database session committed
2025-12-02 12:34:29 | DEBUG | app.db.session | Database session closed
2025-12-02 12:35:29 | DEBUG | app.middleware.tenant | Detecting studio from host: localhost
2025-12-02 12:35:29 | INFO | app.middleware.tenant | 🔧 Development mode: Using 'demo' studio for localhost
2025-12-02 12:35:29 | INFO | app.middleware.tenant | ✅ Found demo studio for localhost: Demo Photography Studio
2025-12-02 12:35:29 | DEBUG | app.middleware.tenant | 📍 Request for studio: Demo Photography Studio (24cf1e21-d52c-4808-bb8a-bd382f52865b)
2025-12-02 12:35:29 | DEBUG | app.db.session | Database session opened
2025-12-02 12:35:29 | INFO | app.core.dependencies | Auth check - Cookie: False, Header: True
2025-12-02 12:35:29 | INFO | app.core.dependencies | Using token from Authorization header
2025-12-02 12:35:29 | DEBUG | app.core.dependencies | Resolving current user for request
2025-12-02 12:35:29 | DEBUG | app.core.dependencies | Current user resolved
2025-12-02 12:35:29 | INFO | uvicorn.access | 127.0.0.1:62970 - "GET /api/notifications/count HTTP/1.1" 200
2025-12-02 12:35:29 | DEBUG | app.db.session | Database session committed
2025-12-02 12:35:29 | DEBUG | app.db.session | Database session closed
2025-12-02 12:36:29 | DEBUG | app.middleware.tenant | Detecting studio from host: localhost
2025-12-02 12:36:29 | INFO | app.middleware.tenant | 🔧 Development mode: Using 'demo' studio for localhost
2025-12-02 12:36:29 | INFO | app.middleware.tenant | ✅ Found demo studio for localhost: Demo Photography Studio
2025-12-02 12:36:29 | DEBUG | app.middleware.tenant | 📍 Request for studio: Demo Photography Studio (24cf1e21-d52c-4808-bb8a-bd382f52865b)
2025-12-02 12:36:29 | DEBUG | app.db.session | Database session opened
2025-12-02 12:36:29 | INFO | app.core.dependencies | Auth check - Cookie: False, Header: True
2025-12-02 12:36:29 | INFO | app.core.dependencies | Using token from Authorization header
2025-12-02 12:36:29 | DEBUG | app.core.dependencies | Resolving current user for request
2025-12-02 12:36:29 | DEBUG | app.core.dependencies | Current user resolved
2025-12-02 12:36:29 | INFO | uvicorn.access | 127.0.0.1:63067 - "GET /api/notifications/count HTTP/1.1" 200
2025-12-02 12:36:29 | DEBUG | app.db.session | Database session committed
2025-12-02 12:36:29 | DEBUG | app.db.session | Database session closed
2025-12-02 12:37:29 | DEBUG | app.middleware.tenant | Detecting studio from host: localhost
2025-12-02 12:37:29 | INFO | app.middleware.tenant | 🔧 Development mode: Using 'demo' studio for localhost
2025-12-02 12:37:29 | INFO | app.middleware.tenant | ✅ Found demo studio for localhost: Demo Photography Studio
2025-12-02 12:37:29 | DEBUG | app.middleware.tenant | 📍 Request for studio: Demo Photography Studio (24cf1e21-d52c-4808-bb8a-bd382f52865b)
2025-12-02 12:37:29 | DEBUG | app.db.session | Database session opened
2025-12-02 12:37:29 | INFO | app.core.dependencies | Auth check - Cookie: False, Header: True
2025-12-02 12:37:29 | INFO | app.core.dependencies | Using token from Authorization header
2025-12-02 12:37:29 | DEBUG | app.core.dependencies | Resolving current user for request
2025-12-02 12:37:29 | DEBUG | app.core.dependencies | Current user resolved
2025-12-02 12:37:29 | INFO | uvicorn.access | 127.0.0.1:63170 - "GET /api/notifications/count HTTP/1.1" 200
2025-12-02 12:37:29 | DEBUG | app.db.session | Database session committed
2025-12-02 12:37:29 | DEBUG | app.db.session | Database session closed
2025-12-02 12:38:29 | DEBUG | app.middleware.tenant | Detecting studio from host: localhost
2025-12-02 12:38:29 | INFO | app.middleware.tenant | 🔧 Development mode: Using 'demo' studio for localhost
2025-12-02 12:38:29 | INFO | app.middleware.tenant | ✅ Found demo studio for localhost: Demo Photography Studio
2025-12-02 12:38:29 | DEBUG | app.middleware.tenant | 📍 Request for studio: Demo Photography Studio (24cf1e21-d52c-4808-bb8a-bd382f52865b)
2025-12-02 12:38:29 | DEBUG | app.db.session | Database session opened
2025-12-02 12:38:29 | INFO | app.core.dependencies | Auth check - Cookie: False, Header: True
2025-12-02 12:38:29 | INFO | app.core.dependencies | Using token from Authorization header
2025-12-02 12:38:29 | DEBUG | app.core.dependencies | Resolving current user for request
2025-12-02 12:38:29 | DEBUG | app.core.dependencies | Current user resolved
2025-12-02 12:38:29 | INFO | uvicorn.access | 127.0.0.1:63271 - "GET /api/notifications/count HTTP/1.1" 200
2025-12-02 12:38:29 | DEBUG | app.db.session | Database session committed
2025-12-02 12:38:29 | DEBUG | app.db.session | Database session closed
2025-12-02 12:39:29 | DEBUG | app.middleware.tenant | Detecting studio from host: localhost
2025-12-02 12:39:29 | INFO | app.middleware.tenant | 🔧 Development mode: Using 'demo' studio for localhost
2025-12-02 12:39:29 | INFO | app.middleware.tenant | ✅ Found demo studio for localhost: Demo Photography Studio
2025-12-02 12:39:29 | DEBUG | app.middleware.tenant | 📍 Request for studio: Demo Photography Studio (24cf1e21-d52c-4808-bb8a-bd382f52865b)
2025-12-02 12:39:29 | DEBUG | app.db.session | Database session opened
2025-12-02 12:39:29 | INFO | app.core.dependencies | Auth check - Cookie: False, Header: True
2025-12-02 12:39:29 | INFO | app.core.dependencies | Using token from Authorization header
2025-12-02 12:39:29 | DEBUG | app.core.dependencies | Resolving current user for request
2025-12-02 12:39:29 | DEBUG | app.core.dependencies | Current user resolved
2025-12-02 12:39:29 | INFO | uvicorn.access | 127.0.0.1:63371 - "GET /api/notifications/count HTTP/1.1" 200
2025-12-02 12:39:29 | DEBUG | app.db.session | Database session committed
2025-12-02 12:39:29 | DEBUG | app.db.session | Database session closed
2025-12-02 12:40:29 | DEBUG | app.middleware.tenant | Detecting studio from host: localhost
2025-12-02 12:40:29 | INFO | app.middleware.tenant | 🔧 Development mode: Using 'demo' studio for localhost
2025-12-02 12:40:29 | INFO | app.middleware.tenant | ✅ Found demo studio for localhost: Demo Photography Studio
2025-12-02 12:40:29 | DEBUG | app.middleware.tenant | 📍 Request for studio: Demo Photography Studio (24cf1e21-d52c-4808-bb8a-bd382f52865b)
2025-12-02 12:40:29 | DEBUG | app.db.session | Database session opened
2025-12-02 12:40:29 | INFO | app.core.dependencies | Auth check - Cookie: False, Header: True
2025-12-02 12:40:29 | INFO | app.core.dependencies | Using token from Authorization header
2025-12-02 12:40:29 | DEBUG | app.core.dependencies | Resolving current user for request
2025-12-02 12:40:29 | DEBUG | app.core.dependencies | Current user resolved
2025-12-02 12:40:29 | INFO | uvicorn.access | 127.0.0.1:63469 - "GET /api/notifications/count HTTP/1.1" 200
2025-12-02 12:40:29 | DEBUG | app.db.session | Database session committed
2025-12-02 12:40:29 | DEBUG | app.db.session | Database session closed
2025-12-02 12:41:29 | DEBUG | app.middleware.tenant | Detecting studio from host: localhost
2025-12-02 12:41:29 | INFO | app.middleware.tenant | 🔧 Development mode: Using 'demo' studio for localhost
2025-12-02 12:41:29 | INFO | app.middleware.tenant | ✅ Found demo studio for localhost: Demo Photography Studio
2025-12-02 12:41:29 | DEBUG | app.middleware.tenant | 📍 Request for studio: Demo Photography Studio (24cf1e21-d52c-4808-bb8a-bd382f52865b)
2025-12-02 12:41:29 | DEBUG | app.db.session | Database session opened
2025-12-02 12:41:29 | INFO | app.core.dependencies | Auth check - Cookie: False, Header: True
2025-12-02 12:41:29 | INFO | app.core.dependencies | Using token from Authorization header
2025-12-02 12:41:29 | DEBUG | app.core.dependencies | Resolving current user for request
2025-12-02 12:41:29 | DEBUG | app.core.dependencies | Current user resolved
2025-12-02 12:41:29 | INFO | uvicorn.access | 127.0.0.1:63560 - "GET /api/notifications/count HTTP/1.1" 200
2025-12-02 12:41:29 | DEBUG | app.db.session | Database session committed
2025-12-02 12:41:29 | DEBUG | app.db.session | Database session closed
2025-12-02 12:42:29 | DEBUG | app.middleware.tenant | Detecting studio from host: localhost
2025-12-02 12:42:29 | INFO | app.middleware.tenant | 🔧 Development mode: Using 'demo' studio for localhost
2025-12-02 12:42:29 | INFO | app.middleware.tenant | ✅ Found demo studio for localhost: Demo Photography Studio
2025-12-02 12:42:29 | DEBUG | app.middleware.tenant | 📍 Request for studio: Demo Photography Studio (24cf1e21-d52c-4808-bb8a-bd382f52865b)
2025-12-02 12:42:29 | DEBUG | app.db.session | Database session opened
2025-12-02 12:42:29 | INFO | app.core.dependencies | Auth check - Cookie: False, Header: True
2025-12-02 12:42:29 | INFO | app.core.dependencies | Using token from Authorization header
2025-12-02 12:42:29 | DEBUG | app.core.dependencies | Resolving current user for request
2025-12-02 12:42:29 | DEBUG | app.core.dependencies | Current user resolved
2025-12-02 12:42:29 | INFO | uvicorn.access | 127.0.0.1:63655 - "GET /api/notifications/count HTTP/1.1" 200
2025-12-02 12:42:29 | DEBUG | app.db.session | Database session committed
2025-12-02 12:42:29 | DEBUG | app.db.session | Database session closed
2025-12-02 12:43:29 | DEBUG | app.middleware.tenant | Detecting studio from host: localhost
2025-12-02 12:43:29 | INFO | app.middleware.tenant | 🔧 Development mode: Using 'demo' studio for localhost
2025-12-02 12:43:29 | INFO | app.middleware.tenant | ✅ Found demo studio for localhost: Demo Photography Studio
2025-12-02 12:43:29 | DEBUG | app.middleware.tenant | 📍 Request for studio: Demo Photography Studio (24cf1e21-d52c-4808-bb8a-bd382f52865b)
2025-12-02 12:43:29 | DEBUG | app.db.session | Database session opened
2025-12-02 12:43:29 | INFO | app.core.dependencies | Auth check - Cookie: False, Header: True
2025-12-02 12:43:29 | INFO | app.core.dependencies | Using token from Authorization header
2025-12-02 12:43:29 | DEBUG | app.core.dependencies | Resolving current user for request
2025-12-02 12:43:29 | DEBUG | app.core.dependencies | Current user resolved
2025-12-02 12:43:29 | INFO | uvicorn.access | 127.0.0.1:63747 - "GET /api/notifications/count HTTP/1.1" 200
2025-12-02 12:43:29 | DEBUG | app.db.session | Database session committed
2025-12-02 12:43:29 | DEBUG | app.db.session | Database session closed
2025-12-02 12:44:29 | DEBUG | app.middleware.tenant | Detecting studio from host: localhost
2025-12-02 12:44:29 | INFO | app.middleware.tenant | 🔧 Development mode: Using 'demo' studio for localhost
2025-12-02 12:44:29 | INFO | app.middleware.tenant | ✅ Found demo studio for localhost: Demo Photography Studio
2025-12-02 12:44:29 | DEBUG | app.middleware.tenant | 📍 Request for studio: Demo Photography Studio (24cf1e21-d52c-4808-bb8a-bd382f52865b)
2025-12-02 12:44:29 | DEBUG | app.db.session | Database session opened
2025-12-02 12:44:29 | INFO | app.core.dependencies | Auth check - Cookie: False, Header: True
2025-12-02 12:44:29 | INFO | app.core.dependencies | Using token from Authorization header
2025-12-02 12:44:29 | DEBUG | app.core.dependencies | Resolving current user for request
2025-12-02 12:44:29 | DEBUG | app.core.dependencies | Current user resolved
2025-12-02 12:44:29 | INFO | uvicorn.access | 127.0.0.1:63839 - "GET /api/notifications/count HTTP/1.1" 200
2025-12-02 12:44:29 | DEBUG | app.db.session | Database session committed
2025-12-02 12:44:29 | DEBUG | app.db.session | Database session closed
2025-12-02 12:45:29 | DEBUG | app.middleware.tenant | Detecting studio from host: localhost
2025-12-02 12:45:29 | INFO | app.middleware.tenant | 🔧 Development mode: Using 'demo' studio for localhost
2025-12-02 12:45:29 | INFO | app.middleware.tenant | ✅ Found demo studio for localhost: Demo Photography Studio
2025-12-02 12:45:29 | DEBUG | app.middleware.tenant | 📍 Request for studio: Demo Photography Studio (24cf1e21-d52c-4808-bb8a-bd382f52865b)
2025-12-02 12:45:29 | DEBUG | app.db.session | Database session opened
2025-12-02 12:45:29 | INFO | app.core.dependencies | Auth check - Cookie: False, Header: True
2025-12-02 12:45:29 | INFO | app.core.dependencies | Using token from Authorization header
2025-12-02 12:45:29 | DEBUG | app.core.dependencies | Resolving current user for request
2025-12-02 12:45:29 | DEBUG | app.core.dependencies | Current user resolved
2025-12-02 12:45:29 | INFO | uvicorn.access | 127.0.0.1:63941 - "GET /api/notifications/count HTTP/1.1" 200
2025-12-02 12:45:29 | DEBUG | app.db.session | Database session committed
2025-12-02 12:45:29 | DEBUG | app.db.session | Database session closed
2025-12-02 12:46:29 | DEBUG | app.middleware.tenant | Detecting studio from host: localhost
2025-12-02 12:46:29 | INFO | app.middleware.tenant | 🔧 Development mode: Using 'demo' studio for localhost
2025-12-02 12:46:29 | INFO | app.middleware.tenant | ✅ Found demo studio for localhost: Demo Photography Studio
2025-12-02 12:46:29 | DEBUG | app.middleware.tenant | 📍 Request for studio: Demo Photography Studio (24cf1e21-d52c-4808-bb8a-bd382f52865b)
2025-12-02 12:46:29 | DEBUG | app.db.session | Database session opened
2025-12-02 12:46:29 | INFO | app.core.dependencies | Auth check - Cookie: False, Header: True
2025-12-02 12:46:29 | INFO | app.core.dependencies | Using token from Authorization header
2025-12-02 12:46:29 | DEBUG | app.core.dependencies | Resolving current user for request
2025-12-02 12:46:29 | DEBUG | app.core.dependencies | Current user resolved
2025-12-02 12:46:29 | INFO | uvicorn.access | 127.0.0.1:64045 - "GET /api/notifications/count HTTP/1.1" 200
2025-12-02 12:46:29 | DEBUG | app.db.session | Database session committed
2025-12-02 12:46:29 | DEBUG | app.db.session | Database session closed
2025-12-02 12:47:29 | DEBUG | app.middleware.tenant | Detecting studio from host: localhost
2025-12-02 12:47:29 | INFO | app.middleware.tenant | 🔧 Development mode: Using 'demo' studio for localhost
2025-12-02 12:47:29 | INFO | app.middleware.tenant | ✅ Found demo studio for localhost: Demo Photography Studio
2025-12-02 12:47:29 | DEBUG | app.middleware.tenant | 📍 Request for studio: Demo Photography Studio (24cf1e21-d52c-4808-bb8a-bd382f52865b)
2025-12-02 12:47:29 | DEBUG | app.db.session | Database session opened
2025-12-02 12:47:29 | INFO | app.core.dependencies | Auth check - Cookie: False, Header: True
2025-12-02 12:47:29 | INFO | app.core.dependencies | Using token from Authorization header
2025-12-02 12:47:29 | DEBUG | app.core.dependencies | Resolving current user for request
2025-12-02 12:47:29 | DEBUG | app.core.dependencies | Current user resolved
2025-12-02 12:47:29 | INFO | uvicorn.access | 127.0.0.1:64143 - "GET /api/notifications/count HTTP/1.1" 200
2025-12-02 12:47:29 | DEBUG | app.db.session | Database session committed
2025-12-02 12:47:29 | DEBUG | app.db.session | Database session closed
2025-12-02 12:48:29 | DEBUG | app.middleware.tenant | Detecting studio from host: localhost
2025-12-02 12:48:29 | INFO | app.middleware.tenant | 🔧 Development mode: Using 'demo' studio for localhost
2025-12-02 12:48:29 | INFO | app.middleware.tenant | ✅ Found demo studio for localhost: Demo Photography Studio
2025-12-02 12:48:29 | DEBUG | app.middleware.tenant | 📍 Request for studio: Demo Photography Studio (24cf1e21-d52c-4808-bb8a-bd382f52865b)
2025-12-02 12:48:29 | DEBUG | app.db.session | Database session opened
2025-12-02 12:48:29 | INFO | app.core.dependencies | Auth check - Cookie: False, Header: True
2025-12-02 12:48:29 | INFO | app.core.dependencies | Using token from Authorization header
2025-12-02 12:48:29 | DEBUG | app.core.dependencies | Resolving current user for request
2025-12-02 12:48:29 | DEBUG | app.core.dependencies | Current user resolved
2025-12-02 12:48:29 | INFO | uvicorn.access | 127.0.0.1:64230 - "GET /api/notifications/count HTTP/1.1" 200
2025-12-02 12:48:29 | DEBUG | app.db.session | Database session committed
2025-12-02 12:48:29 | DEBUG | app.db.session | Database session closed
2025-12-02 12:49:29 | DEBUG | app.middleware.tenant | Detecting studio from host: localhost
2025-12-02 12:49:29 | INFO | app.middleware.tenant | 🔧 Development mode: Using 'demo' studio for localhost
2025-12-02 12:49:29 | INFO | app.middleware.tenant | ✅ Found demo studio for localhost: Demo Photography Studio
2025-12-02 12:49:29 | DEBUG | app.middleware.tenant | 📍 Request for studio: Demo Photography Studio (24cf1e21-d52c-4808-bb8a-bd382f52865b)
2025-12-02 12:49:29 | DEBUG | app.db.session | Database session opened
2025-12-02 12:49:29 | INFO | app.core.dependencies | Auth check - Cookie: False, Header: True
2025-12-02 12:49:29 | INFO | app.core.dependencies | Using token from Authorization header
2025-12-02 12:49:29 | DEBUG | app.core.dependencies | Resolving current user for request
2025-12-02 12:49:29 | DEBUG | app.core.dependencies | Current user resolved
2025-12-02 12:49:29 | INFO | uvicorn.access | 127.0.0.1:64328 - "GET /api/notifications/count HTTP/1.1" 200
2025-12-02 12:49:29 | DEBUG | app.db.session | Database session committed
2025-12-02 12:49:29 | DEBUG | app.db.session | Database session closed
2025-12-02 12:50:30 | DEBUG | app.middleware.tenant | Detecting studio from host: localhost
2025-12-02 12:50:30 | INFO | app.middleware.tenant | 🔧 Development mode: Using 'demo' studio for localhost
2025-12-02 12:50:30 | INFO | app.middleware.tenant | ✅ Found demo studio for localhost: Demo Photography Studio
2025-12-02 12:50:30 | DEBUG | app.middleware.tenant | 📍 Request for studio: Demo Photography Studio (24cf1e21-d52c-4808-bb8a-bd382f52865b)
2025-12-02 12:50:30 | DEBUG | app.db.session | Database session opened
2025-12-02 12:50:30 | INFO | app.core.dependencies | Auth check - Cookie: False, Header: True
2025-12-02 12:50:30 | INFO | app.core.dependencies | Using token from Authorization header
2025-12-02 12:50:30 | DEBUG | app.core.dependencies | Resolving current user for request
2025-12-02 12:50:30 | DEBUG | app.core.dependencies | Current user resolved
2025-12-02 12:50:30 | INFO | uvicorn.access | 127.0.0.1:64425 - "GET /api/notifications/count HTTP/1.1" 200
2025-12-02 12:50:30 | DEBUG | app.db.session | Database session committed
2025-12-02 12:50:30 | DEBUG | app.db.session | Database session closed
2025-12-02 12:51:30 | DEBUG | app.middleware.tenant | Detecting studio from host: localhost
2025-12-02 12:51:30 | INFO | app.middleware.tenant | 🔧 Development mode: Using 'demo' studio for localhost
2025-12-02 12:51:30 | INFO | app.middleware.tenant | ✅ Found demo studio for localhost: Demo Photography Studio
2025-12-02 12:51:30 | DEBUG | app.middleware.tenant | 📍 Request for studio: Demo Photography Studio (24cf1e21-d52c-4808-bb8a-bd382f52865b)
2025-12-02 12:51:30 | DEBUG | app.db.session | Database session opened
2025-12-02 12:51:30 | INFO | app.core.dependencies | Auth check - Cookie: False, Header: True
2025-12-02 12:51:30 | INFO | app.core.dependencies | Using token from Authorization header
2025-12-02 12:51:30 | DEBUG | app.core.dependencies | Resolving current user for request
2025-12-02 12:51:30 | DEBUG | app.core.dependencies | Current user resolved
2025-12-02 12:51:30 | INFO | uvicorn.access | 127.0.0.1:64523 - "GET /api/notifications/count HTTP/1.1" 200
2025-12-02 12:51:30 | DEBUG | app.db.session | Database session committed
2025-12-02 12:51:30 | DEBUG | app.db.session | Database session closed
2025-12-02 12:52:30 | DEBUG | app.middleware.tenant | Detecting studio from host: localhost
2025-12-02 12:52:30 | INFO | app.middleware.tenant | 🔧 Development mode: Using 'demo' studio for localhost
2025-12-02 12:52:30 | INFO | app.middleware.tenant | ✅ Found demo studio for localhost: Demo Photography Studio
2025-12-02 12:52:30 | DEBUG | app.middleware.tenant | 📍 Request for studio: Demo Photography Studio (24cf1e21-d52c-4808-bb8a-bd382f52865b)
2025-12-02 12:52:30 | DEBUG | app.db.session | Database session opened
2025-12-02 12:52:30 | INFO | app.core.dependencies | Auth check - Cookie: False, Header: True
2025-12-02 12:52:30 | INFO | app.core.dependencies | Using token from Authorization header
2025-12-02 12:52:30 | DEBUG | app.core.dependencies | Resolving current user for request
2025-12-02 12:52:30 | DEBUG | app.core.dependencies | Current user resolved
2025-12-02 12:52:30 | INFO | uvicorn.access | 127.0.0.1:64616 - "GET /api/notifications/count HTTP/1.1" 200
2025-12-02 12:52:30 | DEBUG | app.db.session | Database session committed
2025-12-02 12:52:30 | DEBUG | app.db.session | Database session closed
2025-12-02 12:53:30 | DEBUG | app.middleware.tenant | Detecting studio from host: localhost
2025-12-02 12:53:30 | INFO | app.middleware.tenant | 🔧 Development mode: Using 'demo' studio for localhost
2025-12-02 12:53:30 | INFO | app.middleware.tenant | ✅ Found demo studio for localhost: Demo Photography Studio
2025-12-02 12:53:30 | DEBUG | app.middleware.tenant | 📍 Request for studio: Demo Photography Studio (24cf1e21-d52c-4808-bb8a-bd382f52865b)
2025-12-02 12:53:30 | DEBUG | app.db.session | Database session opened
2025-12-02 12:53:30 | INFO | app.core.dependencies | Auth check - Cookie: False, Header: True
2025-12-02 12:53:30 | INFO | app.core.dependencies | Using token from Authorization header
2025-12-02 12:53:30 | DEBUG | app.core.dependencies | Resolving current user for request
2025-12-02 12:53:30 | DEBUG | app.core.dependencies | Current user resolved
2025-12-02 12:53:30 | INFO | uvicorn.access | 127.0.0.1:64772 - "GET /api/notifications/count HTTP/1.1" 200
2025-12-02 12:53:30 | DEBUG | app.db.session | Database session committed
2025-12-02 12:53:30 | DEBUG | app.db.session | Database session closed
2025-12-02 12:54:30 | DEBUG | app.middleware.tenant | Detecting studio from host: localhost
2025-12-02 12:54:30 | INFO | app.middleware.tenant | 🔧 Development mode: Using 'demo' studio for localhost
2025-12-02 12:54:30 | INFO | app.middleware.tenant | ✅ Found demo studio for localhost: Demo Photography Studio
2025-12-02 12:54:30 | DEBUG | app.middleware.tenant | 📍 Request for studio: Demo Photography Studio (24cf1e21-d52c-4808-bb8a-bd382f52865b)
2025-12-02 12:54:30 | DEBUG | app.db.session | Database session opened
2025-12-02 12:54:30 | INFO | app.core.dependencies | Auth check - Cookie: False, Header: True
2025-12-02 12:54:30 | INFO | app.core.dependencies | Using token from Authorization header
2025-12-02 12:54:30 | DEBUG | app.core.dependencies | Resolving current user for request
2025-12-02 12:54:30 | DEBUG | app.core.dependencies | Current user resolved
2025-12-02 12:54:30 | INFO | uvicorn.access | 127.0.0.1:64860 - "GET /api/notifications/count HTTP/1.1" 200
2025-12-02 12:54:30 | DEBUG | app.db.session | Database session committed
2025-12-02 12:54:30 | DEBUG | app.db.session | Database session closed
2025-12-02 12:55:30 | DEBUG | app.middleware.tenant | Detecting studio from host: localhost
2025-12-02 12:55:30 | INFO | app.middleware.tenant | 🔧 Development mode: Using 'demo' studio for localhost
2025-12-02 12:55:30 | INFO | app.middleware.tenant | ✅ Found demo studio for localhost: Demo Photography Studio
2025-12-02 12:55:30 | DEBUG | app.middleware.tenant | 📍 Request for studio: Demo Photography Studio (24cf1e21-d52c-4808-bb8a-bd382f52865b)
2025-12-02 12:55:30 | DEBUG | app.db.session | Database session opened
2025-12-02 12:55:30 | INFO | app.core.dependencies | Auth check - Cookie: False, Header: True
2025-12-02 12:55:30 | INFO | app.core.dependencies | Using token from Authorization header
2025-12-02 12:55:30 | DEBUG | app.core.dependencies | Resolving current user for request
2025-12-02 12:55:30 | DEBUG | app.core.dependencies | Current user resolved
2025-12-02 12:55:30 | INFO | uvicorn.access | 127.0.0.1:64952 - "GET /api/notifications/count HTTP/1.1" 200
2025-12-02 12:55:30 | DEBUG | app.db.session | Database session committed
2025-12-02 12:55:30 | DEBUG | app.db.session | Database session closed
2025-12-02 12:56:30 | DEBUG | app.middleware.tenant | Detecting studio from host: localhost
2025-12-02 12:56:30 | INFO | app.middleware.tenant | 🔧 Development mode: Using 'demo' studio for localhost
2025-12-02 12:56:30 | INFO | app.middleware.tenant | ✅ Found demo studio for localhost: Demo Photography Studio
2025-12-02 12:56:30 | DEBUG | app.middleware.tenant | 📍 Request for studio: Demo Photography Studio (24cf1e21-d52c-4808-bb8a-bd382f52865b)
2025-12-02 12:56:30 | DEBUG | app.db.session | Database session opened
2025-12-02 12:56:30 | INFO | app.core.dependencies | Auth check - Cookie: False, Header: True
2025-12-02 12:56:30 | INFO | app.core.dependencies | Using token from Authorization header
2025-12-02 12:56:30 | DEBUG | app.core.dependencies | Resolving current user for request
2025-12-02 12:56:30 | DEBUG | app.core.dependencies | Current user resolved
2025-12-02 12:56:30 | INFO | uvicorn.access | 127.0.0.1:65046 - "GET /api/notifications/count HTTP/1.1" 200
2025-12-02 12:56:30 | DEBUG | app.db.session | Database session committed
2025-12-02 12:56:30 | DEBUG | app.db.session | Database session closed
2025-12-02 12:57:30 | DEBUG | app.middleware.tenant | Detecting studio from host: localhost
2025-12-02 12:57:30 | INFO | app.middleware.tenant | 🔧 Development mode: Using 'demo' studio for localhost
2025-12-02 12:57:30 | INFO | app.middleware.tenant | ✅ Found demo studio for localhost: Demo Photography Studio
2025-12-02 12:57:30 | DEBUG | app.middleware.tenant | 📍 Request for studio: Demo Photography Studio (24cf1e21-d52c-4808-bb8a-bd382f52865b)
2025-12-02 12:57:30 | DEBUG | app.db.session | Database session opened
2025-12-02 12:57:30 | INFO | app.core.dependencies | Auth check - Cookie: False, Header: True
2025-12-02 12:57:30 | INFO | app.core.dependencies | Using token from Authorization header
2025-12-02 12:57:30 | DEBUG | app.core.dependencies | Resolving current user for request
2025-12-02 12:57:30 | DEBUG | app.core.dependencies | Current user resolved
2025-12-02 12:57:30 | INFO | uvicorn.access | 127.0.0.1:65157 - "GET /api/notifications/count HTTP/1.1" 200
2025-12-02 12:57:30 | DEBUG | app.db.session | Database session committed
2025-12-02 12:57:30 | DEBUG | app.db.session | Database session closed
2025-12-02 12:58:30 | DEBUG | app.middleware.tenant | Detecting studio from host: localhost
2025-12-02 12:58:30 | INFO | app.middleware.tenant | 🔧 Development mode: Using 'demo' studio for localhost
2025-12-02 12:58:30 | INFO | app.middleware.tenant | ✅ Found demo studio for localhost: Demo Photography Studio
2025-12-02 12:58:30 | DEBUG | app.middleware.tenant | 📍 Request for studio: Demo Photography Studio (24cf1e21-d52c-4808-bb8a-bd382f52865b)
2025-12-02 12:58:30 | DEBUG | app.db.session | Database session opened
2025-12-02 12:58:30 | INFO | app.core.dependencies | Auth check - Cookie: False, Header: True
2025-12-02 12:58:30 | INFO | app.core.dependencies | Using token from Authorization header
2025-12-02 12:58:30 | DEBUG | app.core.dependencies | Resolving current user for request
2025-12-02 12:58:30 | DEBUG | app.core.dependencies | Current user resolved
2025-12-02 12:58:30 | INFO | uvicorn.access | 127.0.0.1:65257 - "GET /api/notifications/count HTTP/1.1" 200
2025-12-02 12:58:30 | DEBUG | app.db.session | Database session committed
2025-12-02 12:58:30 | DEBUG | app.db.session | Database session closed
2025-12-02 12:59:30 | DEBUG | app.middleware.tenant | Detecting studio from host: localhost
2025-12-02 12:59:30 | INFO | app.middleware.tenant | 🔧 Development mode: Using 'demo' studio for localhost
2025-12-02 12:59:30 | INFO | app.middleware.tenant | ✅ Found demo studio for localhost: Demo Photography Studio
2025-12-02 12:59:30 | DEBUG | app.middleware.tenant | 📍 Request for studio: Demo Photography Studio (24cf1e21-d52c-4808-bb8a-bd382f52865b)
2025-12-02 12:59:30 | DEBUG | app.db.session | Database session opened
2025-12-02 12:59:30 | INFO | app.core.dependencies | Auth check - Cookie: False, Header: True
2025-12-02 12:59:30 | INFO | app.core.dependencies | Using token from Authorization header
2025-12-02 12:59:30 | DEBUG | app.core.dependencies | Resolving current user for request
2025-12-02 12:59:30 | DEBUG | app.core.dependencies | Current user resolved
2025-12-02 12:59:30 | INFO | uvicorn.access | 127.0.0.1:65360 - "GET /api/notifications/count HTTP/1.1" 200
2025-12-02 12:59:30 | DEBUG | app.db.session | Database session committed
2025-12-02 12:59:30 | DEBUG | app.db.session | Database session closed
2025-12-02 13:00:24 | DEBUG | app.middleware.tenant | Detecting studio from host: localhost
2025-12-02 13:00:24 | INFO | app.middleware.tenant | 🔧 Development mode: Using 'demo' studio for localhost
2025-12-02 13:00:24 | INFO | app.middleware.tenant | ✅ Found demo studio for localhost: Demo Photography Studio
2025-12-02 13:00:24 | DEBUG | app.middleware.tenant | 📍 Request for studio: Demo Photography Studio (24cf1e21-d52c-4808-bb8a-bd382f52865b)
2025-12-02 13:00:24 | DEBUG | app.db.session | Database session opened
2025-12-02 13:00:24 | INFO | app.core.dependencies | Auth check - Cookie: False, Header: True
2025-12-02 13:00:24 | INFO | app.core.dependencies | Using token from Authorization header
2025-12-02 13:00:24 | DEBUG | app.core.dependencies | Resolving current user for request
2025-12-02 13:00:24 | DEBUG | app.core.dependencies | Current user resolved
2025-12-02 13:00:24 | INFO | uvicorn.access | 127.0.0.1:65449 - "GET /api/notifications/count HTTP/1.1" 200
2025-12-02 13:00:24 | DEBUG | app.db.session | Database session committed
2025-12-02 13:00:24 | DEBUG | app.db.session | Database session closed
2025-12-02 13:00:24 | DEBUG | app.middleware.tenant | Detecting studio from host: localhost
2025-12-02 13:00:24 | INFO | app.middleware.tenant | 🔧 Development mode: Using 'demo' studio for localhost
2025-12-02 13:00:24 | INFO | app.middleware.tenant | ✅ Found demo studio for localhost: Demo Photography Studio
2025-12-02 13:00:24 | DEBUG | app.middleware.tenant | 📍 Request for studio: Demo Photography Studio (24cf1e21-d52c-4808-bb8a-bd382f52865b)
2025-12-02 13:00:24 | DEBUG | app.db.session | Database session opened
2025-12-02 13:00:24 | DEBUG | app.api.deps | Optional studio resolved: Demo Photography Studio (24cf1e21-d52c-4808-bb8a-bd382f52865b)
2025-12-02 13:00:24 | DEBUG | app.services.cache_service | Cache EXPIRED: studio:theme:24cf1e21-d52c-4808-bb8a-bd382f52865b
2025-12-02 13:00:24 | DEBUG | app.services.cache_service | Cache MISS: studio:theme:24cf1e21-d52c-4808-bb8a-bd382f52865b
2025-12-02 13:00:24 | DEBUG | app.services.cache_service | Cache SET: studio:theme:24cf1e21-d52c-4808-bb8a-bd382f52865b (TTL: 1800s)
2025-12-02 13:00:24 | INFO | uvicorn.access | 127.0.0.1:65451 - "GET /api/studio/current HTTP/1.1" 200
2025-12-02 13:00:24 | DEBUG | app.db.session | Database session committed
2025-12-02 13:00:24 | DEBUG | app.db.session | Database session closed
2025-12-02 13:00:35 | DEBUG | app.middleware.tenant | Detecting studio from host: localhost
2025-12-02 13:00:35 | INFO | app.middleware.tenant | 🔧 Development mode: Using 'demo' studio for localhost
2025-12-02 13:00:35 | INFO | app.middleware.tenant | ✅ Found demo studio for localhost: Demo Photography Studio
2025-12-02 13:00:35 | DEBUG | app.middleware.tenant | 📍 Request for studio: Demo Photography Studio (24cf1e21-d52c-4808-bb8a-bd382f52865b)
2025-12-02 13:00:35 | DEBUG | app.db.session | Database session opened
2025-12-02 13:00:35 | INFO | app.core.dependencies | Auth check - Cookie: False, Header: True
2025-12-02 13:00:35 | INFO | app.core.dependencies | Using token from Authorization header
2025-12-02 13:00:35 | DEBUG | app.core.dependencies | Resolving current user for request
2025-12-02 13:00:35 | DEBUG | app.core.dependencies | Current user resolved
2025-12-02 13:00:35 | INFO | uvicorn.access | 127.0.0.1:65471 - "GET /api/notifications/count HTTP/1.1" 200
2025-12-02 13:00:35 | DEBUG | app.db.session | Database session committed
2025-12-02 13:00:35 | DEBUG | app.db.session | Database session closed
2025-12-02 13:02:30 | DEBUG | app.middleware.tenant | Detecting studio from host: localhost
2025-12-02 13:02:30 | INFO | app.middleware.tenant | 🔧 Development mode: Using 'demo' studio for localhost
2025-12-02 13:02:30 | INFO | app.middleware.tenant | ✅ Found demo studio for localhost: Demo Photography Studio
2025-12-02 13:02:30 | DEBUG | app.middleware.tenant | 📍 Request for studio: Demo Photography Studio (24cf1e21-d52c-4808-bb8a-bd382f52865b)
2025-12-02 13:02:30 | DEBUG | app.db.session | Database session opened
2025-12-02 13:02:30 | INFO | app.core.dependencies | Auth check - Cookie: False, Header: True
2025-12-02 13:02:30 | INFO | app.core.dependencies | Using token from Authorization header
2025-12-02 13:02:30 | DEBUG | app.core.dependencies | Resolving current user for request
2025-12-02 13:02:30 | DEBUG | app.core.dependencies | Current user resolved
2025-12-02 13:02:30 | INFO | uvicorn.access | 127.0.0.1:49269 - "GET /api/notifications/count HTTP/1.1" 200
2025-12-02 13:02:30 | DEBUG | app.db.session | Database session committed
2025-12-02 13:02:30 | DEBUG | app.db.session | Database session closed
2025-12-02 13:03:29 | DEBUG | app.middleware.tenant | Detecting studio from host: localhost
2025-12-02 13:03:29 | INFO | app.middleware.tenant | 🔧 Development mode: Using 'demo' studio for localhost
2025-12-02 13:03:29 | INFO | app.middleware.tenant | ✅ Found demo studio for localhost: Demo Photography Studio
2025-12-02 13:03:29 | DEBUG | app.middleware.tenant | 📍 Request for studio: Demo Photography Studio (24cf1e21-d52c-4808-bb8a-bd382f52865b)
2025-12-02 13:03:29 | DEBUG | app.db.session | Database session opened
2025-12-02 13:03:29 | INFO | app.core.dependencies | Auth check - Cookie: False, Header: True
2025-12-02 13:03:29 | INFO | app.core.dependencies | Using token from Authorization header
2025-12-02 13:03:29 | DEBUG | app.core.dependencies | Resolving current user for request
2025-12-02 13:03:29 | DEBUG | app.core.dependencies | Current user resolved
2025-12-02 13:03:30 | INFO | uvicorn.access | 127.0.0.1:49357 - "GET /api/notifications/count HTTP/1.1" 200
2025-12-02 13:03:30 | DEBUG | app.db.session | Database session committed
2025-12-02 13:03:30 | DEBUG | app.db.session | Database session closed
2025-12-02 13:04:29 | DEBUG | app.middleware.tenant | Detecting studio from host: localhost
2025-12-02 13:04:29 | INFO | app.middleware.tenant | 🔧 Development mode: Using 'demo' studio for localhost
2025-12-02 13:04:29 | INFO | app.middleware.tenant | ✅ Found demo studio for localhost: Demo Photography Studio
2025-12-02 13:04:29 | DEBUG | app.middleware.tenant | 📍 Request for studio: Demo Photography Studio (24cf1e21-d52c-4808-bb8a-bd382f52865b)
2025-12-02 13:04:29 | DEBUG | app.db.session | Database session opened
2025-12-02 13:04:29 | INFO | app.core.dependencies | Auth check - Cookie: False, Header: True
2025-12-02 13:04:29 | INFO | app.core.dependencies | Using token from Authorization header
2025-12-02 13:04:29 | DEBUG | app.core.dependencies | Resolving current user for request
2025-12-02 13:04:29 | DEBUG | app.core.dependencies | Current user resolved
2025-12-02 13:04:29 | INFO | uvicorn.access | 127.0.0.1:49447 - "GET /api/notifications/count HTTP/1.1" 200
2025-12-02 13:04:29 | DEBUG | app.db.session | Database session committed
2025-12-02 13:04:29 | DEBUG | app.db.session | Database session closed
2025-12-02 13:05:29 | DEBUG | app.middleware.tenant | Detecting studio from host: localhost
2025-12-02 13:05:29 | INFO | app.middleware.tenant | 🔧 Development mode: Using 'demo' studio for localhost
2025-12-02 13:05:29 | INFO | app.middleware.tenant | ✅ Found demo studio for localhost: Demo Photography Studio
2025-12-02 13:05:29 | DEBUG | app.middleware.tenant | 📍 Request for studio: Demo Photography Studio (24cf1e21-d52c-4808-bb8a-bd382f52865b)
2025-12-02 13:05:29 | DEBUG | app.db.session | Database session opened
2025-12-02 13:05:29 | INFO | app.core.dependencies | Auth check - Cookie: False, Header: True
2025-12-02 13:05:29 | INFO | app.core.dependencies | Using token from Authorization header
2025-12-02 13:05:29 | DEBUG | app.core.dependencies | Resolving current user for request
2025-12-02 13:05:29 | DEBUG | app.core.dependencies | Current user resolved
2025-12-02 13:05:29 | INFO | uvicorn.access | 127.0.0.1:49536 - "GET /api/notifications/count HTTP/1.1" 200
2025-12-02 13:05:29 | DEBUG | app.db.session | Database session committed
2025-12-02 13:05:29 | DEBUG | app.db.session | Database session closed
2025-12-02 13:06:30 | DEBUG | app.middleware.tenant | Detecting studio from host: localhost
2025-12-02 13:06:30 | INFO | app.middleware.tenant | 🔧 Development mode: Using 'demo' studio for localhost
2025-12-02 13:06:30 | INFO | app.middleware.tenant | ✅ Found demo studio for localhost: Demo Photography Studio
2025-12-02 13:06:30 | DEBUG | app.middleware.tenant | 📍 Request for studio: Demo Photography Studio (24cf1e21-d52c-4808-bb8a-bd382f52865b)
2025-12-02 13:06:30 | DEBUG | app.db.session | Database session opened
2025-12-02 13:06:30 | INFO | app.core.dependencies | Auth check - Cookie: False, Header: True
2025-12-02 13:06:30 | INFO | app.core.dependencies | Using token from Authorization header
2025-12-02 13:06:30 | DEBUG | app.core.dependencies | Resolving current user for request
2025-12-02 13:06:30 | DEBUG | app.core.dependencies | Current user resolved
2025-12-02 13:06:30 | INFO | uvicorn.access | 127.0.0.1:49630 - "GET /api/notifications/count HTTP/1.1" 200
2025-12-02 13:06:30 | DEBUG | app.db.session | Database session committed
2025-12-02 13:06:30 | DEBUG | app.db.session | Database session closed
2025-12-02 13:07:30 | DEBUG | app.middleware.tenant | Detecting studio from host: localhost
2025-12-02 13:07:30 | INFO | app.middleware.tenant | 🔧 Development mode: Using 'demo' studio for localhost
2025-12-02 13:07:30 | INFO | app.middleware.tenant | ✅ Found demo studio for localhost: Demo Photography Studio
2025-12-02 13:07:30 | DEBUG | app.middleware.tenant | 📍 Request for studio: Demo Photography Studio (24cf1e21-d52c-4808-bb8a-bd382f52865b)
2025-12-02 13:07:30 | DEBUG | app.db.session | Database session opened
2025-12-02 13:07:30 | INFO | app.core.dependencies | Auth check - Cookie: False, Header: True
2025-12-02 13:07:30 | INFO | app.core.dependencies | Using token from Authorization header
2025-12-02 13:07:30 | DEBUG | app.core.dependencies | Resolving current user for request
2025-12-02 13:07:30 | DEBUG | app.core.dependencies | Current user resolved
2025-12-02 13:07:30 | INFO | uvicorn.access | 127.0.0.1:49705 - "GET /api/notifications/count HTTP/1.1" 200
2025-12-02 13:07:30 | DEBUG | app.db.session | Database session committed
2025-12-02 13:07:30 | DEBUG | app.db.session | Database session closed
2025-12-02 13:08:30 | DEBUG | app.middleware.tenant | Detecting studio from host: localhost
2025-12-02 13:08:30 | INFO | app.middleware.tenant | 🔧 Development mode: Using 'demo' studio for localhost
2025-12-02 13:08:30 | INFO | app.middleware.tenant | ✅ Found demo studio for localhost: Demo Photography Studio
2025-12-02 13:08:30 | DEBUG | app.middleware.tenant | 📍 Request for studio: Demo Photography Studio (24cf1e21-d52c-4808-bb8a-bd382f52865b)
2025-12-02 13:08:30 | DEBUG | app.db.session | Database session opened
2025-12-02 13:08:30 | INFO | app.core.dependencies | Auth check - Cookie: False, Header: True
2025-12-02 13:08:30 | INFO | app.core.dependencies | Using token from Authorization header
2025-12-02 13:08:30 | DEBUG | app.core.dependencies | Resolving current user for request
2025-12-02 13:08:30 | DEBUG | app.core.dependencies | Current user resolved
2025-12-02 13:08:30 | INFO | uvicorn.access | 127.0.0.1:49775 - "GET /api/notifications/count HTTP/1.1" 200
2025-12-02 13:08:30 | DEBUG | app.db.session | Database session committed
2025-12-02 13:08:30 | DEBUG | app.db.session | Database session closed
2025-12-02 13:09:30 | DEBUG | app.middleware.tenant | Detecting studio from host: localhost
2025-12-02 13:09:30 | INFO | app.middleware.tenant | 🔧 Development mode: Using 'demo' studio for localhost
2025-12-02 13:09:30 | INFO | app.middleware.tenant | ✅ Found demo studio for localhost: Demo Photography Studio
2025-12-02 13:09:30 | DEBUG | app.middleware.tenant | 📍 Request for studio: Demo Photography Studio (24cf1e21-d52c-4808-bb8a-bd382f52865b)
2025-12-02 13:09:30 | DEBUG | app.db.session | Database session opened
2025-12-02 13:09:30 | INFO | app.core.dependencies | Auth check - Cookie: False, Header: True
2025-12-02 13:09:30 | INFO | app.core.dependencies | Using token from Authorization header
2025-12-02 13:09:30 | DEBUG | app.core.dependencies | Resolving current user for request
2025-12-02 13:09:30 | DEBUG | app.core.dependencies | Current user resolved
2025-12-02 13:09:30 | INFO | uvicorn.access | 127.0.0.1:49849 - "GET /api/notifications/count HTTP/1.1" 200
2025-12-02 13:09:30 | DEBUG | app.db.session | Database session committed
2025-12-02 13:09:30 | DEBUG | app.db.session | Database session closed
2025-12-02 13:10:30 | DEBUG | app.middleware.tenant | Detecting studio from host: localhost
2025-12-02 13:10:30 | INFO | app.middleware.tenant | 🔧 Development mode: Using 'demo' studio for localhost
2025-12-02 13:10:30 | INFO | app.middleware.tenant | ✅ Found demo studio for localhost: Demo Photography Studio
2025-12-02 13:10:30 | DEBUG | app.middleware.tenant | 📍 Request for studio: Demo Photography Studio (24cf1e21-d52c-4808-bb8a-bd382f52865b)
2025-12-02 13:10:30 | DEBUG | app.db.session | Database session opened
2025-12-02 13:10:30 | INFO | app.core.dependencies | Auth check - Cookie: False, Header: True
2025-12-02 13:10:30 | INFO | app.core.dependencies | Using token from Authorization header
2025-12-02 13:10:30 | DEBUG | app.core.dependencies | Resolving current user for request
2025-12-02 13:10:30 | DEBUG | app.core.dependencies | Current user resolved
2025-12-02 13:10:30 | INFO | uvicorn.access | 127.0.0.1:49914 - "GET /api/notifications/count HTTP/1.1" 200
2025-12-02 13:10:30 | DEBUG | app.db.session | Database session committed
2025-12-02 13:10:30 | DEBUG | app.db.session | Database session closed
2025-12-02 13:11:30 | DEBUG | app.middleware.tenant | Skipping tenant detection for path: /api/auth/me
2025-12-02 13:11:30 | DEBUG | app.middleware.tenant | Detecting studio from host: localhost
2025-12-02 13:11:30 | DEBUG | app.db.session | Database session opened
2025-12-02 13:11:30 | INFO | app.middleware.tenant | 🔧 Development mode: Using 'demo' studio for localhost
2025-12-02 13:11:30 | INFO | app.middleware.tenant | ✅ Found demo studio for localhost: Demo Photography Studio
2025-12-02 13:11:30 | DEBUG | app.middleware.tenant | 📍 Request for studio: Demo Photography Studio (24cf1e21-d52c-4808-bb8a-bd382f52865b)
2025-12-02 13:11:30 | DEBUG | app.db.session | Database session opened
2025-12-02 13:11:30 | INFO | app.core.dependencies | Auth check - Cookie: False, Header: True
2025-12-02 13:11:30 | DEBUG | app.api.deps | Optional studio resolved: Demo Photography Studio (24cf1e21-d52c-4808-bb8a-bd382f52865b)
2025-12-02 13:11:30 | INFO | app.core.dependencies | Using token from Authorization header
2025-12-02 13:11:30 | DEBUG | app.services.cache_service | Cache HIT: studio:theme:24cf1e21-d52c-4808-bb8a-bd382f52865b
2025-12-02 13:11:30 | DEBUG | app.core.dependencies | Resolving current user for request
2025-12-02 13:11:30 | INFO | uvicorn.access | 127.0.0.1:49993 - "GET /api/studio/current HTTP/1.1" 200
2025-12-02 13:11:30 | DEBUG | app.db.session | Database session committed
2025-12-02 13:11:30 | DEBUG | app.db.session | Database session closed
2025-12-02 13:11:30 | DEBUG | app.middleware.tenant | Detecting studio from host: localhost
2025-12-02 13:11:30 | INFO | app.middleware.tenant | 🔧 Development mode: Using 'demo' studio for localhost
2025-12-02 13:11:30 | DEBUG | app.core.dependencies | Current user resolved
2025-12-02 13:11:30 | INFO | app.middleware.tenant | ✅ Found demo studio for localhost: Demo Photography Studio
2025-12-02 13:11:30 | DEBUG | app.middleware.tenant | 📍 Request for studio: Demo Photography Studio (24cf1e21-d52c-4808-bb8a-bd382f52865b)
2025-12-02 13:11:30 | DEBUG | app.db.session | Database session opened
2025-12-02 13:11:30 | DEBUG | app.api.deps | Optional studio resolved: Demo Photography Studio (24cf1e21-d52c-4808-bb8a-bd382f52865b)
2025-12-02 13:11:30 | DEBUG | app.services.cache_service | Cache HIT: studio:theme:24cf1e21-d52c-4808-bb8a-bd382f52865b
2025-12-02 13:11:30 | INFO | uvicorn.access | 127.0.0.1:49995 - "GET /api/studio/current HTTP/1.1" 200
2025-12-02 13:11:30 | DEBUG | app.db.session | Database session committed
2025-12-02 13:11:30 | DEBUG | app.db.session | Database session closed
2025-12-02 13:11:30 | INFO | uvicorn.access | 127.0.0.1:49991 - "GET /api/auth/me HTTP/1.1" 200
2025-12-02 13:11:30 | DEBUG | app.db.session | Database session committed
2025-12-02 13:11:30 | DEBUG | app.middleware.tenant | Skipping tenant detection for path: /api/auth/me
2025-12-02 13:11:30 | DEBUG | app.db.session | Database session closed
2025-12-02 13:11:30 | DEBUG | app.db.session | Database session opened
2025-12-02 13:11:30 | INFO | app.core.dependencies | Auth check - Cookie: False, Header: True
2025-12-02 13:11:30 | INFO | app.core.dependencies | Using token from Authorization header
2025-12-02 13:11:30 | DEBUG | app.core.dependencies | Resolving current user for request
2025-12-02 13:11:30 | DEBUG | app.core.dependencies | Current user resolved
2025-12-02 13:11:30 | INFO | uvicorn.access | 127.0.0.1:49991 - "GET /api/auth/me HTTP/1.1" 200
2025-12-02 13:11:30 | DEBUG | app.db.session | Database session committed
2025-12-02 13:11:30 | DEBUG | app.db.session | Database session closed
2025-12-02 13:11:30 | DEBUG | app.middleware.tenant | Detecting studio from host: localhost
2025-12-02 13:11:30 | INFO | app.middleware.tenant | 🔧 Development mode: Using 'demo' studio for localhost
2025-12-02 13:11:30 | INFO | app.middleware.tenant | ✅ Found demo studio for localhost: Demo Photography Studio
2025-12-02 13:11:30 | DEBUG | app.middleware.tenant | 📍 Request for studio: Demo Photography Studio (24cf1e21-d52c-4808-bb8a-bd382f52865b)
2025-12-02 13:11:30 | DEBUG | app.middleware.tenant | Detecting studio from host: localhost
2025-12-02 13:11:30 | INFO | app.middleware.tenant | 🔧 Development mode: Using 'demo' studio for localhost
2025-12-02 13:11:30 | INFO | app.middleware.tenant | ✅ Found demo studio for localhost: Demo Photography Studio
2025-12-02 13:11:30 | DEBUG | app.middleware.tenant | 📍 Request for studio: Demo Photography Studio (24cf1e21-d52c-4808-bb8a-bd382f52865b)
2025-12-02 13:11:30 | DEBUG | app.db.session | Database session opened
2025-12-02 13:11:30 | INFO | uvicorn.access | 127.0.0.1:49991 - "GET /api/projects HTTP/1.1" 307
2025-12-02 13:11:30 | INFO | app.core.dependencies | Auth check - Cookie: False, Header: True
2025-12-02 13:11:30 | INFO | app.core.dependencies | Using token from Authorization header
2025-12-02 13:11:30 | DEBUG | app.core.dependencies | Resolving current user for request
2025-12-02 13:11:30 | DEBUG | app.middleware.tenant | Detecting studio from host: localhost
2025-12-02 13:11:30 | INFO | app.middleware.tenant | 🔧 Development mode: Using 'demo' studio for localhost
2025-12-02 13:11:30 | DEBUG | app.core.dependencies | Current user resolved
2025-12-02 13:11:30 | INFO | app.middleware.tenant | ✅ Found demo studio for localhost: Demo Photography Studio
2025-12-02 13:11:30 | DEBUG | app.middleware.tenant | 📍 Request for studio: Demo Photography Studio (24cf1e21-d52c-4808-bb8a-bd382f52865b)
2025-12-02 13:11:30 | DEBUG | app.db.session | Database session opened
2025-12-02 13:11:30 | INFO | uvicorn.access | 127.0.0.1:49999 - "GET /v2/data-rights/consent HTTP/1.1" 200
2025-12-02 13:11:30 | INFO | app.core.dependencies | Auth check - Cookie: False, Header: True
2025-12-02 13:11:30 | INFO | app.core.dependencies | Using token from Authorization header
2025-12-02 13:11:30 | DEBUG | app.core.dependencies | Resolving current user for request
2025-12-02 13:11:30 | DEBUG | app.db.session | Database session committed
2025-12-02 13:11:30 | DEBUG | app.db.session | Database session closed
2025-12-02 13:11:30 | DEBUG | app.middleware.tenant | Detecting studio from host: localhost
2025-12-02 13:11:30 | DEBUG | app.core.dependencies | Current user resolved
2025-12-02 13:11:30 | INFO | app.middleware.tenant | 🔧 Development mode: Using 'demo' studio for localhost
2025-12-02 13:11:30 | INFO | app.middleware.tenant | ✅ Found demo studio for localhost: Demo Photography Studio
2025-12-02 13:11:30 | DEBUG | app.middleware.tenant | 📍 Request for studio: Demo Photography Studio (24cf1e21-d52c-4808-bb8a-bd382f52865b)
2025-12-02 13:11:30 | DEBUG | app.db.session | Database session opened
2025-12-02 13:11:30 | DEBUG | app.api.v1.projects | [COVER DEBUG] list_projects endpoint called!
2025-12-02 13:11:30 | DEBUG | app.api.v1.projects | [COVER DEBUG] User: studio@admin.com, Role: UserRole.STUDIO_OWNER
2025-12-02 13:11:30 | INFO | app.core.dependencies | Auth check - Cookie: False, Header: True
2025-12-02 13:11:30 | DEBUG | app.api.v1.projects | Listing projects
2025-12-02 13:11:30 | INFO | app.core.dependencies | Using token from Authorization header
2025-12-02 13:11:30 | DEBUG | app.api.v1.projects | [COVER DEBUG] Executing query with joinedload for cover_photo relationship
2025-12-02 13:11:30 | DEBUG | app.core.dependencies | Resolving current user for request
2025-12-02 13:11:30 | DEBUG | app.core.dependencies | Current user resolved
2025-12-02 13:11:30 | INFO | uvicorn.access | 127.0.0.1:49999 - "GET /v2/data-rights/consent HTTP/1.1" 200
2025-12-02 13:11:30 | DEBUG | app.db.session | Database session committed
2025-12-02 13:11:30 | DEBUG | app.db.session | Database session closed
2025-12-02 13:11:30 | DEBUG | app.api.v1.projects | [COVER DEBUG] Project 109 (Night) - Has cover_photo, src: /uploads/projects/109/originals/20251130_171525_yaC4Dk4C_IMG_7057_(1).jpg
2025-12-02 13:11:30 | DEBUG | app.api.v1.projects | [COVER DEBUG] Project 109 response dict: cover_photo_src=/uploads/projects/109/originals/20251130_171525_yaC4Dk4C_IMG_7057_(1).jpg
2025-12-02 13:11:30 | DEBUG | app.api.v1.projects | [COVER DEBUG] Project 108 (Dummy) - Has cover_photo, src: /uploads/projects/108/originals/20251130_171401_WymiOYWz_IMG_7057_(1).jpg
2025-12-02 13:11:30 | DEBUG | app.api.v1.projects | [COVER DEBUG] Project 108 response dict: cover_photo_src=/uploads/projects/108/originals/20251130_171401_WymiOYWz_IMG_7057_(1).jpg
2025-12-02 13:11:30 | DEBUG | app.api.v1.projects | [COVER DEBUG] Project 107 (Dummy) - Has cover_photo, src: /uploads/projects/107/originals/20251130_171046_eLv6xvAC_IMG_0070.jpg
2025-12-02 13:11:30 | DEBUG | app.api.v1.projects | [COVER DEBUG] Project 107 response dict: cover_photo_src=/uploads/projects/107/originals/20251130_171046_eLv6xvAC_IMG_0070.jpg
2025-12-02 13:11:30 | DEBUG | app.api.v1.projects | [COVER DEBUG] Project 104 (Naga dharani) - Has cover_photo, src: /uploads/projects/104/originals/20251130_170257_chVZgnmm_IMG_2986.jpg
2025-12-02 13:11:30 | DEBUG | app.api.v1.projects | [COVER DEBUG] Project 104 response dict: cover_photo_src=/uploads/projects/104/originals/20251130_170257_chVZgnmm_IMG_2986.jpg
2025-12-02 13:11:30 | DEBUG | app.api.v1.projects | [COVER DEBUG] Project 103 (Dharani) - Has cover_photo, src: /uploads/projects/103/originals/20251130_165820_AXK0AhXl_IMG_2986.jpg
2025-12-02 13:11:30 | DEBUG | app.api.v1.projects | [COVER DEBUG] Project 103 response dict: cover_photo_src=/uploads/projects/103/originals/20251130_165820_AXK0AhXl_IMG_2986.jpg
2025-12-02 13:11:30 | DEBUG | app.api.v1.projects | [COVER DEBUG] Project 102 (Test Upload failed photos) - Has cover_photo, src: /uploads/projects/102/originals/20251130_165308_Exhjuw-A_IMG_0039.jpg
2025-12-02 13:11:30 | DEBUG | app.api.v1.projects | [COVER DEBUG] Project 102 response dict: cover_photo_src=/uploads/projects/102/originals/20251130_165308_Exhjuw-A_IMG_0039.jpg
2025-12-02 13:11:30 | DEBUG | app.api.v1.projects | [COVER DEBUG] Project 101 (Test Upload) - Has cover_photo, src: /uploads/projects/101/originals/20251130_165229_WTxfVJvQ_IMG_7057_(1).jpg
2025-12-02 13:11:30 | DEBUG | app.api.v1.projects | [COVER DEBUG] Project 101 response dict: cover_photo_src=/uploads/projects/101/originals/20251130_165229_WTxfVJvQ_IMG_7057_(1).jpg
2025-12-02 13:11:30 | DEBUG | app.api.v1.projects | [COVER DEBUG] Project 100 (New Test from firefox) - Has cover_photo, src: /uploads/projects/100/originals/20251130_163746_zfAJvbRW_IMG_7057_(1).jpg
2025-12-02 13:11:30 | DEBUG | app.api.v1.projects | [COVER DEBUG] Project 100 response dict: cover_photo_src=/uploads/projects/100/originals/20251130_163746_zfAJvbRW_IMG_7057_(1).jpg
2025-12-02 13:11:30 | DEBUG | app.api.v1.projects | [COVER DEBUG] Project 99 (Test2) - Has cover_photo, src: /uploads/projects/99/originals/20251130_154210_YZU5y4Dp_IMG_7057_(1).jpg
2025-12-02 13:11:30 | DEBUG | app.api.v1.projects | [COVER DEBUG] Project 99 response dict: cover_photo_src=/uploads/projects/99/originals/20251130_154210_YZU5y4Dp_IMG_7057_(1).jpg
2025-12-02 13:11:30 | DEBUG | app.api.v1.projects | [COVER DEBUG] Project 98 (New ttes) - Has cover_photo, src: /uploads/projects/98/originals/20251130_154107_TniYX2An_IMG_7057_(1).jpg
2025-12-02 13:11:30 | DEBUG | app.api.v1.projects | [COVER DEBUG] Project 98 response dict: cover_photo_src=/uploads/projects/98/originals/20251130_154107_TniYX2An_IMG_7057_(1).jpg
2025-12-02 13:11:30 | DEBUG | app.api.v1.projects | [COVER DEBUG] Project 97 (Hari Wedding) - Has cover_photo, src: /uploads/projects/97/originals/20251130_153440_zIoAkX95_IMG_0070.jpg
2025-12-02 13:11:30 | DEBUG | app.api.v1.projects | [COVER DEBUG] Project 97 response dict: cover_photo_src=/uploads/projects/97/originals/20251130_153440_zIoAkX95_IMG_0070.jpg
2025-12-02 13:11:30 | DEBUG | app.api.v1.projects | [COVER DEBUG] Project 96 (VIGNESH Wedding) - Has cover_photo, src: /uploads/projects/96/originals/20251130_152636_DHSwkYXh_IMG_7057_(1).jpg
2025-12-02 13:11:30 | DEBUG | app.api.v1.projects | [COVER DEBUG] Project 96 response dict: cover_photo_src=/uploads/projects/96/originals/20251130_152636_DHSwkYXh_IMG_7057_(1).jpg
2025-12-02 13:11:30 | DEBUG | app.api.v1.projects | [COVER DEBUG] Project 95 (NAGARAJ & DHARANI'S Wedding) - Has cover_photo, src: /uploads/projects/95/originals/20251130_151910_aq6CWm7w_IMG_2986.jpg
2025-12-02 13:11:30 | DEBUG | app.api.v1.projects | [COVER DEBUG] Project 95 response dict: cover_photo_src=/uploads/projects/95/originals/20251130_151910_aq6CWm7w_IMG_2986.jpg
2025-12-02 13:11:30 | DEBUG | app.api.v1.projects | [COVER DEBUG] Project 94 (nap) - Has cover_photo, src: /uploads/projects/94/originals/20251129_170823_dmKTI-pb_IMG_0014.jpg
2025-12-02 13:11:30 | DEBUG | app.api.v1.projects | [COVER DEBUG] Project 94 response dict: cover_photo_src=/uploads/projects/94/originals/20251129_170823_dmKTI-pb_IMG_0014.jpg
2025-12-02 13:11:30 | DEBUG | app.api.v1.projects | [COVER DEBUG] Project 93 (test) - Has cover_photo, src: /uploads/projects/93/originals/20251129_162004_xVxhjty9_IMG_0070.jpg
2025-12-02 13:11:30 | DEBUG | app.api.v1.projects | [COVER DEBUG] Project 93 response dict: cover_photo_src=/uploads/projects/93/originals/20251129_162004_xVxhjty9_IMG_0070.jpg
2025-12-02 13:11:30 | DEBUG | app.api.v1.projects | [COVER DEBUG] Project 92 (Samantha) - Has cover_photo, src: /uploads/projects/92/originals/20251129_101719_lEDjUdN1_IMG_0006.jpg
2025-12-02 13:11:30 | DEBUG | app.api.v1.projects | [COVER DEBUG] Project 92 response dict: cover_photo_src=/uploads/projects/92/originals/20251129_101719_lEDjUdN1_IMG_0006.jpg
2025-12-02 13:11:30 | DEBUG | app.api.v1.projects | [COVER DEBUG] Project 91 (New one 1) - Has cover_photo, src: /uploads/projects/91/originals/20251129_101246_rYu4Rpke_IMG_2986.jpg
2025-12-02 13:11:30 | DEBUG | app.api.v1.projects | [COVER DEBUG] Project 91 response dict: cover_photo_src=/uploads/projects/91/originals/20251129_101246_rYu4Rpke_IMG_2986.jpg
2025-12-02 13:11:30 | DEBUG | app.api.v1.projects | [COVER DEBUG] Project 90 (value) - Has cover_photo, src: /uploads/projects/90/originals/20251129_100855_e-7c2u4d_IMG_0014.jpg
2025-12-02 13:11:30 | DEBUG | app.api.v1.projects | [COVER DEBUG] Project 90 response dict: cover_photo_src=/uploads/projects/90/originals/20251129_100855_e-7c2u4d_IMG_0014.jpg
2025-12-02 13:11:30 | DEBUG | app.api.v1.projects | [COVER DEBUG] Project 89 (andrew) - Has cover_photo, src: /uploads/projects/89/originals/20251129_100223_O93KH8Fk_IMG_0012.jpg
2025-12-02 13:11:30 | DEBUG | app.api.v1.projects | [COVER DEBUG] Project 89 response dict: cover_photo_src=/uploads/projects/89/originals/20251129_100223_O93KH8Fk_IMG_0012.jpg
2025-12-02 13:11:30 | DEBUG | app.api.v1.projects | [COVER DEBUG] Project 88 (New One) - Has cover_photo, src: /uploads/projects/88/originals/20251129_072758_U3l0aVfZ_IMG_0014.jpg
2025-12-02 13:11:30 | DEBUG | app.api.v1.projects | [COVER DEBUG] Project 88 response dict: cover_photo_src=/uploads/projects/88/originals/20251129_072758_U3l0aVfZ_IMG_0014.jpg
2025-12-02 13:11:30 | DEBUG | app.api.v1.projects | [COVER DEBUG] Project 87 (WIN2) - Has cover_photo, src: /uploads/projects/87/originals/20251129_053242_oTk7_6Nm_IMG_0070.jpg
2025-12-02 13:11:30 | DEBUG | app.api.v1.projects | [COVER DEBUG] Project 87 response dict: cover_photo_src=/uploads/projects/87/originals/20251129_053242_oTk7_6Nm_IMG_0070.jpg
2025-12-02 13:11:30 | DEBUG | app.api.v1.projects | [COVER DEBUG] Project 86 (WIN) - Has cover_photo, src: /uploads/projects/86/originals/20251129_053117_VE7DRGI1_IMG_0028.jpg
2025-12-02 13:11:30 | DEBUG | app.api.v1.projects | [COVER DEBUG] Project 86 response dict: cover_photo_src=/uploads/projects/86/originals/20251129_053117_VE7DRGI1_IMG_0028.jpg
2025-12-02 13:11:30 | DEBUG | app.api.v1.projects | [COVER DEBUG] Project 84 (win2) - Has cover_photo, src: /uploads/projects/84/originals/20251129_052726_W0MIBfvg_IMG_0070.jpg
2025-12-02 13:11:30 | DEBUG | app.api.v1.projects | [COVER DEBUG] Project 84 response dict: cover_photo_src=/uploads/projects/84/originals/20251129_052726_W0MIBfvg_IMG_0070.jpg
2025-12-02 13:11:30 | DEBUG | app.api.v1.projects | [COVER DEBUG] Project 82 (New) - Has cover_photo, src: /uploads/projects/82/originals/20251129_052148_d-CSxkiZ_IMG_7057_(1).jpg
2025-12-02 13:11:30 | DEBUG | app.api.v1.projects | [COVER DEBUG] Project 82 response dict: cover_photo_src=/uploads/projects/82/originals/20251129_052148_d-CSxkiZ_IMG_7057_(1).jpg
2025-12-02 13:11:30 | DEBUG | app.api.v1.projects | [COVER DEBUG] Project 81 (naga) - Has cover_photo, src: /uploads/projects/81/originals/20251129_052117_9t3HJEOH_IMG_0014.jpg
2025-12-02 13:11:30 | DEBUG | app.api.v1.projects | [COVER DEBUG] Project 81 response dict: cover_photo_src=/uploads/projects/81/originals/20251129_052117_9t3HJEOH_IMG_0014.jpg
2025-12-02 13:11:30 | DEBUG | app.api.v1.projects | [COVER DEBUG] Project 6 (Samantha) - Has cover_photo, src: /uploads/projects/6/originals/20251127_125857_L9KDGGwK_IMG_0070.jpg
2025-12-02 13:11:30 | DEBUG | app.api.v1.projects | [COVER DEBUG] Project 6 response dict: cover_photo_src=/uploads/projects/6/originals/20251127_125857_L9KDGGwK_IMG_0070.jpg
2025-12-02 13:11:30 | DEBUG | app.api.v1.projects | 
[COVER DEBUG] Returning 26 projects
2025-12-02 13:11:30 | DEBUG | app.api.v1.projects | [COVER DEBUG] Sample response: {'id': '109', 'studio_id': '24cf1e21-d52c-4808-bb8a-bd382f52865b', 'client_id': '5', 'title': 'Night', 'shoot_date': '2025-11-14', 'cover_photo_id': 5212, 'cover_photo_src': '/uploads/projects/109/originals/20251130_171525_yaC4Dk4C_IMG_7057_(1).jpg', 'photo_count': 1, 'is_locked': False, 'layout': 'layout1', 'payment_status': None, 'price': None, 'package_id': '904a443e-a5d3-48f3-b240-fd11618c7b3a', 'status': 'draft', 'has_folders': True, 'total_comments': 0, 'created_at': '2025-11-30T17:15:24.572607', 'updated_at': '2025-11-30T17:15:31.691808'}
2025-12-02 13:11:30 | INFO | app.api.v1.projects | Returned 26 complete projects
2025-12-02 13:11:30 | INFO | uvicorn.access | 127.0.0.1:49991 - "GET /api/projects/ HTTP/1.1" 200
2025-12-02 13:11:30 | DEBUG | app.db.session | Database session committed
2025-12-02 13:11:30 | DEBUG | app.db.session | Database session closed
2025-12-02 13:11:30 | DEBUG | app.middleware.tenant | Detecting studio from host: localhost
2025-12-02 13:11:30 | INFO | app.middleware.tenant | 🔧 Development mode: Using 'demo' studio for localhost
2025-12-02 13:11:30 | INFO | app.middleware.tenant | ✅ Found demo studio for localhost: Demo Photography Studio
2025-12-02 13:11:30 | DEBUG | app.middleware.tenant | 📍 Request for studio: Demo Photography Studio (24cf1e21-d52c-4808-bb8a-bd382f52865b)
2025-12-02 13:11:30 | INFO | uvicorn.access | 127.0.0.1:49991 - "GET /v2/clients HTTP/1.1" 307
2025-12-02 13:11:30 | DEBUG | app.middleware.tenant | Detecting studio from host: localhost
2025-12-02 13:11:30 | INFO | app.middleware.tenant | 🔧 Development mode: Using 'demo' studio for localhost
2025-12-02 13:11:30 | INFO | app.middleware.tenant | ✅ Found demo studio for localhost: Demo Photography Studio
2025-12-02 13:11:30 | DEBUG | app.middleware.tenant | 📍 Request for studio: Demo Photography Studio (24cf1e21-d52c-4808-bb8a-bd382f52865b)
2025-12-02 13:11:30 | DEBUG | app.db.session | Database session opened
2025-12-02 13:11:30 | INFO | app.core.dependencies | Auth check - Cookie: False, Header: True
2025-12-02 13:11:30 | INFO | app.core.dependencies | Using token from Authorization header
2025-12-02 13:11:30 | DEBUG | app.core.dependencies | Resolving current user for request
2025-12-02 13:11:30 | DEBUG | app.core.dependencies | Current user resolved
2025-12-02 13:11:30 | DEBUG | app.routers.clients | [CLIENTS DEBUG] list_clients endpoint called
2025-12-02 13:11:30 | DEBUG | app.routers.clients | [CLIENTS DEBUG] Client 7 (Nagaraj Seenivasan): 4 projects
2025-12-02 13:11:30 | DEBUG | app.routers.clients | [CLIENTS DEBUG] Client 6 (James Brown): 4 projects
2025-12-02 13:11:30 | DEBUG | app.routers.clients | [CLIENTS DEBUG] Client 5 (Emma Davis): 11 projects
2025-12-02 13:11:30 | DEBUG | app.routers.clients | [CLIENTS DEBUG] Client 4 (Mike Williams): 2 projects
2025-12-02 13:11:30 | DEBUG | app.routers.clients | [CLIENTS DEBUG] Client 3 (Sarah Johnson): 4 projects
2025-12-02 13:11:30 | DEBUG | app.routers.clients | [CLIENTS DEBUG] Client 2 (John Smith): 1 projects
2025-12-02 13:11:30 | DEBUG | app.routers.clients | [CLIENTS DEBUG] Client 1 (Emily James): 0 projects
2025-12-02 13:11:30 | DEBUG | app.routers.clients | [CLIENTS DEBUG] Returning 7 clients with project counts

2025-12-02 13:11:30 | INFO | uvicorn.access | 127.0.0.1:49991 - "GET /v2/clients/ HTTP/1.1" 200
2025-12-02 13:11:30 | DEBUG | app.db.session | Database session committed
2025-12-02 13:11:30 | DEBUG | app.db.session | Database session closed
2025-12-02 13:11:30 | DEBUG | app.middleware.tenant | Detecting studio from host: localhost
2025-12-02 13:11:30 | INFO | app.middleware.tenant | 🔧 Development mode: Using 'demo' studio for localhost
2025-12-02 13:11:30 | INFO | app.middleware.tenant | ✅ Found demo studio for localhost: Demo Photography Studio
2025-12-02 13:11:30 | DEBUG | app.middleware.tenant | 📍 Request for studio: Demo Photography Studio (24cf1e21-d52c-4808-bb8a-bd382f52865b)
2025-12-02 13:11:30 | INFO | uvicorn.access | 127.0.0.1:49991 - "GET /v2/packages HTTP/1.1" 307
2025-12-02 13:11:30 | DEBUG | app.middleware.tenant | Detecting studio from host: localhost
2025-12-02 13:11:30 | INFO | app.middleware.tenant | 🔧 Development mode: Using 'demo' studio for localhost
2025-12-02 13:11:30 | INFO | app.middleware.tenant | ✅ Found demo studio for localhost: Demo Photography Studio
2025-12-02 13:11:30 | DEBUG | app.middleware.tenant | 📍 Request for studio: Demo Photography Studio (24cf1e21-d52c-4808-bb8a-bd382f52865b)
2025-12-02 13:11:30 | DEBUG | app.db.session | Database session opened
2025-12-02 13:11:30 | INFO | app.core.dependencies | Auth check - Cookie: False, Header: True
2025-12-02 13:11:30 | INFO | app.core.dependencies | Using token from Authorization header
2025-12-02 13:11:30 | DEBUG | app.core.dependencies | Resolving current user for request
2025-12-02 13:11:30 | DEBUG | app.core.dependencies | Current user resolved
2025-12-02 13:11:30 | INFO | uvicorn.access | 127.0.0.1:49991 - "GET /v2/packages/ HTTP/1.1" 200
2025-12-02 13:11:30 | DEBUG | app.db.session | Database session committed
2025-12-02 13:11:30 | DEBUG | app.db.session | Database session closed
2025-12-02 13:11:30 | DEBUG | app.middleware.tenant | Detecting studio from host: localhost
2025-12-02 13:11:30 | INFO | app.middleware.tenant | 🔧 Development mode: Using 'demo' studio for localhost
2025-12-02 13:11:30 | INFO | app.middleware.tenant | ✅ Found demo studio for localhost: Demo Photography Studio
2025-12-02 13:11:30 | DEBUG | app.middleware.tenant | 📍 Request for studio: Demo Photography Studio (24cf1e21-d52c-4808-bb8a-bd382f52865b)
2025-12-02 13:11:30 | INFO | uvicorn.access | 127.0.0.1:49991 - "GET /v2/invoices HTTP/1.1" 307
2025-12-02 13:11:30 | DEBUG | app.middleware.tenant | Detecting studio from host: localhost
2025-12-02 13:11:30 | INFO | app.middleware.tenant | 🔧 Development mode: Using 'demo' studio for localhost
2025-12-02 13:11:30 | INFO | app.middleware.tenant | ✅ Found demo studio for localhost: Demo Photography Studio
2025-12-02 13:11:30 | DEBUG | app.middleware.tenant | 📍 Request for studio: Demo Photography Studio (24cf1e21-d52c-4808-bb8a-bd382f52865b)
2025-12-02 13:11:30 | DEBUG | app.db.session | Database session opened
2025-12-02 13:11:30 | INFO | app.core.dependencies | Auth check - Cookie: False, Header: True
2025-12-02 13:11:30 | INFO | app.core.dependencies | Using token from Authorization header
2025-12-02 13:11:30 | DEBUG | app.core.dependencies | Resolving current user for request
2025-12-02 13:11:30 | DEBUG | app.core.dependencies | Current user resolved
2025-12-02 13:11:30 | INFO | uvicorn.access | 127.0.0.1:49991 - "GET /v2/invoices/ HTTP/1.1" 200
2025-12-02 13:11:30 | DEBUG | app.db.session | Database session committed
2025-12-02 13:11:30 | DEBUG | app.db.session | Database session closed
2025-12-02 13:21:23 | DEBUG | app.middleware.tenant | Skipping tenant detection for path: /api/auth/client/login
2025-12-02 13:21:23 | DEBUG | app.db.session | Database session opened
2025-12-02 13:21:23 | ERROR | app.db.session | Database session rolled back due to exception
Traceback (most recent call last):
  File "/Users/ns632@apac.comcast.com/Documents/v0_photo_proof/photo_proof_api/app/db/session.py", line 54, in get_db
    yield db
  File "/Users/ns632@apac.comcast.com/Documents/v0_photo_proof/photo_proof_api/venv/lib/python3.13/site-packages/fastapi/concurrency.py", line 27, in contextmanager_in_threadpool
    yield await run_in_threadpool(cm.__enter__)
  File "/Users/ns632@apac.comcast.com/Documents/v0_photo_proof/photo_proof_api/venv/lib/python3.13/site-packages/fastapi/routing.py", line 109, in app
    response = await f(request)
               ^^^^^^^^^^^^^^^^
  File "/Users/ns632@apac.comcast.com/Documents/v0_photo_proof/photo_proof_api/venv/lib/python3.13/site-packages/fastapi/routing.py", line 428, in app
    raise validation_error
fastapi.exceptions.RequestValidationError: [{'type': 'string_too_short', 'loc': ('body', 'password'), 'msg': 'String should have at least 6 characters', 'input': '', 'ctx': {'min_length': 6}}]
2025-12-02 13:21:23 | DEBUG | app.db.session | Database session closed
2025-12-02 13:21:23 | INFO | uvicorn.access | 127.0.0.1:50397 - "POST /api/auth/client/login HTTP/1.1" 422
2025-12-02 13:21:31 | DEBUG | app.middleware.tenant | Skipping tenant detection for path: /api/auth/client/login
2025-12-02 13:21:31 | DEBUG | app.db.session | Database session opened
2025-12-02 13:21:32 | DEBUG | app.middleware.tenant | Detecting studio from host: test.photoapp.local
2025-12-02 13:21:35 | INFO | app.middleware.tenant | ✅ Found studio via custom domain: 255ce81f-a9aa-48eb-a8ee-13cbc6bc0656
2025-12-02 13:21:35 | DEBUG | app.middleware.tenant | 📍 Request for studio: Test Studio (255ce81f-a9aa-48eb-a8ee-13cbc6bc0656)
2025-12-02 13:21:35 | DEBUG | app.db.session | Database session opened
2025-12-02 13:21:35 | DEBUG | app.api.deps | Optional studio resolved: Test Studio (255ce81f-a9aa-48eb-a8ee-13cbc6bc0656)
2025-12-02 13:21:35 | DEBUG | app.services.cache_service | Cache EXPIRED: studio:theme:255ce81f-a9aa-48eb-a8ee-13cbc6bc0656
2025-12-02 13:21:35 | DEBUG | app.services.cache_service | Cache MISS: studio:theme:255ce81f-a9aa-48eb-a8ee-13cbc6bc0656
2025-12-02 13:21:35 | DEBUG | app.services.cache_service | Cache SET: studio:theme:255ce81f-a9aa-48eb-a8ee-13cbc6bc0656 (TTL: 1800s)
2025-12-02 13:21:35 | INFO | uvicorn.access | 127.0.0.1:50417 - "GET /api/studio/current HTTP/1.1" 200
2025-12-02 13:21:35 | INFO | uvicorn.access | 127.0.0.1:50408 - "POST /api/auth/client/login HTTP/1.1" 200
2025-12-02 13:21:35 | DEBUG | app.db.session | Database session committed
2025-12-02 13:21:35 | DEBUG | app.db.session | Database session committed
2025-12-02 13:21:35 | DEBUG | app.db.session | Database session closed
2025-12-02 13:21:35 | DEBUG | app.db.session | Database session closed
2025-12-02 13:21:35 | DEBUG | app.middleware.tenant | Detecting studio from host: localhost
2025-12-02 13:21:35 | INFO | app.middleware.tenant | 🔧 Development mode: Using 'demo' studio for localhost
2025-12-02 13:21:37 | INFO | app.middleware.tenant | ✅ Found demo studio for localhost: Demo Photography Studio
2025-12-02 13:21:37 | DEBUG | app.middleware.tenant | 📍 Request for studio: Demo Photography Studio (24cf1e21-d52c-4808-bb8a-bd382f52865b)
2025-12-02 13:21:37 | DEBUG | app.middleware.tenant | Detecting studio from host: localhost
2025-12-02 13:21:37 | DEBUG | app.db.session | Database session opened
2025-12-02 13:21:37 | INFO | app.middleware.tenant | 🔧 Development mode: Using 'demo' studio for localhost
2025-12-02 13:21:40 | INFO | app.middleware.tenant | ✅ Found demo studio for localhost: Demo Photography Studio
2025-12-02 13:21:40 | DEBUG | app.middleware.tenant | 📍 Request for studio: Demo Photography Studio (24cf1e21-d52c-4808-bb8a-bd382f52865b)
2025-12-02 13:21:40 | DEBUG | app.middleware.tenant | Detecting studio from host: localhost
2025-12-02 13:21:40 | INFO | app.middleware.tenant | 🔧 Development mode: Using 'demo' studio for localhost
2025-12-02 13:21:42 | INFO | app.middleware.tenant | ✅ Found demo studio for localhost: Demo Photography Studio
2025-12-02 13:21:42 | DEBUG | app.middleware.tenant | 📍 Request for studio: Demo Photography Studio (24cf1e21-d52c-4808-bb8a-bd382f52865b)
2025-12-02 13:21:42 | INFO | app.core.dependencies | Auth check - Cookie: False, Header: True
2025-12-02 13:21:42 | INFO | app.core.dependencies | Using token from Authorization header
2025-12-02 13:21:42 | DEBUG | app.core.dependencies | Resolving current user for request
2025-12-02 13:21:42 | INFO | uvicorn.access | 127.0.0.1:50408 - "GET /api/projects HTTP/1.1" 307
2025-12-02 13:21:42 | INFO | uvicorn.access | 127.0.0.1:50428 - "GET /api/projects HTTP/1.1" 307
2025-12-02 13:21:42 | ERROR | app.db.session | Database session rolled back due to exception
Traceback (most recent call last):
  File "/Users/ns632@apac.comcast.com/Documents/v0_photo_proof/photo_proof_api/app/db/session.py", line 54, in get_db
    yield db
  File "/Users/ns632@apac.comcast.com/Documents/v0_photo_proof/photo_proof_api/venv/lib/python3.13/site-packages/fastapi/concurrency.py", line 27, in contextmanager_in_threadpool
    yield await run_in_threadpool(cm.__enter__)
  File "/Users/ns632@apac.comcast.com/Documents/v0_photo_proof/photo_proof_api/venv/lib/python3.13/site-packages/fastapi/routing.py", line 109, in app
    response = await f(request)
               ^^^^^^^^^^^^^^^^
  File "/Users/ns632@apac.comcast.com/Documents/v0_photo_proof/photo_proof_api/venv/lib/python3.13/site-packages/fastapi/routing.py", line 377, in app
    solved_result = await solve_dependencies(
                    ^^^^^^^^^^^^^^^^^^^^^^^^^
    ...<6 lines>...
    )
    ^
  File "/Users/ns632@apac.comcast.com/Documents/v0_photo_proof/photo_proof_api/venv/lib/python3.13/site-packages/fastapi/dependencies/utils.py", line 648, in solve_dependencies
    solved = await run_in_threadpool(call, **solved_result.values)
             ^^^^^^^^^^^^^^^^^^^^^^^^^^^^^^^^^^^^^^^^^^^^^^^^^^^^^
  File "/Users/ns632@apac.comcast.com/Documents/v0_photo_proof/photo_proof_api/venv/lib/python3.13/site-packages/starlette/concurrency.py", line 38, in run_in_threadpool
    return await anyio.to_thread.run_sync(func)
           ^^^^^^^^^^^^^^^^^^^^^^^^^^^^^^^^^^^^
  File "/Users/ns632@apac.comcast.com/Documents/v0_photo_proof/photo_proof_api/venv/lib/python3.13/site-packages/anyio/to_thread.py", line 56, in run_sync
    return await get_async_backend().run_sync_in_worker_thread(
           ^^^^^^^^^^^^^^^^^^^^^^^^^^^^^^^^^^^^^^^^^^^^^^^^^^^^
        func, args, abandon_on_cancel=abandon_on_cancel, limiter=limiter
        ^^^^^^^^^^^^^^^^^^^^^^^^^^^^^^^^^^^^^^^^^^^^^^^^^^^^^^^^^^^^^^^^
    )
    ^
  File "/Users/ns632@apac.comcast.com/Documents/v0_photo_proof/photo_proof_api/venv/lib/python3.13/site-packages/anyio/_backends/_asyncio.py", line 2485, in run_sync_in_worker_thread
    return await future
           ^^^^^^^^^^^^
  File "/Users/ns632@apac.comcast.com/Documents/v0_photo_proof/photo_proof_api/venv/lib/python3.13/site-packages/anyio/_backends/_asyncio.py", line 976, in run
    result = context.run(func, *args)
  File "/Users/ns632@apac.comcast.com/Documents/v0_photo_proof/photo_proof_api/app/core/dependencies.py", line 101, in get_current_user
    raise HTTPException(
    ...<2 lines>...
    )
fastapi.exceptions.HTTPException: 401: Client ID not found in token
2025-12-02 13:21:42 | DEBUG | app.middleware.tenant | Detecting studio from host: localhost
2025-12-02 13:21:42 | DEBUG | app.db.session | Database session closed
2025-12-02 13:21:42 | INFO | app.middleware.tenant | 🔧 Development mode: Using 'demo' studio for localhost
2025-12-02 13:21:44 | INFO | app.middleware.tenant | ✅ Found demo studio for localhost: Demo Photography Studio
2025-12-02 13:21:44 | DEBUG | app.middleware.tenant | 📍 Request for studio: Demo Photography Studio (24cf1e21-d52c-4808-bb8a-bd382f52865b)
2025-12-02 13:21:46 | DEBUG | app.middleware.dynamic_cors | Loaded 8 custom domains from database
2025-12-02 13:21:46 | INFO | app.middleware.dynamic_cors | CORS cache refreshed: 32 custom domains
2025-12-02 13:21:46 | DEBUG | app.db.session | Database session opened
2025-12-02 13:21:46 | INFO | uvicorn.access | 127.0.0.1:50460 - "OPTIONS /v2/products HTTP/1.1" 200
2025-12-02 13:21:46 | INFO | uvicorn.access | 127.0.0.1:50463 - "OPTIONS /v2/contracts?limit=50 HTTP/1.1" 200
2025-12-02 13:21:46 | INFO | uvicorn.access | 127.0.0.1:50464 - "OPTIONS /v2/contracts?limit=50 HTTP/1.1" 200
2025-12-02 13:21:46 | INFO | uvicorn.access | 127.0.0.1:50426 - "GET /v2/data-rights/consent HTTP/1.1" 401
2025-12-02 13:21:46 | INFO | app.core.dependencies | Auth check - Cookie: False, Header: True
2025-12-02 13:21:46 | DEBUG | app.middleware.tenant | Detecting studio from host: localhost
2025-12-02 13:21:46 | INFO | app.core.dependencies | Using token from Authorization header
2025-12-02 13:21:46 | INFO | app.middleware.tenant | 🔧 Development mode: Using 'demo' studio for localhost
2025-12-02 13:21:46 | DEBUG | app.core.dependencies | Resolving current user for request
2025-12-02 13:21:49 | INFO | app.middleware.tenant | ✅ Found demo studio for localhost: Demo Photography Studio
2025-12-02 13:21:49 | DEBUG | app.middleware.tenant | 📍 Request for studio: Demo Photography Studio (24cf1e21-d52c-4808-bb8a-bd382f52865b)
2025-12-02 13:21:49 | DEBUG | app.middleware.tenant | Detecting studio from host: localhost
2025-12-02 13:21:49 | INFO | app.middleware.tenant | 🔧 Development mode: Using 'demo' studio for localhost
2025-12-02 13:21:51 | INFO | app.middleware.tenant | ✅ Found demo studio for localhost: Demo Photography Studio
2025-12-02 13:21:51 | DEBUG | app.middleware.tenant | 📍 Request for studio: Demo Photography Studio (24cf1e21-d52c-4808-bb8a-bd382f52865b)
2025-12-02 13:21:51 | DEBUG | app.middleware.tenant | Detecting studio from host: localhost
2025-12-02 13:21:51 | INFO | app.middleware.tenant | 🔧 Development mode: Using 'demo' studio for localhost
2025-12-02 13:21:51 | INFO | app.middleware.tenant | ✅ Found demo studio for localhost: Demo Photography Studio
2025-12-02 13:21:51 | DEBUG | app.middleware.tenant | 📍 Request for studio: Demo Photography Studio (24cf1e21-d52c-4808-bb8a-bd382f52865b)
2025-12-02 13:21:51 | ERROR | app.db.session | Database session rolled back due to exception
Traceback (most recent call last):
  File "/Users/ns632@apac.comcast.com/Documents/v0_photo_proof/photo_proof_api/app/db/session.py", line 54, in get_db
    yield db
  File "/Users/ns632@apac.comcast.com/Documents/v0_photo_proof/photo_proof_api/venv/lib/python3.13/site-packages/fastapi/concurrency.py", line 27, in contextmanager_in_threadpool
    yield await run_in_threadpool(cm.__enter__)
  File "/Users/ns632@apac.comcast.com/Documents/v0_photo_proof/photo_proof_api/venv/lib/python3.13/site-packages/fastapi/routing.py", line 109, in app
    response = await f(request)
               ^^^^^^^^^^^^^^^^
  File "/Users/ns632@apac.comcast.com/Documents/v0_photo_proof/photo_proof_api/venv/lib/python3.13/site-packages/fastapi/routing.py", line 377, in app
    solved_result = await solve_dependencies(
                    ^^^^^^^^^^^^^^^^^^^^^^^^^
    ...<6 lines>...
    )
    ^
  File "/Users/ns632@apac.comcast.com/Documents/v0_photo_proof/photo_proof_api/venv/lib/python3.13/site-packages/fastapi/dependencies/utils.py", line 648, in solve_dependencies
    solved = await run_in_threadpool(call, **solved_result.values)
             ^^^^^^^^^^^^^^^^^^^^^^^^^^^^^^^^^^^^^^^^^^^^^^^^^^^^^
  File "/Users/ns632@apac.comcast.com/Documents/v0_photo_proof/photo_proof_api/venv/lib/python3.13/site-packages/starlette/concurrency.py", line 38, in run_in_threadpool
    return await anyio.to_thread.run_sync(func)
           ^^^^^^^^^^^^^^^^^^^^^^^^^^^^^^^^^^^^
  File "/Users/ns632@apac.comcast.com/Documents/v0_photo_proof/photo_proof_api/venv/lib/python3.13/site-packages/anyio/to_thread.py", line 56, in run_sync
    return await get_async_backend().run_sync_in_worker_thread(
           ^^^^^^^^^^^^^^^^^^^^^^^^^^^^^^^^^^^^^^^^^^^^^^^^^^^^
        func, args, abandon_on_cancel=abandon_on_cancel, limiter=limiter
        ^^^^^^^^^^^^^^^^^^^^^^^^^^^^^^^^^^^^^^^^^^^^^^^^^^^^^^^^^^^^^^^^
    )
    ^
  File "/Users/ns632@apac.comcast.com/Documents/v0_photo_proof/photo_proof_api/venv/lib/python3.13/site-packages/anyio/_backends/_asyncio.py", line 2485, in run_sync_in_worker_thread
    return await future
           ^^^^^^^^^^^^
  File "/Users/ns632@apac.comcast.com/Documents/v0_photo_proof/photo_proof_api/venv/lib/python3.13/site-packages/anyio/_backends/_asyncio.py", line 976, in run
    result = context.run(func, *args)
  File "/Users/ns632@apac.comcast.com/Documents/v0_photo_proof/photo_proof_api/app/core/dependencies.py", line 101, in get_current_user
    raise HTTPException(
    ...<2 lines>...
    )
fastapi.exceptions.HTTPException: 401: Client ID not found in token
2025-12-02 13:21:51 | DEBUG | app.db.session | Database session closed
2025-12-02 13:21:51 | INFO | uvicorn.access | 127.0.0.1:50408 - "GET /v2/products HTTP/1.1" 307
2025-12-02 13:21:51 | INFO | uvicorn.access | 127.0.0.1:50460 - "GET /v2/contracts?limit=50 HTTP/1.1" 307
2025-12-02 13:21:51 | INFO | uvicorn.access | 127.0.0.1:50463 - "GET /v2/contracts?limit=50 HTTP/1.1" 307
2025-12-02 13:21:51 | INFO | uvicorn.access | 127.0.0.1:50428 - "GET /api/projects/ HTTP/1.1" 401
2025-12-02 13:21:51 | DEBUG | app.middleware.tenant | Detecting studio from host: localhost
2025-12-02 13:21:51 | INFO | app.middleware.tenant | 🔧 Development mode: Using 'demo' studio for localhost
2025-12-02 13:21:51 | INFO | app.middleware.tenant | ✅ Found demo studio for localhost: Demo Photography Studio
2025-12-02 13:21:51 | DEBUG | app.middleware.tenant | 📍 Request for studio: Demo Photography Studio (24cf1e21-d52c-4808-bb8a-bd382f52865b)
2025-12-02 13:21:51 | DEBUG | app.middleware.tenant | Detecting studio from host: localhost
2025-12-02 13:21:51 | INFO | app.middleware.tenant | 🔧 Development mode: Using 'demo' studio for localhost
2025-12-02 13:21:51 | INFO | app.middleware.tenant | ✅ Found demo studio for localhost: Demo Photography Studio
2025-12-02 13:21:51 | DEBUG | app.middleware.tenant | 📍 Request for studio: Demo Photography Studio (24cf1e21-d52c-4808-bb8a-bd382f52865b)
2025-12-02 13:21:51 | INFO | uvicorn.access | 127.0.0.1:50426 - "OPTIONS /v2/products/ HTTP/1.1" 200
2025-12-02 13:21:51 | INFO | uvicorn.access | 127.0.0.1:50464 - "OPTIONS /v2/contracts/?limit=50 HTTP/1.1" 200
2025-12-02 13:21:51 | INFO | uvicorn.access | 127.0.0.1:50460 - "OPTIONS /v2/contracts/?limit=50 HTTP/1.1" 200
2025-12-02 13:21:51 | DEBUG | app.db.session | Database session opened
2025-12-02 13:21:51 | INFO | uvicorn.access | 127.0.0.1:50428 - "GET /v2/products HTTP/1.1" 307
2025-12-02 13:21:51 | DEBUG | app.middleware.tenant | Skipping tenant detection for path: /api/auth/refresh
2025-12-02 13:21:51 | DEBUG | app.db.session | Database session opened
2025-12-02 13:21:51 | DEBUG | app.middleware.tenant | Detecting studio from host: localhost
2025-12-02 13:21:51 | INFO | app.core.dependencies | Auth check - Cookie: False, Header: True
2025-12-02 13:21:51 | INFO | app.middleware.tenant | 🔧 Development mode: Using 'demo' studio for localhost
2025-12-02 13:21:51 | INFO | app.core.dependencies | Using token from Authorization header
2025-12-02 13:21:51 | DEBUG | app.core.dependencies | Resolving current user for request
2025-12-02 13:21:51 | INFO | app.middleware.tenant | ✅ Found demo studio for localhost: Demo Photography Studio
2025-12-02 13:21:51 | DEBUG | app.middleware.tenant | 📍 Request for studio: Demo Photography Studio (24cf1e21-d52c-4808-bb8a-bd382f52865b)
2025-12-02 13:21:51 | DEBUG | app.middleware.tenant | Detecting studio from host: localhost
2025-12-02 13:21:51 | INFO | app.middleware.tenant | 🔧 Development mode: Using 'demo' studio for localhost
2025-12-02 13:21:51 | INFO | app.middleware.tenant | ✅ Found demo studio for localhost: Demo Photography Studio
2025-12-02 13:21:51 | DEBUG | app.middleware.tenant | 📍 Request for studio: Demo Photography Studio (24cf1e21-d52c-4808-bb8a-bd382f52865b)
2025-12-02 13:21:51 | DEBUG | app.middleware.tenant | Detecting studio from host: localhost
2025-12-02 13:21:51 | INFO | app.middleware.tenant | 🔧 Development mode: Using 'demo' studio for localhost
2025-12-02 13:21:51 | INFO | app.middleware.tenant | ✅ Found demo studio for localhost: Demo Photography Studio
2025-12-02 13:21:51 | DEBUG | app.middleware.tenant | 📍 Request for studio: Demo Photography Studio (24cf1e21-d52c-4808-bb8a-bd382f52865b)
2025-12-02 13:21:51 | DEBUG | app.db.session | Database session opened
2025-12-02 13:21:51 | DEBUG | app.db.session | Database session opened
2025-12-02 13:21:51 | DEBUG | app.db.session | Database session opened
2025-12-02 13:21:51 | ERROR | app.db.session | Database session rolled back due to exception
Traceback (most recent call last):
  File "/Users/ns632@apac.comcast.com/Documents/v0_photo_proof/photo_proof_api/app/db/session.py", line 54, in get_db
    yield db
  File "/Users/ns632@apac.comcast.com/Documents/v0_photo_proof/photo_proof_api/venv/lib/python3.13/site-packages/fastapi/concurrency.py", line 27, in contextmanager_in_threadpool
    yield await run_in_threadpool(cm.__enter__)
  File "/Users/ns632@apac.comcast.com/Documents/v0_photo_proof/photo_proof_api/venv/lib/python3.13/site-packages/fastapi/routing.py", line 109, in app
    response = await f(request)
               ^^^^^^^^^^^^^^^^
  File "/Users/ns632@apac.comcast.com/Documents/v0_photo_proof/photo_proof_api/venv/lib/python3.13/site-packages/fastapi/routing.py", line 377, in app
    solved_result = await solve_dependencies(
                    ^^^^^^^^^^^^^^^^^^^^^^^^^
    ...<6 lines>...
    )
    ^
  File "/Users/ns632@apac.comcast.com/Documents/v0_photo_proof/photo_proof_api/venv/lib/python3.13/site-packages/fastapi/dependencies/utils.py", line 648, in solve_dependencies
    solved = await run_in_threadpool(call, **solved_result.values)
             ^^^^^^^^^^^^^^^^^^^^^^^^^^^^^^^^^^^^^^^^^^^^^^^^^^^^^
  File "/Users/ns632@apac.comcast.com/Documents/v0_photo_proof/photo_proof_api/venv/lib/python3.13/site-packages/starlette/concurrency.py", line 38, in run_in_threadpool
    return await anyio.to_thread.run_sync(func)
           ^^^^^^^^^^^^^^^^^^^^^^^^^^^^^^^^^^^^
  File "/Users/ns632@apac.comcast.com/Documents/v0_photo_proof/photo_proof_api/venv/lib/python3.13/site-packages/anyio/to_thread.py", line 56, in run_sync
    return await get_async_backend().run_sync_in_worker_thread(
           ^^^^^^^^^^^^^^^^^^^^^^^^^^^^^^^^^^^^^^^^^^^^^^^^^^^^
        func, args, abandon_on_cancel=abandon_on_cancel, limiter=limiter
        ^^^^^^^^^^^^^^^^^^^^^^^^^^^^^^^^^^^^^^^^^^^^^^^^^^^^^^^^^^^^^^^^
    )
    ^
  File "/Users/ns632@apac.comcast.com/Documents/v0_photo_proof/photo_proof_api/venv/lib/python3.13/site-packages/anyio/_backends/_asyncio.py", line 2485, in run_sync_in_worker_thread
    return await future
           ^^^^^^^^^^^^
  File "/Users/ns632@apac.comcast.com/Documents/v0_photo_proof/photo_proof_api/venv/lib/python3.13/site-packages/anyio/_backends/_asyncio.py", line 976, in run
    result = context.run(func, *args)
  File "/Users/ns632@apac.comcast.com/Documents/v0_photo_proof/photo_proof_api/app/core/dependencies.py", line 101, in get_current_user
    raise HTTPException(
    ...<2 lines>...
    )
fastapi.exceptions.HTTPException: 401: Client ID not found in token
2025-12-02 13:21:51 | INFO | app.core.dependencies | Auth check - Cookie: False, Header: True
2025-12-02 13:21:51 | INFO | app.core.dependencies | Auth check - Cookie: False, Header: True
2025-12-02 13:21:51 | ERROR | app.db.session | Database session rolled back due to exception
Traceback (most recent call last):
  File "/Users/ns632@apac.comcast.com/Documents/v0_photo_proof/photo_proof_api/app/db/session.py", line 54, in get_db
    yield db
  File "/Users/ns632@apac.comcast.com/Documents/v0_photo_proof/photo_proof_api/venv/lib/python3.13/site-packages/fastapi/concurrency.py", line 27, in contextmanager_in_threadpool
    yield await run_in_threadpool(cm.__enter__)
  File "/Users/ns632@apac.comcast.com/Documents/v0_photo_proof/photo_proof_api/venv/lib/python3.13/site-packages/fastapi/routing.py", line 109, in app
    response = await f(request)
               ^^^^^^^^^^^^^^^^
  File "/Users/ns632@apac.comcast.com/Documents/v0_photo_proof/photo_proof_api/venv/lib/python3.13/site-packages/fastapi/routing.py", line 387, in app
    raw_response = await run_endpoint_function(
                   ^^^^^^^^^^^^^^^^^^^^^^^^^^^^
    ...<3 lines>...
    )
    ^
  File "/Users/ns632@apac.comcast.com/Documents/v0_photo_proof/photo_proof_api/venv/lib/python3.13/site-packages/fastapi/routing.py", line 290, in run_endpoint_function
    return await run_in_threadpool(dependant.call, **values)
           ^^^^^^^^^^^^^^^^^^^^^^^^^^^^^^^^^^^^^^^^^^^^^^^^^
  File "/Users/ns632@apac.comcast.com/Documents/v0_photo_proof/photo_proof_api/venv/lib/python3.13/site-packages/starlette/concurrency.py", line 38, in run_in_threadpool
    return await anyio.to_thread.run_sync(func)
           ^^^^^^^^^^^^^^^^^^^^^^^^^^^^^^^^^^^^
  File "/Users/ns632@apac.comcast.com/Documents/v0_photo_proof/photo_proof_api/venv/lib/python3.13/site-packages/anyio/to_thread.py", line 56, in run_sync
    return await get_async_backend().run_sync_in_worker_thread(
           ^^^^^^^^^^^^^^^^^^^^^^^^^^^^^^^^^^^^^^^^^^^^^^^^^^^^
        func, args, abandon_on_cancel=abandon_on_cancel, limiter=limiter
        ^^^^^^^^^^^^^^^^^^^^^^^^^^^^^^^^^^^^^^^^^^^^^^^^^^^^^^^^^^^^^^^^
    )
    ^
  File "/Users/ns632@apac.comcast.com/Documents/v0_photo_proof/photo_proof_api/venv/lib/python3.13/site-packages/anyio/_backends/_asyncio.py", line 2485, in run_sync_in_worker_thread
    return await future
           ^^^^^^^^^^^^
  File "/Users/ns632@apac.comcast.com/Documents/v0_photo_proof/photo_proof_api/venv/lib/python3.13/site-packages/anyio/_backends/_asyncio.py", line 976, in run
    result = context.run(func, *args)
  File "/Users/ns632@apac.comcast.com/Documents/v0_photo_proof/photo_proof_api/app/routers/auth.py", line 261, in refresh_token
    raise HTTPException(
    ...<2 lines>...
    )
fastapi.exceptions.HTTPException: 401: Refresh token not provided
2025-12-02 13:21:51 | DEBUG | app.db.session | Database session closed
2025-12-02 13:21:51 | INFO | app.core.dependencies | Using token from Authorization header
2025-12-02 13:21:51 | INFO | app.core.dependencies | Using token from Authorization header
2025-12-02 13:21:51 | DEBUG | app.db.session | Database session closed
2025-12-02 13:21:51 | DEBUG | app.core.dependencies | Resolving current user for request
2025-12-02 13:21:51 | DEBUG | app.core.dependencies | Resolving current user for request
2025-12-02 13:21:51 | ERROR | app.db.session | Database session rolled back due to exception
Traceback (most recent call last):
  File "/Users/ns632@apac.comcast.com/Documents/v0_photo_proof/photo_proof_api/app/db/session.py", line 54, in get_db
    yield db
  File "/Users/ns632@apac.comcast.com/Documents/v0_photo_proof/photo_proof_api/venv/lib/python3.13/site-packages/fastapi/concurrency.py", line 27, in contextmanager_in_threadpool
    yield await run_in_threadpool(cm.__enter__)
  File "/Users/ns632@apac.comcast.com/Documents/v0_photo_proof/photo_proof_api/venv/lib/python3.13/site-packages/fastapi/routing.py", line 109, in app
    response = await f(request)
               ^^^^^^^^^^^^^^^^
  File "/Users/ns632@apac.comcast.com/Documents/v0_photo_proof/photo_proof_api/venv/lib/python3.13/site-packages/fastapi/routing.py", line 377, in app
    solved_result = await solve_dependencies(
                    ^^^^^^^^^^^^^^^^^^^^^^^^^
    ...<6 lines>...
    )
    ^
  File "/Users/ns632@apac.comcast.com/Documents/v0_photo_proof/photo_proof_api/venv/lib/python3.13/site-packages/fastapi/dependencies/utils.py", line 648, in solve_dependencies
    solved = await run_in_threadpool(call, **solved_result.values)
             ^^^^^^^^^^^^^^^^^^^^^^^^^^^^^^^^^^^^^^^^^^^^^^^^^^^^^
  File "/Users/ns632@apac.comcast.com/Documents/v0_photo_proof/photo_proof_api/venv/lib/python3.13/site-packages/starlette/concurrency.py", line 38, in run_in_threadpool
    return await anyio.to_thread.run_sync(func)
           ^^^^^^^^^^^^^^^^^^^^^^^^^^^^^^^^^^^^
  File "/Users/ns632@apac.comcast.com/Documents/v0_photo_proof/photo_proof_api/venv/lib/python3.13/site-packages/anyio/to_thread.py", line 56, in run_sync
    return await get_async_backend().run_sync_in_worker_thread(
           ^^^^^^^^^^^^^^^^^^^^^^^^^^^^^^^^^^^^^^^^^^^^^^^^^^^^
        func, args, abandon_on_cancel=abandon_on_cancel, limiter=limiter
        ^^^^^^^^^^^^^^^^^^^^^^^^^^^^^^^^^^^^^^^^^^^^^^^^^^^^^^^^^^^^^^^^
    )
    ^
  File "/Users/ns632@apac.comcast.com/Documents/v0_photo_proof/photo_proof_api/venv/lib/python3.13/site-packages/anyio/_backends/_asyncio.py", line 2485, in run_sync_in_worker_thread
    return await future
           ^^^^^^^^^^^^
  File "/Users/ns632@apac.comcast.com/Documents/v0_photo_proof/photo_proof_api/venv/lib/python3.13/site-packages/anyio/_backends/_asyncio.py", line 976, in run
    result = context.run(func, *args)
  File "/Users/ns632@apac.comcast.com/Documents/v0_photo_proof/photo_proof_api/app/core/dependencies.py", line 101, in get_current_user
    raise HTTPException(
    ...<2 lines>...
    )
fastapi.exceptions.HTTPException: 401: Client ID not found in token
2025-12-02 13:21:51 | INFO | uvicorn.access | 127.0.0.1:50408 - "GET /api/projects/ HTTP/1.1" 401
2025-12-02 13:21:51 | ERROR | app.db.session | Database session rolled back due to exception
Traceback (most recent call last):
  File "/Users/ns632@apac.comcast.com/Documents/v0_photo_proof/photo_proof_api/app/db/session.py", line 54, in get_db
    yield db
  File "/Users/ns632@apac.comcast.com/Documents/v0_photo_proof/photo_proof_api/venv/lib/python3.13/site-packages/fastapi/concurrency.py", line 27, in contextmanager_in_threadpool
    yield await run_in_threadpool(cm.__enter__)
  File "/Users/ns632@apac.comcast.com/Documents/v0_photo_proof/photo_proof_api/venv/lib/python3.13/site-packages/fastapi/routing.py", line 109, in app
    response = await f(request)
               ^^^^^^^^^^^^^^^^
  File "/Users/ns632@apac.comcast.com/Documents/v0_photo_proof/photo_proof_api/venv/lib/python3.13/site-packages/fastapi/routing.py", line 377, in app
    solved_result = await solve_dependencies(
                    ^^^^^^^^^^^^^^^^^^^^^^^^^
    ...<6 lines>...
    )
    ^
  File "/Users/ns632@apac.comcast.com/Documents/v0_photo_proof/photo_proof_api/venv/lib/python3.13/site-packages/fastapi/dependencies/utils.py", line 648, in solve_dependencies
    solved = await run_in_threadpool(call, **solved_result.values)
             ^^^^^^^^^^^^^^^^^^^^^^^^^^^^^^^^^^^^^^^^^^^^^^^^^^^^^
  File "/Users/ns632@apac.comcast.com/Documents/v0_photo_proof/photo_proof_api/venv/lib/python3.13/site-packages/starlette/concurrency.py", line 38, in run_in_threadpool
    return await anyio.to_thread.run_sync(func)
           ^^^^^^^^^^^^^^^^^^^^^^^^^^^^^^^^^^^^
  File "/Users/ns632@apac.comcast.com/Documents/v0_photo_proof/photo_proof_api/venv/lib/python3.13/site-packages/anyio/to_thread.py", line 56, in run_sync
    return await get_async_backend().run_sync_in_worker_thread(
           ^^^^^^^^^^^^^^^^^^^^^^^^^^^^^^^^^^^^^^^^^^^^^^^^^^^^
        func, args, abandon_on_cancel=abandon_on_cancel, limiter=limiter
        ^^^^^^^^^^^^^^^^^^^^^^^^^^^^^^^^^^^^^^^^^^^^^^^^^^^^^^^^^^^^^^^^
    )
    ^
  File "/Users/ns632@apac.comcast.com/Documents/v0_photo_proof/photo_proof_api/venv/lib/python3.13/site-packages/anyio/_backends/_asyncio.py", line 2485, in run_sync_in_worker_thread
    return await future
           ^^^^^^^^^^^^
  File "/Users/ns632@apac.comcast.com/Documents/v0_photo_proof/photo_proof_api/venv/lib/python3.13/site-packages/anyio/_backends/_asyncio.py", line 976, in run
    result = context.run(func, *args)
  File "/Users/ns632@apac.comcast.com/Documents/v0_photo_proof/photo_proof_api/app/core/dependencies.py", line 101, in get_current_user
    raise HTTPException(
    ...<2 lines>...
    )
fastapi.exceptions.HTTPException: 401: Client ID not found in token
2025-12-02 13:21:51 | DEBUG | app.db.session | Database session closed
2025-12-02 13:21:51 | INFO | uvicorn.access | 127.0.0.1:50482 - "POST /api/auth/refresh HTTP/1.1" 401
2025-12-02 13:21:51 | DEBUG | app.db.session | Database session closed
2025-12-02 13:21:51 | INFO | uvicorn.access | 127.0.0.1:50463 - "GET /v2/contracts/?limit=50 HTTP/1.1" 401
2025-12-02 13:21:51 | INFO | uvicorn.access | 127.0.0.1:50426 - "GET /v2/contracts/?limit=50 HTTP/1.1" 401
2025-12-02 13:21:51 | INFO | uvicorn.access | 127.0.0.1:50483 - "GET /v2/products/ HTTP/1.1" 200
2025-12-02 13:21:51 | DEBUG | app.db.session | Database session committed
2025-12-02 13:21:51 | DEBUG | app.db.session | Database session closed
2025-12-02 13:21:51 | DEBUG | app.middleware.tenant | Detecting studio from host: localhost
2025-12-02 13:21:51 | INFO | app.middleware.tenant | 🔧 Development mode: Using 'demo' studio for localhost
2025-12-02 13:21:51 | INFO | app.middleware.tenant | ✅ Found demo studio for localhost: Demo Photography Studio
2025-12-02 13:21:51 | DEBUG | app.middleware.tenant | 📍 Request for studio: Demo Photography Studio (24cf1e21-d52c-4808-bb8a-bd382f52865b)
2025-12-02 13:21:51 | DEBUG | app.db.session | Database session opened
2025-12-02 13:21:51 | INFO | uvicorn.access | 127.0.0.1:50483 - "GET /v2/products/ HTTP/1.1" 200
2025-12-02 13:21:51 | DEBUG | app.db.session | Database session committed
2025-12-02 13:21:51 | DEBUG | app.db.session | Database session closed
2025-12-02 13:21:51 | DEBUG | app.middleware.tenant | Skipping tenant detection for path: /api/auth/logout
2025-12-02 13:21:51 | INFO | uvicorn.access | 127.0.0.1:50483 - "POST /api/auth/logout HTTP/1.1" 200
